#
# A fatal error has been detected by the Java Runtime Environment:
#
#  SIGSEGV (0xb) at pc=0x00007fffbb188be6, pid=3699578, tid=3699883
#
# JRE version: OpenJDK Runtime Environment (11.0.25+9) (build 11.0.25+9-post-Ubuntu-1ubuntu120.04)
# Java VM: OpenJDK 64-Bit Server VM (11.0.25+9-post-Ubuntu-1ubuntu120.04, mixed mode, sharing, tiered, compressed oops, g1 gc, linux-amd64)
# Problematic frame:
# C  [cached_code_6ED5B6DC20C0538DCDDD059D783FAB8A_0.so+0x151be6]  std::__detail::__variant::_Variant_storage<false, tsl::hopscotch_map<cmr::Tuple1<std::basic_string_view<char, std::char_traits<char> > >, cmr::Tuple1<std::optional<std::basic_string_view<char, std::char_traits<char> > > >, std::hash<cmr::Tuple1<std::basic_string_view<char, std::char_traits<char> > > >, std::equal_to<cmr::Tuple1<std::basic_string_view<char, std::char_traits<char> > > >, std::allocator<std::pair<cmr::Tuple1<std::basic_string_view<char, std::char_traits<char> > >, cmr::Tuple1<std::optional<std::basic_string_view<char, std::char_traits<char> > > > > >, 30u, true, tsl::hh::power_of_two_growth_policy<2ul> >, tsl::hopscotch_map<cmr::Tuple1<std::basic_string_view<char, std::char_traits<char> > >, std::vector<cmr::Tuple1<std::optional<std::basic_string_view<char, std::char_traits<char> > > >, std::allocator<cmr::Tuple1<std::optional<std::basic_string_view<char, std::char_traits<char> > > > > >, std::hash1<cmr::Tuple1<std::basic_string_view<char, std::char_traits<char> > > >, std::equal_to<cmr::Tuple1<std::basic_string_view<char, std::char_traits<char> > > >, std::allocator<std::pair<cmr::Tuple1<std::basic_string_view<char, std::char_traits<char> > >, std::vector<cmr::Tuple1<std::optional<std::basic_string_view<char, std::char_traits<char> > > >, std::allocator<cmr::Tuple1<std::optional<std::basic_string_view<char, std::char_traits<char> > > > > > > >, 30u, true, tsl::hh::power_of_two_growth_policy<2ul> > >::_M_valid() const+0x10
#
# Core dump will be written. Default location: /var/byrcore/core.3699578.%h.%t
#
# If you would like to submit a bug report, please visit:
#   https://bugs.launchpad.net/ubuntu/+source/openjdk-lts
# The crash happened outside the Java Virtual Machine in native code.
# See problematic frame for where to report the bug.
#

---------------  S U M M A R Y ------------

Command Line: -Xmx4g -XX:MaxMetaspaceSize=1300m -Djava.io.tmpdir=/home/byr/opt/spark/target/tmp -Dspark.test.home=/home/byr/opt/spark -Dspark.testing=1 -Dspark.port.maxRetries=100 -Dspark.master.rest.enabled=false -Dspark.memory.debugFill=true -Dspark.ui.enabled=false -Dspark.ui.showConsoleProgress=false -Dspark.unsafe.exceptionOnMemoryLeak=true -Dspark.hadoop.hadoop.security.key.provider.path=test:/// -Dsun.io.serialization.extendedDebugInfo=false -Dderby.system.durability=test -Dio.netty.tryReflectionSetAccessible=true -ea -Xmx4g -Xss4m -XX:MaxMetaspaceSize=1300m -XX:ReservedCodeCacheSize=128m -Dfile.encoding=UTF-8 -XX:+IgnoreUnrecognizedVMOptions --add-opens=java.base/java.lang=ALL-UNNAMED --add-opens=java.base/java.lang.invoke=ALL-UNNAMED --add-opens=java.base/java.lang.reflect=ALL-UNNAMED --add-opens=java.base/java.io=ALL-UNNAMED --add-opens=java.base/java.net=ALL-UNNAMED --add-opens=java.base/java.nio=ALL-UNNAMED --add-opens=java.base/java.util=ALL-UNNAMED --add-opens=java.base/java.util.concurrent=ALL-UNNAMED --add-opens=java.base/java.util.concurrent.atomic=ALL-UNNAMED --add-opens=java.base/jdk.internal.ref=ALL-UNNAMED --add-opens=java.base/sun.nio.ch=ALL-UNNAMED --add-opens=java.base/sun.nio.cs=ALL-UNNAMED --add-opens=java.base/sun.security.action=ALL-UNNAMED --add-opens=java.base/sun.util.calendar=ALL-UNNAMED -Djdk.reflect.useDirectMethodHandle=false sbt.ForkMain 34681

Host: Intel(R) Xeon(R) Platinum 8375C CPU @ 2.90GHz, 16 cores, 123G, Ubuntu 20.04.6 LTS
Time: Thu Jan  9 11:09:28 2025 CST elapsed time: 6.808511 seconds (0d 0h 0m 6s)

---------------  T H R E A D  ---------------

Current thread (0x00007fffbcc65000):  JavaThread "Executor task launch worker for task 0.0 in stage 1.0 (TID 2)" daemon [_thread_in_native, id=3699883, stack(0x00007fffa0951000,0x00007fffa0d52000)]

Stack: [0x00007fffa0951000,0x00007fffa0d52000],  sp=0x00007fffa0d4cc20,  free space=4079k
Native frames: (J=compiled Java code, A=aot compiled Java code, j=interpreted, Vv=VM code, C=native code)
C  [cached_code_6ED5B6DC20C0538DCDDD059D783FAB8A_0.so+0x151be6]  std::__detail::__variant::_Variant_storage<false, tsl::hopscotch_map<cmr::Tuple1<std::basic_string_view<char, std::char_traits<char> > >, cmr::Tuple1<std::optional<std::basic_string_view<char, std::char_traits<char> > > >, std::hash<cmr::Tuple1<std::basic_string_view<char, std::char_traits<char> > > >, std::equal_to<cmr::Tuple1<std::basic_string_view<char, std::char_traits<char> > > >, std::allocator<std::pair<cmr::Tuple1<std::basic_string_view<char, std::char_traits<char> > >, cmr::Tuple1<std::optional<std::basic_string_view<char, std::char_traits<char> > > > > >, 30u, true, tsl::hh::power_of_two_growth_policy<2ul> >, tsl::hopscotch_map<cmr::Tuple1<std::basic_string_view<char, std::char_traits<char> > >, std::vector<cmr::Tuple1<std::optional<std::basic_string_view<char, std::char_traits<char> > > >, std::allocator<cmr::Tuple1<std::optional<std::basic_string_view<char, std::char_traits<char> > > > > >, std::hash1<cmr::Tuple1<std::basic_string_view<char, std::char_traits<char> > > >, std::equal_to<cmr::Tuple1<std::basic_string_view<char, std::char_traits<char> > > >, std::allocator<std::pair<cmr::Tuple1<std::basic_string_view<char, std::char_traits<char> > >, std::vector<cmr::Tuple1<std::optional<std::basic_string_view<char, std::char_traits<char> > > >, std::allocator<cmr::Tuple1<std::optional<std::basic_string_view<char, std::char_traits<char> > > > > > > >, 30u, true, tsl::hh::power_of_two_growth_policy<2ul> > >::_M_valid() const+0x10
C  [cached_code_6ED5B6DC20C0538DCDDD059D783FAB8A_0.so+0x14f39e]  std::variant<tsl::hopscotch_map<cmr::Tuple1<std::basic_string_view<char, std::char_traits<char> > >, cmr::Tuple1<std::optional<std::basic_string_view<char, std::char_traits<char> > > >, std::hash<cmr::Tuple1<std::basic_string_view<char, std::char_traits<char> > > >, std::equal_to<cmr::Tuple1<std::basic_string_view<char, std::char_traits<char> > > >, std::allocator<std::pair<cmr::Tuple1<std::basic_string_view<char, std::char_traits<char> > >, cmr::Tuple1<std::optional<std::basic_string_view<char, std::char_traits<char> > > > > >, 30u, true, tsl::hh::power_of_two_growth_policy<2ul> >, tsl::hopscotch_map<cmr::Tuple1<std::basic_string_view<char, std::char_traits<char> > >, std::vector<cmr::Tuple1<std::optional<std::basic_string_view<char, std::char_traits<char> > > >, std::allocator<cmr::Tuple1<std::optional<std::basic_string_view<char, std::char_traits<char> > > > > >, std::hash1<cmr::Tuple1<std::basic_string_view<char, std::char_traits<char> > > >, std::equal_to<cmr::Tuple1<std::basic_string_view<char, std::char_traits<char> > > >, std::allocator<std::pair<cmr::Tuple1<std::basic_string_view<char, std::char_traits<char> > >, std::vector<cmr::Tuple1<std::optional<std::basic_string_view<char, std::char_traits<char> > > >, std::allocator<cmr::Tuple1<std::optional<std::basic_string_view<char, std::char_traits<char> > > > > > > >, 30u, true, tsl::hh::power_of_two_growth_policy<2ul> > >::valueless_by_exception() const+0x1c
C  [cached_code_6ED5B6DC20C0538DCDDD059D783FAB8A_0.so+0x126c3a]  _ZSt5visitIZZNK3cmr8internal28DoBroadcastNullAwareAntiJoinILNS0_3HowE5ENS0_6Tuple1ISt17basic_string_viewIcSt11char_traitsIcEEEEPKNS0_6Tuple2ISt8optionalIS8_EiEEbNS0_18GenericObjectArrayINS0_18SparkColumnarBatchISD_EEEENS0_26GenericObjectArrayProducerISI_SD_EENS4_ISC_EEXtlNS0_12RelationModeELi0ELl0ELl0EEEZ18chukonu_module_runEUlRKT_E_Z18chukonu_module_runEUlSQ_E0_St4hashIS9_EZ18chukonu_module_runEUlSQ_RKT0_E1_NS0_16CondOpAlwaysTrueEEclINS0_11MapConsumerISD_NS0_9Gen_UDF_1IS8_EEZNKS0_3sql11Union_UDF_2IiiNS0_11MapProducerINS0_6Tuple3ISC_iS8_EENS0_22MapPartitionsEProducerISJ_SD_SL_S10_EES14_EENS17_IS19_NS1A_ISJ_SD_SL_NS2_ILS3_5ES9_SF_bSJ_SL_SM_XtlSN_Li0ELl0ELl0EEEZ18chukonu_module_runEUlSQ_E2_Z18chukonu_module_runEUlSQ_E3_SU_Z18chukonu_module_runEUlSQ_SX_E4_SZ_EEEENS0_9Gen_UDF_2IS8_EEEESJ_SJ_EclIZZNS15_34BuildUntypedSparkColumnarBatchExecIS19_NS0_10ArcWrapperI12SerializableEENS0_15ClosureProducerIS1Q_S19_S1L_EEEENS0_13TypedOperatorI25UntypedSparkColumnarBatchNS0_15DefaultProducerIS1U_EEEENS1T_ISV_T1_EEENKUlSO_SV_E_clISt10shared_ptrIS1Q_ES1S_EEDaSO_SV_EUlRKS19_E_EEDaS23_SO_EUlSQ_E_EEEEDaS22_ISJ_ESL_SO_ENKUlRSE_E_clES2A_EUlSQ_E_JRKSt7variantIJN3tsl13hopscotch_mapIS9_SM_SU_St8equal_toIS9_ESaISt4pairIS9_SM_EELj30ELb1ENS2E_2hh26power_of_two_growth_policyILm2EEEEENS2F_IS9_St6vectorISM_SaISM_EESt5hash1IS9_ES2H_SaIS2I_IS9_S2R_EELj30ELb1ES2N_EEEEEENSt13invoke_resultISO_JDpDTcl3getILm0EEcl7declvalIT0_EEEEEE4typeEOSO_DpOS31_+0x1d
C  [cached_code_6ED5B6DC20C0538DCDDD059D783FAB8A_0.so+0x125f28]  _ZZNK3cmr8internal28DoBroadcastNullAwareAntiJoinILNS_3HowE5ENS_6Tuple1ISt17basic_string_viewIcSt11char_traitsIcEEEEPKNS_6Tuple2ISt8optionalIS7_EiEEbNS_18GenericObjectArrayINS_18SparkColumnarBatchISC_EEEENS_26GenericObjectArrayProducerISH_SC_EENS3_ISB_EEXtlNS_12RelationModeELi0ELl0ELl0EEEZ18chukonu_module_runEUlRKT_E_Z18chukonu_module_runEUlSP_E0_St4hashIS8_EZ18chukonu_module_runEUlSP_RKT0_E1_NS_16CondOpAlwaysTrueEEclINS_11MapConsumerISC_NS_9Gen_UDF_1IS7_EEZNKS_3sql11Union_UDF_2IiiNS_11MapProducerINS_6Tuple3ISB_iS7_EENS_22MapPartitionsEProducerISI_SC_SK_SZ_EES13_EENS16_IS18_NS19_ISI_SC_SK_NS1_ILS2_5ES8_SE_bSI_SK_SL_XtlSM_Li0ELl0ELl0EEEZ18chukonu_module_runEUlSP_E2_Z18chukonu_module_runEUlSP_E3_ST_Z18chukonu_module_runEUlSP_SW_E4_SY_EEEENS_9Gen_UDF_2IS7_EEEESI_SI_EclIZZNS14_34BuildUntypedSparkColumnarBatchExecIS18_NS_10ArcWrapperI12SerializableEENS_15ClosureProducerIS1P_S18_S1K_EEEENS_13TypedOperatorI25UntypedSparkColumnarBatchNS_15DefaultProducerIS1T_EEEENS1S_ISU_T1_EEENKUlSN_SU_E_clISt10shared_ptrIS1P_ES1R_EEDaSN_SU_EUlRKS18_E_EEDaS22_SN_EUlSP_E_EEEEDaS21_ISI_ESK_SN_ENKUlRSD_E_clES29_+0x9c
C  [cached_code_6ED5B6DC20C0538DCDDD059D783FAB8A_0.so+0x126d7d]  _ZNK3cmr26GenericObjectArrayProducerINS_18SparkColumnarBatchINS_6Tuple2ISt8optionalISt17basic_string_viewIcSt11char_traitsIcEEEiEEEES9_E7produceIZNKS_8internal28DoBroadcastNullAwareAntiJoinILNS_3HowE5ENS_6Tuple1IS7_EEPKS9_bNS_18GenericObjectArrayISA_EESB_NSG_IS8_EEXtlNS_12RelationModeELi0ELl0ELl0EEEZ18chukonu_module_runEUlRKT_E_Z18chukonu_module_runEUlSQ_E0_St4hashISH_EZ18chukonu_module_runEUlSQ_RKT0_E1_NS_16CondOpAlwaysTrueEEclINS_11MapConsumerIS9_NS_9Gen_UDF_1IS7_EEZNKS_3sql11Union_UDF_2IiiNS_11MapProducerINS_6Tuple3IS8_iS7_EENS_22MapPartitionsEProducerISL_S9_SB_S10_EES14_EENS17_IS19_NS1A_ISL_S9_SB_NSE_ILSF_5ESH_SJ_bSL_SB_SM_XtlSN_Li0ELl0ELl0EEEZ18chukonu_module_runEUlSQ_E2_Z18chukonu_module_runEUlSQ_E3_SU_Z18chukonu_module_runEUlSQ_SX_E4_SZ_EEEENS_9Gen_UDF_2IS7_EEEESL_SL_EclIZZNS15_34BuildUntypedSparkColumnarBatchExecIS19_NS_10ArcWrapperI12SerializableEENS_15ClosureProducerIS1Q_S19_S1L_EEEENS_13TypedOperatorI25UntypedSparkColumnarBatchNS_15DefaultProducerIS1U_EEEENS1T_ISV_T1_EEENKUlSO_SV_E_clISt10shared_ptrIS1Q_ES1S_EEDaSO_SV_EUlRKS19_E_EEDaS23_SO_EUlSQ_E_EEEEDaS22_ISL_ESB_SO_EUlRSI_E_EEvS29_SO_+0x105
C  [cached_code_6ED5B6DC20C0538DCDDD059D783FAB8A_0.so+0x125fc3]  _ZNK3cmr8internal28DoBroadcastNullAwareAntiJoinILNS_3HowE5ENS_6Tuple1ISt17basic_string_viewIcSt11char_traitsIcEEEEPKNS_6Tuple2ISt8optionalIS7_EiEEbNS_18GenericObjectArrayINS_18SparkColumnarBatchISC_EEEENS_26GenericObjectArrayProducerISH_SC_EENS3_ISB_EEXtlNS_12RelationModeELi0ELl0ELl0EEEZ18chukonu_module_runEUlRKT_E_Z18chukonu_module_runEUlSP_E0_St4hashIS8_EZ18chukonu_module_runEUlSP_RKT0_E1_NS_16CondOpAlwaysTrueEEclINS_11MapConsumerISC_NS_9Gen_UDF_1IS7_EEZNKS_3sql11Union_UDF_2IiiNS_11MapProducerINS_6Tuple3ISB_iS7_EENS_22MapPartitionsEProducerISI_SC_SK_SZ_EES13_EENS16_IS18_NS19_ISI_SC_SK_NS1_ILS2_5ES8_SE_bSI_SK_SL_XtlSM_Li0ELl0ELl0EEEZ18chukonu_module_runEUlSP_E2_Z18chukonu_module_runEUlSP_E3_ST_Z18chukonu_module_runEUlSP_SW_E4_SY_EEEENS_9Gen_UDF_2IS7_EEEESI_SI_EclIZZNS14_34BuildUntypedSparkColumnarBatchExecIS18_NS_10ArcWrapperI12SerializableEENS_15ClosureProducerIS1P_S18_S1K_EEEENS_13TypedOperatorI25UntypedSparkColumnarBatchNS_15DefaultProducerIS1T_EEEENS1S_ISU_T1_EEENKUlSN_SU_E_clISt10shared_ptrIS1P_ES1R_EEDaSN_SU_EUlRKS18_E_EEDaS22_SN_EUlSP_E_EEEEDaS21_ISI_ESK_SN_+0x83
C  [cached_code_6ED5B6DC20C0538DCDDD059D783FAB8A_0.so+0x1253ec]  _ZNK3cmr3sql11Union_UDF_2IiiNS_11MapProducerINS_6Tuple3ISt8optionalISt17basic_string_viewIcSt11char_traitsIcEEEiS8_EENS_22MapPartitionsEProducerINS_18GenericObjectArrayINS_18SparkColumnarBatchINS_6Tuple2IS9_iEEEEEESF_NS_26GenericObjectArrayProducerISG_SF_EENS_8internal28DoBroadcastNullAwareAntiJoinILNS_3HowE5ENS_6Tuple1IS8_EEPKSF_bSH_SJ_NSN_IS9_EEXtlNS_12RelationModeELi0ELl0ELl0EEEZ18chukonu_module_runEUlRKT_E_Z18chukonu_module_runEUlSV_E0_St4hashISO_EZ18chukonu_module_runEUlSV_RKT0_E1_NS_16CondOpAlwaysTrueEEEEENS_9Gen_UDF_1IS8_EEEENS2_ISA_NSB_ISH_SF_SJ_NSL_ILSM_5ESO_SQ_bSH_SJ_SR_XtlSS_Li0ELl0ELl0EEEZ18chukonu_module_runEUlSV_E2_Z18chukonu_module_runEUlSV_E3_SZ_Z18chukonu_module_runEUlSV_S12_E4_S14_EEEENS_9Gen_UDF_2IS8_EEEESH_SH_EclIZZNS0_34BuildUntypedSparkColumnarBatchExecISA_NS_10ArcWrapperI12SerializableEENS_15ClosureProducerIS1N_SA_S1I_EEEENS_13TypedOperatorI25UntypedSparkColumnarBatchNS_15DefaultProducerIS1R_EEEENS1Q_IS10_T1_EEENKUlST_S10_E_clISt10shared_ptrIS1N_ES1P_EEDaST_S10_EUlRKSA_E_EEDaS20_ST_+0x26c
C  [cached_code_6ED5B6DC20C0538DCDDD059D783FAB8A_0.so+0x1249e2]  _ZZN3cmr3sql34BuildUntypedSparkColumnarBatchExecINS_6Tuple3ISt8optionalISt17basic_string_viewIcSt11char_traitsIcEEEiS7_EENS_10ArcWrapperI12SerializableEENS_15ClosureProducerISC_S9_NS0_11Union_UDF_2IiiNS_11MapProducerIS9_NS_22MapPartitionsEProducerINS_18GenericObjectArrayINS_18SparkColumnarBatchINS_6Tuple2IS8_iEEEEEESK_NS_26GenericObjectArrayProducerISL_SK_EENS_8internal28DoBroadcastNullAwareAntiJoinILNS_3HowE5ENS_6Tuple1IS7_EEPKSK_bSM_SO_NSS_IS8_EEXtlNS_12RelationModeELi0ELl0ELl0EEEZ18chukonu_module_runEUlRKT_E_Z18chukonu_module_runEUlS10_E0_St4hashIST_EZ18chukonu_module_runEUlS10_RKT0_E1_NS_16CondOpAlwaysTrueEEEEENS_9Gen_UDF_1IS7_EEEENSF_IS9_NSG_ISM_SK_SO_NSQ_ILSR_5EST_SV_bSM_SO_SW_XtlSX_Li0ELl0ELl0EEEZ18chukonu_module_runEUlS10_E2_Z18chukonu_module_runEUlS10_E3_S14_Z18chukonu_module_runEUlS10_S17_E4_S19_EEEENS_9Gen_UDF_2IS7_EEEESM_SM_EEEEEENS_13TypedOperatorI25UntypedSparkColumnarBatchNS_15DefaultProducerIS1Q_EEEENS1P_IS15_T1_EEENKUlSY_S15_E_clISt10shared_ptrISC_ES1O_EEDaSY_S15_+0xe4
C  [cached_code_6ED5B6DC20C0538DCDDD059D783FAB8A_0.so+0x12a51d]  _ZN3cmr25CallableWithOptionalParamIZNS_3sql34BuildUntypedSparkColumnarBatchExecINS_6Tuple3ISt8optionalISt17basic_string_viewIcSt11char_traitsIcEEEiS8_EENS_10ArcWrapperI12SerializableEENS_15ClosureProducerISD_SA_NS1_11Union_UDF_2IiiNS_11MapProducerISA_NS_22MapPartitionsEProducerINS_18GenericObjectArrayINS_18SparkColumnarBatchINS_6Tuple2IS9_iEEEEEESL_NS_26GenericObjectArrayProducerISM_SL_EENS_8internal28DoBroadcastNullAwareAntiJoinILNS_3HowE5ENS_6Tuple1IS8_EEPKSL_bSN_SP_NST_IS9_EEXtlNS_12RelationModeELi0ELl0ELl0EEEZ18chukonu_module_runEUlRKT_E_Z18chukonu_module_runEUlS11_E0_St4hashISU_EZ18chukonu_module_runEUlS11_RKT0_E1_NS_16CondOpAlwaysTrueEEEEENS_9Gen_UDF_1IS8_EEEENSG_ISA_NSH_ISN_SL_SP_NSR_ILSS_5ESU_SW_bSN_SP_SX_XtlSY_Li0ELl0ELl0EEEZ18chukonu_module_runEUlS11_E2_Z18chukonu_module_runEUlS11_E3_S15_Z18chukonu_module_runEUlS11_S18_E4_S1A_EEEENS_9Gen_UDF_2IS8_EEEESN_SN_EEEEEENS_13TypedOperatorI25UntypedSparkColumnarBatchNS_15DefaultProducerIS1R_EEEENS1Q_IS16_T1_EEEUlSZ_S16_E_Lb1EEclIRSt10shared_ptrISD_ERS1P_EEDaOSZ_OS16_+0xad
C  [cached_code_6ED5B6DC20C0538DCDDD059D783FAB8A_0.so+0x12a677]  _ZN3cmr8internal25MapPartitionsWithProducerINS_10ArcWrapperI12SerializableEENS_25CallableWithOptionalParamIZNS_3sql34BuildUntypedSparkColumnarBatchExecINS_6Tuple3ISt8optionalISt17basic_string_viewIcSt11char_traitsIcEEEiSD_EES4_NS_15ClosureProducerIS4_SF_NS6_11Union_UDF_2IiiNS_11MapProducerISF_NS_22MapPartitionsEProducerINS_18GenericObjectArrayINS_18SparkColumnarBatchINS_6Tuple2ISE_iEEEEEESN_NS_26GenericObjectArrayProducerISO_SN_EENS0_28DoBroadcastNullAwareAntiJoinILNS_3HowE5ENS_6Tuple1ISD_EEPKSN_bSP_SR_NSU_ISE_EEXtlNS_12RelationModeELi0ELl0ELl0EEEZ18chukonu_module_runEUlRKT_E_Z18chukonu_module_runEUlS12_E0_St4hashISV_EZ18chukonu_module_runEUlS12_RKT0_E1_NS_16CondOpAlwaysTrueEEEEENS_9Gen_UDF_1ISD_EEEENSI_ISF_NSJ_ISP_SN_SR_NSS_ILST_5ESV_SX_bSP_SR_SY_XtlSZ_Li0ELl0ELl0EEEZ18chukonu_module_runEUlS12_E2_Z18chukonu_module_runEUlS12_E3_S16_Z18chukonu_module_runEUlS12_S19_E4_S1B_EEEENS_9Gen_UDF_2ISD_EEEESP_SP_EEEEEENS_13TypedOperatorI25UntypedSparkColumnarBatchNS_15DefaultProducerIS1S_EEEENS1R_IS17_T1_EEEUlS10_S17_E_Lb1EEES1Q_E4callESt6vectorISt10shared_ptrI3AnyE15MemoryAllocatorIS24_SaIS24_EEEi+0xe9

Java frames: (J=compiled Java code, j=interpreted, Vv=VM code)
j  org.pacman.backend.ChukonuNativeBackend.object_fn_call_as_transform1(Lorg/pacman/backend/DataflowExecutorWorkerContext;JIIJ)J+0
j  org.pacman.backend.spark.SparkDataflowExecutorContext.$anonfun$batch_transform1$2(Lorg/pacman/backend/spark/SparkDataflowExecutorContext;Lorg/pacman/backend/NativeObject;IILscala/collection/Iterator;)J+40
j  org.pacman.backend.spark.SparkDataflowExecutorContext$$Lambda$3021.apply$mcJ$sp()J+20
j  scala.runtime.java8.JFunction0$mcJ$sp.apply()Ljava/lang/Object;+1
j  org.pacman.chukonu.ChukonuMetrics$.withSqlMetricTiming(Lscala/Option;Lscala/Function0;)Ljava/lang/Object;+70
j  org.pacman.backend.spark.SparkDataflowExecutorContext.$anonfun$withNativeUdfCall$1(Lorg/pacman/backend/spark/SparkDataflowExecutorContext;Lscala/Function0;)Ljava/lang/Object;+8
j  org.pacman.backend.spark.SparkDataflowExecutorContext$$Lambda$3023.apply()Ljava/lang/Object;+8
j  org.pacman.chukonu.ChukonuMetrics$.withSqlMetricDelta(ILscala/Option;Lscala/Function0;)Ljava/lang/Object;+76
j  org.pacman.backend.spark.SparkDataflowExecutorContext.withNativeUdfCall(Lscala/Function0;)Ljava/lang/Object;+20
j  org.pacman.backend.spark.SparkDataflowExecutorContext.$anonfun$batch_transform1$1(Lorg/pacman/backend/spark/SparkDataflowExecutorContext;Lorg/pacman/backend/NativeObject;IILscala/collection/Iterator;)Lscala/collection/Iterator;+53
j  org.pacman.backend.spark.SparkDataflowExecutorContext.$anonfun$batch_transform1$1$adapted(Lorg/pacman/backend/spark/SparkDataflowExecutorContext;Lorg/pacman/backend/NativeObject;ILjava/lang/Object;Lscala/collection/Iterator;)Lscala/collection/Iterator;+9
j  org.pacman.backend.spark.SparkDataflowExecutorContext$$Lambda$2993.apply(Ljava/lang/Object;Ljava/lang/Object;)Ljava/lang/Object;+17
j  org.apache.spark.rdd.RDD.$anonfun$mapPartitionsWithIndex$2(Lscala/Function2;Lorg/apache/spark/TaskContext;ILscala/collection/Iterator;)Lscala/collection/Iterator;+6
j  org.apache.spark.rdd.RDD.$anonfun$mapPartitionsWithIndex$2$adapted(Lscala/Function2;Lorg/apache/spark/TaskContext;Ljava/lang/Object;Lscala/collection/Iterator;)Lscala/collection/Iterator;+7
j  org.apache.spark.rdd.RDD$$Lambda$2994.apply(Ljava/lang/Object;Ljava/lang/Object;Ljava/lang/Object;)Ljava/lang/Object;+13
j  org.apache.spark.rdd.MapPartitionsRDD.compute(Lorg/apache/spark/Partition;Lorg/apache/spark/TaskContext;)Lscala/collection/Iterator;+27
j  org.apache.spark.rdd.RDD.computeOrReadCheckpoint(Lorg/apache/spark/Partition;Lorg/apache/spark/TaskContext;)Lscala/collection/Iterator;+24
j  org.apache.spark.rdd.RDD.iterator(Lorg/apache/spark/Partition;Lorg/apache/spark/TaskContext;)Lscala/collection/Iterator;+40
j  org.apache.spark.rdd.MapPartitionsRDD.compute(Lorg/apache/spark/Partition;Lorg/apache/spark/TaskContext;)Lscala/collection/Iterator;+24
j  org.apache.spark.rdd.RDD.computeOrReadCheckpoint(Lorg/apache/spark/Partition;Lorg/apache/spark/TaskContext;)Lscala/collection/Iterator;+24
j  org.apache.spark.rdd.RDD.iterator(Lorg/apache/spark/Partition;Lorg/apache/spark/TaskContext;)Lscala/collection/Iterator;+40
j  org.pacman.util.TimeTrackingRDD.$anonfun$compute$1(Lorg/pacman/util/TimeTrackingRDD;Lorg/apache/spark/Partition;Lorg/apache/spark/TaskContext;)Lscala/collection/Iterator;+6
j  org.pacman.util.TimeTrackingRDD$$Lambda$3003.apply()Ljava/lang/Object;+12
j  org.pacman.util.TimeTrackingRDD$.measureTime(Lscala/collection/Seq;Lscala/collection/Seq;Lscala/Function0;)Ljava/lang/Object;+28
j  org.pacman.util.TimeTrackingRDD.compute(Lorg/apache/spark/Partition;Lorg/apache/spark/TaskContext;)Lscala/collection/Iterator;+19
j  org.apache.spark.rdd.RDD.computeOrReadCheckpoint(Lorg/apache/spark/Partition;Lorg/apache/spark/TaskContext;)Lscala/collection/Iterator;+24
j  org.apache.spark.rdd.RDD.iterator(Lorg/apache/spark/Partition;Lorg/apache/spark/TaskContext;)Lscala/collection/Iterator;+40
j  org.apache.spark.rdd.MapPartitionsRDD.compute(Lorg/apache/spark/Partition;Lorg/apache/spark/TaskContext;)Lscala/collection/Iterator;+24
j  org.apache.spark.rdd.RDD.computeOrReadCheckpoint(Lorg/apache/spark/Partition;Lorg/apache/spark/TaskContext;)Lscala/collection/Iterator;+24
j  org.apache.spark.rdd.RDD.iterator(Lorg/apache/spark/Partition;Lorg/apache/spark/TaskContext;)Lscala/collection/Iterator;+40
j  org.apache.spark.rdd.MapPartitionsRDD.compute(Lorg/apache/spark/Partition;Lorg/apache/spark/TaskContext;)Lscala/collection/Iterator;+24
j  org.apache.spark.rdd.RDD.computeOrReadCheckpoint(Lorg/apache/spark/Partition;Lorg/apache/spark/TaskContext;)Lscala/collection/Iterator;+24
j  org.apache.spark.rdd.RDD.iterator(Lorg/apache/spark/Partition;Lorg/apache/spark/TaskContext;)Lscala/collection/Iterator;+40
j  org.apache.spark.sql.execution.SQLExecutionRDD.$anonfun$compute$1(Lorg/apache/spark/sql/execution/SQLExecutionRDD;Lorg/apache/spark/Partition;Lorg/apache/spark/TaskContext;)Lscala/collection/Iterator;+14
j  org.apache.spark.sql.execution.SQLExecutionRDD$$Lambda$3289.apply()Ljava/lang/Object;+12
j  org.apache.spark.sql.internal.SQLConf$.withExistingConf(Lorg/apache/spark/sql/internal/SQLConf;Lscala/Function0;)Ljava/lang/Object;+20
j  org.apache.spark.sql.execution.SQLExecutionRDD.compute(Lorg/apache/spark/Partition;Lorg/apache/spark/TaskContext;)Lscala/collection/Iterator;+28
j  org.apache.spark.rdd.RDD.computeOrReadCheckpoint(Lorg/apache/spark/Partition;Lorg/apache/spark/TaskContext;)Lscala/collection/Iterator;+24
j  org.apache.spark.rdd.RDD.iterator(Lorg/apache/spark/Partition;Lorg/apache/spark/TaskContext;)Lscala/collection/Iterator;+40
j  org.apache.spark.rdd.MapPartitionsRDD.compute(Lorg/apache/spark/Partition;Lorg/apache/spark/TaskContext;)Lscala/collection/Iterator;+24
j  org.apache.spark.rdd.RDD.computeOrReadCheckpoint(Lorg/apache/spark/Partition;Lorg/apache/spark/TaskContext;)Lscala/collection/Iterator;+24
j  org.apache.spark.rdd.RDD.iterator(Lorg/apache/spark/Partition;Lorg/apache/spark/TaskContext;)Lscala/collection/Iterator;+40
j  org.apache.spark.scheduler.ResultTask.runTask(Lorg/apache/spark/TaskContext;)Ljava/lang/Object;+201
j  org.apache.spark.TaskContext.runTaskWithListeners(Lorg/apache/spark/scheduler/Task;)Ljava/lang/Object;+2
j  org.apache.spark.scheduler.Task.run(JILorg/apache/spark/metrics/MetricsSystem;ILscala/collection/immutable/Map;Lscala/Option;)Ljava/lang/Object;+254
j  org.apache.spark.executor.Executor$TaskRunner.$anonfun$run$3(Lorg/apache/spark/executor/Executor$TaskRunner;Lscala/runtime/BooleanRef;)Ljava/lang/Object;+43
j  org.apache.spark.executor.Executor$TaskRunner$$Lambda$2921.apply()Ljava/lang/Object;+8
j  org.apache.spark.util.Utils$.tryWithSafeFinally(Lscala/Function0;Lscala/Function0;)Ljava/lang/Object;+4
j  org.apache.spark.executor.Executor$TaskRunner.run()V+457
j  java.util.concurrent.ThreadPoolExecutor.runWorker(Ljava/util/concurrent/ThreadPoolExecutor$Worker;)V+92 java.base@11.0.25
j  java.util.concurrent.ThreadPoolExecutor$Worker.run()V+5 java.base@11.0.25
j  java.lang.Thread.run()V+11 java.base@11.0.25
v  ~StubRoutines::call_stub

siginfo: si_signo: 11 (SIGSEGV), si_code: 1 (SEGV_MAPERR), si_addr: 0x0000000000000060

Register to memory mapping:

RAX=0x0 is NULL
RBX=0x00007fffa0d4d230 is pointing into the stack for thread: 0x00007fffbcc65000
RCX=0x00007fffa0d4cca0 is pointing into the stack for thread: 0x00007fffbcc65000
RDX=0x0 is NULL
RSP=0x00007fffa0d4cc20 is pointing into the stack for thread: 0x00007fffbcc65000
RBP=0x00007fffa0d4cc20 is pointing into the stack for thread: 0x00007fffbcc65000
RSI=0x0 is NULL
RDI=0x0 is NULL
R8 =0x0000000000000080 is an unknown value
R9 =0x00007fffa0d51700 is pointing into the stack for thread: 0x00007fffbcc65000
R10=0x00007fffbb098641: <offset 0x0000000000061641> in /home/byr/tmp/chukonu/cache/cached_code_6ED5B6DC20C0538DCDDD059D783FAB8A_0.so at 0x00007fffbb037000
R11=0x00007fffbb186382: _ZNKSt7variantIJN3tsl13hopscotch_mapIN3cmr6Tuple1ISt17basic_string_viewIcSt11char_traitsIcEEEENS3_ISt8optionalIS7_EEESt4hashIS8_ESt8equal_toIS8_ESaISt4pairIS8_SB_EELj30ELb1ENS0_2hh26power_of_two_growth_policyILm2EEEEENS1_IS8_St6vectorISB_SaISB_EESt5hash1IS8_ESF_SaISG_IS8_SP_EELj30ELb1ESL_EEEE22valueless_by_exceptionEv+0x0000000000000000 in /home/byr/tmp/chukonu/cache/cached_code_6ED5B6DC20C0538DCDDD059D783FAB8A_0.so at 0x00007fffbb037000
R12=0x00007fffa0d4d208 is pointing into the stack for thread: 0x00007fffbcc65000
R13=0x00007fffa0d4d3a0 is pointing into the stack for thread: 0x00007fffbcc65000
R14=0x00007fffa0d4d450 is pointing into the stack for thread: 0x00007fffbcc65000
R15=0x0000000000000004 is an unknown value


Registers:
RAX=0x0000000000000000, RBX=0x00007fffa0d4d230, RCX=0x00007fffa0d4cca0, RDX=0x0000000000000000
RSP=0x00007fffa0d4cc20, RBP=0x00007fffa0d4cc20, RSI=0x0000000000000000, RDI=0x0000000000000000
R8 =0x0000000000000080, R9 =0x00007fffa0d51700, R10=0x00007fffbb098641, R11=0x00007fffbb186382
R12=0x00007fffa0d4d208, R13=0x00007fffa0d4d3a0, R14=0x00007fffa0d4d450, R15=0x0000000000000004
RIP=0x00007fffbb188be6, EFLAGS=0x0000000000010206, CSGSFS=0x002b000000000033, ERR=0x0000000000000004
  TRAPNO=0x000000000000000e

Top of Stack: (sp=0x00007fffa0d4cc20)
0x00007fffa0d4cc20:   00007fffa0d4cc40 00007fffbb18639e
0x00007fffa0d4cc30:   00007fffa0d4d230 0000000000000000
0x00007fffa0d4cc40:   00007fffa0d4cc70 00007fffbb15dc3a
0x00007fffa0d4cc50:   0000000000000000 00007fffa0d4ccc0 

Instructions: (pc=0x00007fffbb188be6)
0x00007fffbb188ae6:   89 e5 48 83 ec 30 48 89 7d e8 48 89 75 e0 48 89
0x00007fffbb188af6:   55 d8 64 48 8b 04 25 28 00 00 00 48 89 45 f8 31
0x00007fffbb188b06:   c0 48 8b 55 d8 48 8b 45 e0 48 89 d6 48 89 c7 e8
0x00007fffbb188b16:   d6 78 fc ff 48 89 c1 48 8b 45 e8 48 8b 55 d8 48
0x00007fffbb188b26:   8b 75 e0 48 89 c7 e8 1f 93 fc ff 90 48 8b 45 f8
0x00007fffbb188b36:   64 48 2b 04 25 28 00 00 00 74 05 e8 7a 48 fc ff
0x00007fffbb188b46:   48 8b 45 e8 c9 c3 f3 0f 1e fa 55 48 89 e5 48 83
0x00007fffbb188b56:   ec 20 48 89 7d e8 48 89 75 e0 64 48 8b 04 25 28
0x00007fffbb188b66:   00 00 00 48 89 45 f8 31 c0 48 8b 45 e8 48 8b 55
0x00007fffbb188b76:   e0 48 89 d6 48 89 c7 e8 8e 70 fc ff 90 48 8b 45
0x00007fffbb188b86:   f8 64 48 2b 04 25 28 00 00 00 74 05 e8 29 48 fc
0x00007fffbb188b96:   ff 48 8b 45 e8 c9 c3 f3 0f 1e fa 55 48 89 e5 48
0x00007fffbb188ba6:   89 7d f8 48 89 75 f0 48 8b 45 f8 48 8b 10 48 8b
0x00007fffbb188bb6:   45 f0 48 8b 00 48 39 c2 0f 94 c0 5d c3 f3 0f 1e
0x00007fffbb188bc6:   fa 55 48 89 e5 48 89 7d f8 48 8b 45 f8 5d c3 90
0x00007fffbb188bd6:   f3 0f 1e fa 55 48 89 e5 48 89 7d f8 48 8b 45 f8
0x00007fffbb188be6:   0f b6 40 60 3c ff 0f 95 c0 5d c3 f3 0f 1e fa 55
0x00007fffbb188bf6:   48 89 e5 48 89 7d f8 48 8b 45 f8 5d c3 f3 0f 1e
0x00007fffbb188c06:   fa 55 48 89 e5 48 89 7d f8 48 8b 45 f8 5d c3 90
0x00007fffbb188c16:   f3 0f 1e fa 55 48 89 e5 48 83 ec 10 48 89 7d f8
0x00007fffbb188c26:   48 8b 45 f8 48 89 c7 e8 1e 17 fc ff c9 c3 f3 0f
0x00007fffbb188c36:   1e fa 55 48 89 e5 48 89 7d f8 48 8b 45 f8 5d c3
0x00007fffbb188c46:   f3 0f 1e fa 55 48 89 e5 48 83 ec 10 48 89 7d f8
0x00007fffbb188c56:   48 8b 45 f8 48 89 c7 e8 7e e2 fb ff c9 c3 f3 0f
0x00007fffbb188c66:   1e fa 55 48 89 e5 48 83 ec 30 48 89 7d e8 48 89
0x00007fffbb188c76:   75 e0 48 89 55 d8 64 48 8b 04 25 28 00 00 00 48
0x00007fffbb188c86:   89 45 f8 31 c0 48 8b 4d e0 48 8b 45 e8 48 8b 55
0x00007fffbb188c96:   d8 48 89 ce 48 89 c7 e8 8e 09 fc ff 90 48 8b 45
0x00007fffbb188ca6:   f8 64 48 2b 04 25 28 00 00 00 74 05 e8 09 47 fc
0x00007fffbb188cb6:   ff 48 8b 45 e8 c9 c3 90 f3 0f 1e fa 55 48 89 e5
0x00007fffbb188cc6:   48 83 ec 20 48 89 7d e8 48 89 75 e0 64 48 8b 04
0x00007fffbb188cd6:   25 28 00 00 00 48 89 45 f8 31 c0 48 8b 55 e0 48 


Stack slot to memory mapping:
stack at sp + 0 slots: 0x00007fffa0d4cc40 is pointing into the stack for thread: 0x00007fffbcc65000
stack at sp + 1 slots: 0x00007fffbb18639e: _ZNKSt7variantIJN3tsl13hopscotch_mapIN3cmr6Tuple1ISt17basic_string_viewIcSt11char_traitsIcEEEENS3_ISt8optionalIS7_EEESt4hashIS8_ESt8equal_toIS8_ESaISt4pairIS8_SB_EELj30ELb1ENS0_2hh26power_of_two_growth_policyILm2EEEEENS1_IS8_St6vectorISB_SaISB_EESt5hash1IS8_ESF_SaISG_IS8_SP_EELj30ELb1ESL_EEEE22valueless_by_exceptionEv+0x000000000000001c in /home/byr/tmp/chukonu/cache/cached_code_6ED5B6DC20C0538DCDDD059D783FAB8A_0.so at 0x00007fffbb037000
stack at sp + 2 slots: 0x00007fffa0d4d230 is pointing into the stack for thread: 0x00007fffbcc65000
stack at sp + 3 slots: 0x0 is NULL
stack at sp + 4 slots: 0x00007fffa0d4cc70 is pointing into the stack for thread: 0x00007fffbcc65000
stack at sp + 5 slots: 0x00007fffbb15dc3a: <offset 0x0000000000126c3a> in /home/byr/tmp/chukonu/cache/cached_code_6ED5B6DC20C0538DCDDD059D783FAB8A_0.so at 0x00007fffbb037000
stack at sp + 6 slots: 0x0 is NULL
stack at sp + 7 slots: 0x00007fffa0d4ccc0 is pointing into the stack for thread: 0x00007fffbcc65000


---------------  P R O C E S S  ---------------

Threads class SMR info:
_java_thread_list=0x00007fffd1783cc0, length=59, elements={
0x00007ffff50a1000, 0x00007ffff50a2000, 0x00007ffff50a3000, 0x00007ffff50a4000,
0x00007ffff50a4800, 0x00007ffff50a5800, 0x00007ffff50a6800, 0x00007ffff50a7800,
0x00007fffd0e73000, 0x00007fffd5a27000, 0x00007fffd0e74000, 0x00007fffd0e75000,
0x00007fffcb478800, 0x00007fffcb48e000, 0x00007fffcb491000, 0x00007fffc86cf800,
0x00007fffc177a000, 0x00007fffc177b000, 0x00007fffc177c000, 0x00007fffc177d000,
0x00007fffc177d800, 0x00007fffc177e800, 0x00007fffc177f800, 0x00007fffc1780800,
0x00007fffbeb43000, 0x00007fffbeb44000, 0x00007fffbeb45000, 0x00007fffbeb47800,
0x00007fffbeb49800, 0x00007fffbec3a000, 0x00007fffbec3b000, 0x00007fffbf22c000,
0x00007fffb42bc000, 0x00007fffbec3d000, 0x00007fffbec3d800, 0x00007fffbec3e800,
0x00007fffbec3f800, 0x00007fffbec40800, 0x00007fffbec41000, 0x00007fffbec42000,
0x00007fffbec43000, 0x00007fffbec44000, 0x00007fffbec44800, 0x00007fffbec45800,
0x00007fffbec46800, 0x00007fffd5044000, 0x00007fffad236800, 0x00007fffcce8b000,
0x00007fffd0e77800, 0x00007fffcce8c000, 0x00007fffa9b58000, 0x00007fffbcc64000,
0x00007fffbcc65000, 0x00007fffd0e78800, 0x00007fffd0e7c000, 0x00007fffbc243000,
0x00007fffbc244000, 0x00007fffd16e9000, 0x00007fffd16ea000
}

Java Threads: ( => current thread )
  0x00007ffff50a1000 JavaThread "main" [_thread_blocked, id=3699582, stack(0x00007ffff5532000,0x00007ffff5933000)]
  0x00007ffff50a2000 JavaThread "Reference Handler" daemon [_thread_blocked, id=3699592, stack(0x00007fffd39ff000,0x00007fffd3e00000)]
  0x00007ffff50a3000 JavaThread "Finalizer" daemon [_thread_blocked, id=3699593, stack(0x00007fffd2fff000,0x00007fffd3400000)]
  0x00007ffff50a4000 JavaThread "Signal Dispatcher" daemon [_thread_blocked, id=3699594, stack(0x00007fffd25ff000,0x00007fffd2a00000)]
  0x00007ffff50a4800 JavaThread "Service Thread" daemon [_thread_blocked, id=3699595, stack(0x00007fffd1bff000,0x00007fffd2000000)]
  0x00007ffff50a5800 JavaThread "C2 CompilerThread0" daemon [_thread_in_native, id=3699596, stack(0x00007fffd2efe000,0x00007fffd2fff000)]
  0x00007ffff50a6800 JavaThread "C1 CompilerThread0" daemon [_thread_blocked, id=3699597, stack(0x00007fffd24fe000,0x00007fffd25ff000)]
  0x00007ffff50a7800 JavaThread "Sweeper thread" daemon [_thread_blocked, id=3699598, stack(0x00007fffd09ff000,0x00007fffd0e00000)]
  0x00007fffd0e73000 JavaThread "C1 CompilerThread1" daemon [_thread_blocked, id=3699599, stack(0x00007fffd1afe000,0x00007fffd1bff000)]
  0x00007fffd5a27000 JavaThread "Common-Cleaner" daemon [_thread_blocked, id=3699600, stack(0x00007fffcfbff000,0x00007fffd0000000)]
  0x00007fffd0e74000 JavaThread "C1 CompilerThread2" daemon [_thread_blocked, id=3699628, stack(0x00007fffcd87f000,0x00007fffcd980000)]
  0x00007fffd0e75000 JavaThread "C1 CompilerThread3" daemon [_thread_blocked, id=3699629, stack(0x00007fffcd2ff000,0x00007fffcd400000)]
  0x00007fffcb478800 JavaThread "Timer-0" [_thread_blocked, id=3699645, stack(0x00007fffca1ff000,0x00007fffca600000)]
  0x00007fffcb48e000 JavaThread "ScalaTest-dispatcher" [_thread_blocked, id=3699646, stack(0x00007fffc97ff000,0x00007fffc9c00000)]
  0x00007fffcb491000 JavaThread "pool-1-thread-1-ScalaTest-running-SubquerySuite" [_thread_blocked, id=3699647, stack(0x00007fffc8bff000,0x00007fffc9000000)]
  0x00007fffc86cf800 JavaThread "process reaper" daemon [_thread_blocked, id=3699710, stack(0x00007ffff5400000,0x00007ffff5422000)]
  0x00007fffc177a000 JavaThread "rpc-boss-3-1" daemon [_thread_in_native, id=3699721, stack(0x00007fffc03ff000,0x00007fffc0800000)]
  0x00007fffc177b000 JavaThread "dispatcher-event-loop-0" daemon [_thread_blocked, id=3699722, stack(0x00007fffbd1ff000,0x00007fffbd600000)]
  0x00007fffc177c000 JavaThread "dispatcher-event-loop-1" daemon [_thread_blocked, id=3699723, stack(0x00007fffbc7ff000,0x00007fffbcc00000)]
  0x00007fffc177d000 JavaThread "map-output-dispatcher-0" daemon [_thread_blocked, id=3699724, stack(0x00007fffbbdff000,0x00007fffbc200000)]
  0x00007fffc177d800 JavaThread "map-output-dispatcher-1" daemon [_thread_blocked, id=3699725, stack(0x00007fffbb1ff000,0x00007fffbb600000)]
  0x00007fffc177e800 JavaThread "map-output-dispatcher-2" daemon [_thread_blocked, id=3699726, stack(0x00007fffba7ff000,0x00007fffbac00000)]
  0x00007fffc177f800 JavaThread "map-output-dispatcher-3" daemon [_thread_blocked, id=3699727, stack(0x00007fffb9dff000,0x00007fffba200000)]
  0x00007fffc1780800 JavaThread "map-output-dispatcher-4" daemon [_thread_blocked, id=3699728, stack(0x00007fffb93ff000,0x00007fffb9800000)]
  0x00007fffbeb43000 JavaThread "map-output-dispatcher-5" daemon [_thread_blocked, id=3699729, stack(0x00007fffb89ff000,0x00007fffb8e00000)]
  0x00007fffbeb44000 JavaThread "map-output-dispatcher-6" daemon [_thread_blocked, id=3699730, stack(0x00007fffb7fff000,0x00007fffb8400000)]
  0x00007fffbeb45000 JavaThread "map-output-dispatcher-7" daemon [_thread_blocked, id=3699731, stack(0x00007fffb75ff000,0x00007fffb7a00000)]
  0x00007fffbeb47800 JavaThread "dispatcher-BlockManagerMaster" daemon [_thread_blocked, id=3699734, stack(0x00007fffb69ff000,0x00007fffb6e00000)]
  0x00007fffbeb49800 JavaThread "dispatcher-BlockManagerEndpoint1" daemon [_thread_blocked, id=3699735, stack(0x00007fffb5fff000,0x00007fffb6400000)]
  0x00007fffbec3a000 JavaThread "RemoteBlock-temp-file-clean-thread" daemon [_thread_blocked, id=3699736, stack(0x00007fffb55ff000,0x00007fffb5a00000)]
  0x00007fffbec3b000 JavaThread "dispatcher-HeartbeatReceiver" daemon [_thread_blocked, id=3699737, stack(0x00007fffb4bff000,0x00007fffb5000000)]
  0x00007fffbf22c000 JavaThread "heartbeat-receiver-event-loop-thread" daemon [_thread_blocked, id=3699738, stack(0x00007fffb47fe000,0x00007fffb4bff000)]
  0x00007fffb42bc000 JavaThread "netty-rpc-env-timeout" daemon [_thread_blocked, id=3699739, stack(0x00007fffb3dff000,0x00007fffb4200000)]
  0x00007fffbec3d000 JavaThread "dispatcher-org.apache.spark.internal.plugin.PluginEndpoint" daemon [_thread_blocked, id=3699741, stack(0x00007fffb31ff000,0x00007fffb3600000)]
  0x00007fffbec3d800 JavaThread "task-starvation-timer" daemon [_thread_blocked, id=3699744, stack(0x00007fffb27ff000,0x00007fffb2c00000)]
  0x00007fffbec3e800 JavaThread "task-abort-timer" daemon [_thread_blocked, id=3699745, stack(0x00007fffb1dff000,0x00007fffb2200000)]
  0x00007fffbec3f800 JavaThread "dag-scheduler-event-loop" daemon [_thread_blocked, id=3699754, stack(0x00007fffb117f000,0x00007fffb1580000)]
  0x00007fffbec40800 JavaThread "driver-heartbeater" daemon [_thread_blocked, id=3699755, stack(0x00007fffb07ff000,0x00007fffb0c00000)]
  0x00007fffbec41000 JavaThread "executor-kill-mark-cleanup" daemon [_thread_blocked, id=3699756, stack(0x00007fffafdff000,0x00007fffb0200000)]
  0x00007fffbec42000 JavaThread "executor-heartbeater" daemon [_thread_blocked, id=3699757, stack(0x00007fffaf9fe000,0x00007fffafdff000)]
  0x00007fffbec43000 JavaThread "shuffle-boss-6-1" daemon [_thread_in_native, id=3699758, stack(0x00007fffaf5fd000,0x00007fffaf9fe000)]
  0x00007fffbec44000 JavaThread "Spark Context Cleaner" daemon [_thread_blocked, id=3699759, stack(0x00007fffae9fc000,0x00007fffaedfd000)]
  0x00007fffbec44800 JavaThread "context-cleaner-periodic-gc" daemon [_thread_blocked, id=3699760, stack(0x00007fffae5fb000,0x00007fffae9fc000)]
  0x00007fffbec45800 JavaThread "spark-listener-group-appStatus" daemon [_thread_blocked, id=3699761, stack(0x00007fffae1fa000,0x00007fffae5fb000)]
  0x00007fffbec46800 JavaThread "spark-listener-group-executorManagement" daemon [_thread_blocked, id=3699762, stack(0x00007fffaddf9000,0x00007fffae1fa000)]
  0x00007fffd5044000 JavaThread "element-tracking-store-worker" daemon [_thread_blocked, id=3699763, stack(0x00007fffad9f8000,0x00007fffaddf9000)]
  0x00007fffad236800 JavaThread "org.apache.hadoop.fs.FileSystem$Statistics$StatisticsDataReferenceCleaner" daemon [_thread_blocked, id=3699787, stack(0x00007fffc2a7f000,0x00007fffc2e80000)]
  0x00007fffcce8b000 JavaThread "C2 CompilerThread1" daemon [_thread_blocked, id=3699815, stack(0x00007fffcfafe000,0x00007fffcfbff000)]
  0x00007fffd0e77800 JavaThread "C2 CompilerThread2" daemon [_thread_blocked, id=3699822, stack(0x00007fffcac7f000,0x00007fffcad80000)]
  0x00007fffcce8c000 JavaThread "C2 CompilerThread3" daemon [_thread_in_native, id=3699845, stack(0x00007fffc02fe000,0x00007fffc03ff000)]
  0x00007fffa9b58000 JavaThread "broadcast-exchange-0" daemon [_thread_blocked, id=3699875, stack(0x00007fffa3d77000,0x00007fffa4178000)]
  0x00007fffbcc64000 JavaThread "Executor task launch worker for task 1.0 in stage 1.0 (TID 3)" daemon [_thread_in_native, id=3699882, stack(0x00007fffa0d52000,0x00007fffa1153000)]
=>0x00007fffbcc65000 JavaThread "Executor task launch worker for task 0.0 in stage 1.0 (TID 2)" daemon [_thread_in_native, id=3699883, stack(0x00007fffa0951000,0x00007fffa0d52000)]
  0x00007fffd0e78800 JavaThread "C2 CompilerThread4" daemon [_thread_in_native, id=3699888, stack(0x00007fffbf6ff000,0x00007fffbf800000)]
  0x00007fffd0e7c000 JavaThread "C2 CompilerThread5" daemon [_thread_in_native, id=3699889, stack(0x00007fffbd0fe000,0x00007fffbd1ff000)]
  0x00007fffbc243000 JavaThread "task-result-getter-0" daemon [_thread_blocked, id=3699890, stack(0x00007fff9fd50000,0x00007fffa0151000)]
  0x00007fffbc244000 JavaThread "task-result-getter-1" daemon [_thread_blocked, id=3699891, stack(0x00007fff9f5cf000,0x00007fff9f9d0000)]
  0x00007fffd16e9000 JavaThread "QueryStageCreator-0" daemon [_thread_blocked, id=3699894, stack(0x00007fff9ebce000,0x00007fff9efcf000)]
  0x00007fffd16ea000 JavaThread "QueryStageCreator-1" daemon [_thread_blocked, id=3699895, stack(0x00007fff9e7cd000,0x00007fff9ebce000)]

Other Threads:
  0x00007ffff504e800 VMThread "VM Thread" [stack: 0x00007fffd4300000,0x00007fffd4400000] [id=3699588]
  0x00007ffff504f800 WatcherThread [stack: 0x00007fffd08ff000,0x00007fffd09ff000] [id=3699601]
  0x00007ffff504b000 GCTaskThread "GC Thread#0" [stack: 0x00007ffff5432000,0x00007ffff5532000] [id=3699583]
  0x00007fffd3e09000 GCTaskThread "GC Thread#1" [stack: 0x00007fffca0ff000,0x00007fffca1ff000] [id=3699660]
  0x00007fffd3e0a000 GCTaskThread "GC Thread#2" [stack: 0x00007fffc96ff000,0x00007fffc97ff000] [id=3699661]
  0x00007fffd3e0a800 GCTaskThread "GC Thread#3" [stack: 0x00007fffc8aff000,0x00007fffc8bff000] [id=3699662]
  0x00007fffd3e0b800 GCTaskThread "GC Thread#4" [stack: 0x00007fffc6900000,0x00007fffc6a00000] [id=3699663]
  0x00007fffd3e0c000 GCTaskThread "GC Thread#5" [stack: 0x00007fffc6300000,0x00007fffc6400000] [id=3699664]
  0x00007fffd3e0d000 GCTaskThread "GC Thread#6" [stack: 0x00007fffc5d00000,0x00007fffc5e00000] [id=3699665]
  0x00007fffd3e0d800 GCTaskThread "GC Thread#7" [stack: 0x00007fffc5700000,0x00007fffc5800000] [id=3699666]
  0x00007fffd3e0e800 GCTaskThread "GC Thread#8" [stack: 0x00007fffc5100000,0x00007fffc5200000] [id=3699667]
  0x00007fffd3e0f000 GCTaskThread "GC Thread#9" [stack: 0x00007fffc4b00000,0x00007fffc4c00000] [id=3699668]
  0x00007fffd3e10000 GCTaskThread "GC Thread#10" [stack: 0x00007fffc4500000,0x00007fffc4600000] [id=3699669]
  0x00007fffd3e10800 GCTaskThread "GC Thread#11" [stack: 0x00007fffc3f00000,0x00007fffc4000000] [id=3699670]
  0x00007fffd3e11800 GCTaskThread "GC Thread#12" [stack: 0x00007fffc3900000,0x00007fffc3a00000] [id=3699671]
  0x00007ffff504b800 ConcurrentGCThread "G1 Main Marker" [stack: 0x00007fffd9700000,0x00007fffd9800000] [id=3699584]
  0x00007ffff504c800 ConcurrentGCThread "G1 Conc#0" [stack: 0x00007fffd9100000,0x00007fffd9200000] [id=3699585]
  0x00007fffd9209000 ConcurrentGCThread "G1 Conc#1" [stack: 0x00007fffc2300000,0x00007fffc2400000] [id=3699673]
  0x00007fffd920a000 ConcurrentGCThread "G1 Conc#2" [stack: 0x00007fffc1d00000,0x00007fffc1e00000] [id=3699674]
  0x00007ffff504d000 ConcurrentGCThread "G1 Refine#0" [stack: 0x00007fffd5600000,0x00007fffd5700000] [id=3699586]
  0x00007ffff504e000 ConcurrentGCThread "G1 Young RemSet Sampling" [stack: 0x00007fffd54ff000,0x00007fffd55ff000] [id=3699587]

Threads with active compile tasks:
C2 CompilerThread0     6822 10490 %     4       org.apache.xbean.asm9.ClassReader::readCode @ 2186 (5109 bytes)
C2 CompilerThread3     6822 10670       4       org.apache.spark.util.Utils$$$Lambda$457/0x00000008403d4840::apply (32 bytes)
C2 CompilerThread4     6822 10671       4       org.apache.spark.util.Utils$::$anonfun$getCallSite$1 (204 bytes)
C2 CompilerThread5     6822 10833   !   4       java.io.ObjectInputStream::readObject0 (671 bytes)

VM state:not at safepoint (normal execution)

VM Mutex/Monitor currently owned by a thread: None

Heap address: 0x0000000700000000, size: 4096 MB, Compressed Oops mode: Zero based, Oop shift amount: 3
Narrow klass base: 0x0000000800000000, Narrow klass shift: 3
Compressed class space size: 1073741824 Address: 0x0000000840000000

Heap:
 garbage-first heap   total 2031616K, used 332024K [0x0000000700000000, 0x0000000800000000)
  region size 1024K, 194 young (198656K), 21 survivors (21504K)
 Metaspace       used 115894K, capacity 122465K, committed 122716K, reserved 1150976K
  class space    used 17102K, capacity 20474K, committed 20556K, reserved 1048576K
Heap Regions: E=young(eden), S=young(survivor), O=old, HS=humongous(starts), HC=humongous(continues), CS=collection set, F=free, A=archive, TAMS=top-at-mark-start (previous, next)
|   0|0x0000000700000000, 0x0000000700100000, 0x0000000700100000|100%|HS|  |TAMS 0x0000000700100000, 0x0000000700000000| Complete 
|   1|0x0000000700100000, 0x0000000700200000, 0x0000000700200000|100%|HS|  |TAMS 0x0000000700200000, 0x0000000700100000| Complete 
|   2|0x0000000700200000, 0x0000000700300000, 0x0000000700300000|100%|HC|  |TAMS 0x0000000700300000, 0x0000000700200000| Complete 
|   3|0x0000000700300000, 0x0000000700400000, 0x0000000700400000|100%|HS|  |TAMS 0x0000000700400000, 0x0000000700300000| Complete 
|   4|0x0000000700400000, 0x0000000700500000, 0x0000000700500000|100%|HC|  |TAMS 0x0000000700500000, 0x0000000700400000| Complete 
|   5|0x0000000700500000, 0x0000000700600000, 0x0000000700600000|100%|HC|  |TAMS 0x0000000700600000, 0x0000000700500000| Complete 
|   6|0x0000000700600000, 0x0000000700700000, 0x0000000700700000|100%|HS|  |TAMS 0x0000000700700000, 0x0000000700600000| Complete 
|   7|0x0000000700700000, 0x0000000700800000, 0x0000000700800000|100%|HC|  |TAMS 0x0000000700800000, 0x0000000700700000| Complete 
|   8|0x0000000700800000, 0x0000000700900000, 0x0000000700900000|100%|HC|  |TAMS 0x0000000700900000, 0x0000000700800000| Complete 
|   9|0x0000000700900000, 0x0000000700a00000, 0x0000000700a00000|100%|HC|  |TAMS 0x0000000700a00000, 0x0000000700900000| Complete 
|  10|0x0000000700a00000, 0x0000000700b00000, 0x0000000700b00000|100%|HC|  |TAMS 0x0000000700b00000, 0x0000000700a00000| Complete 
|  11|0x0000000700b00000, 0x0000000700c00000, 0x0000000700c00000|100%|HC|  |TAMS 0x0000000700c00000, 0x0000000700b00000| Complete 
|  12|0x0000000700c00000, 0x0000000700d00000, 0x0000000700d00000|100%|HC|  |TAMS 0x0000000700d00000, 0x0000000700c00000| Complete 
|  13|0x0000000700d00000, 0x0000000700e00000, 0x0000000700e00000|100%|HC|  |TAMS 0x0000000700e00000, 0x0000000700d00000| Complete 
|  14|0x0000000700e00000, 0x0000000700f00000, 0x0000000700f00000|100%|HC|  |TAMS 0x0000000700f00000, 0x0000000700e00000| Complete 
|  15|0x0000000700f00000, 0x0000000701000000, 0x0000000701000000|100%|HC|  |TAMS 0x0000000701000000, 0x0000000700f00000| Complete 
|  16|0x0000000701000000, 0x0000000701100000, 0x0000000701100000|100%|HC|  |TAMS 0x0000000701100000, 0x0000000701000000| Complete 
|  17|0x0000000701100000, 0x0000000701200000, 0x0000000701200000|100%|HC|  |TAMS 0x0000000701200000, 0x0000000701100000| Complete 
|  18|0x0000000701200000, 0x0000000701300000, 0x0000000701300000|100%|HC|  |TAMS 0x0000000701300000, 0x0000000701200000| Complete 
|  19|0x0000000701300000, 0x0000000701400000, 0x0000000701400000|100%|HC|  |TAMS 0x0000000701400000, 0x0000000701300000| Complete 
|  20|0x0000000701400000, 0x0000000701500000, 0x0000000701500000|100%|HC|  |TAMS 0x0000000701500000, 0x0000000701400000| Complete 
|  21|0x0000000701500000, 0x0000000701600000, 0x0000000701600000|100%|HC|  |TAMS 0x0000000701600000, 0x0000000701500000| Complete 
|  22|0x0000000701600000, 0x0000000701700000, 0x0000000701700000|100%|HS|  |TAMS 0x0000000701700000, 0x0000000701600000| Complete 
|  23|0x0000000701700000, 0x0000000701800000, 0x0000000701800000|100%|HC|  |TAMS 0x0000000701800000, 0x0000000701700000| Complete 
|  24|0x0000000701800000, 0x0000000701900000, 0x0000000701900000|100%| O|  |TAMS 0x0000000701900000, 0x0000000701800000| Untracked 
|  25|0x0000000701900000, 0x0000000701a00000, 0x0000000701a00000|100%| O|  |TAMS 0x0000000701a00000, 0x0000000701900000| Untracked 
|  26|0x0000000701a00000, 0x0000000701b00000, 0x0000000701b00000|100%| O|  |TAMS 0x0000000701b00000, 0x0000000701a00000| Untracked 
|  27|0x0000000701b00000, 0x0000000701c00000, 0x0000000701c00000|100%| O|  |TAMS 0x0000000701c00000, 0x0000000701b00000| Untracked 
|  28|0x0000000701c00000, 0x0000000701d00000, 0x0000000701d00000|100%| O|  |TAMS 0x0000000701d00000, 0x0000000701c00000| Untracked 
|  29|0x0000000701d00000, 0x0000000701e00000, 0x0000000701e00000|100%| O|  |TAMS 0x0000000701e00000, 0x0000000701d00000| Untracked 
|  30|0x0000000701e00000, 0x0000000701f00000, 0x0000000701f00000|100%| O|  |TAMS 0x0000000701f00000, 0x0000000701e00000| Untracked 
|  31|0x0000000701f00000, 0x0000000702000000, 0x0000000702000000|100%| O|  |TAMS 0x0000000702000000, 0x0000000701f00000| Untracked 
|  32|0x0000000702000000, 0x0000000702100000, 0x0000000702100000|100%| O|  |TAMS 0x0000000702100000, 0x0000000702000000| Untracked 
|  33|0x0000000702100000, 0x0000000702200000, 0x0000000702200000|100%| O|  |TAMS 0x0000000702200000, 0x0000000702100000| Untracked 
|  34|0x0000000702200000, 0x0000000702300000, 0x0000000702300000|100%| O|  |TAMS 0x0000000702300000, 0x0000000702200000| Untracked 
|  35|0x0000000702300000, 0x0000000702400000, 0x0000000702400000|100%| O|  |TAMS 0x0000000702400000, 0x0000000702300000| Untracked 
|  36|0x0000000702400000, 0x0000000702500000, 0x0000000702500000|100%| O|  |TAMS 0x0000000702500000, 0x0000000702400000| Untracked 
|  37|0x0000000702500000, 0x0000000702600000, 0x0000000702600000|100%| O|  |TAMS 0x0000000702600000, 0x0000000702500000| Untracked 
|  38|0x0000000702600000, 0x0000000702700000, 0x0000000702700000|100%| O|  |TAMS 0x0000000702700000, 0x0000000702600000| Untracked 
|  39|0x0000000702700000, 0x0000000702727400, 0x0000000702800000| 15%| O|  |TAMS 0x0000000702727400, 0x0000000702700000| Untracked 
|  40|0x0000000702800000, 0x0000000702900000, 0x0000000702900000|100%|HS|  |TAMS 0x0000000702800000, 0x0000000702800000| Complete 
|  41|0x0000000702900000, 0x0000000702a00000, 0x0000000702a00000|100%|HC|  |TAMS 0x0000000702900000, 0x0000000702900000| Complete 
|  42|0x0000000702a00000, 0x0000000702b00000, 0x0000000702b00000|100%|HC|  |TAMS 0x0000000702a00000, 0x0000000702a00000| Complete 
|  43|0x0000000702b00000, 0x0000000702c00000, 0x0000000702c00000|100%|HC|  |TAMS 0x0000000702b00000, 0x0000000702b00000| Complete 
|  44|0x0000000702c00000, 0x0000000702d00000, 0x0000000702d00000|100%|HC|  |TAMS 0x0000000702c00000, 0x0000000702c00000| Complete 
|  45|0x0000000702d00000, 0x0000000702e00000, 0x0000000702e00000|100%|HS|  |TAMS 0x0000000702d00000, 0x0000000702d00000| Complete 
|  46|0x0000000702e00000, 0x0000000702f00000, 0x0000000702f00000|100%|HC|  |TAMS 0x0000000702e00000, 0x0000000702e00000| Complete 
|  47|0x0000000702f00000, 0x0000000703000000, 0x0000000703000000|100%|HS|  |TAMS 0x0000000702f00000, 0x0000000702f00000| Complete 
|  48|0x0000000703000000, 0x0000000703100000, 0x0000000703100000|100%|HC|  |TAMS 0x0000000703000000, 0x0000000703000000| Complete 
|  49|0x0000000703100000, 0x0000000703200000, 0x0000000703200000|100%|HS|  |TAMS 0x0000000703100000, 0x0000000703100000| Complete 
|  50|0x0000000703200000, 0x0000000703300000, 0x0000000703300000|100%|HC|  |TAMS 0x0000000703200000, 0x0000000703200000| Complete 
|  51|0x0000000703300000, 0x0000000703400000, 0x0000000703400000|100%|HS|  |TAMS 0x0000000703300000, 0x0000000703300000| Complete 
|  52|0x0000000703400000, 0x0000000703500000, 0x0000000703500000|100%|HC|  |TAMS 0x0000000703400000, 0x0000000703400000| Complete 
|  53|0x0000000703500000, 0x0000000703600000, 0x0000000703600000|100%|HS|  |TAMS 0x0000000703500000, 0x0000000703500000| Complete 
|  54|0x0000000703600000, 0x0000000703700000, 0x0000000703700000|100%|HC|  |TAMS 0x0000000703600000, 0x0000000703600000| Complete 
|  55|0x0000000703700000, 0x0000000703800000, 0x0000000703800000|100%|HC|  |TAMS 0x0000000703700000, 0x0000000703700000| Complete 
|  56|0x0000000703800000, 0x0000000703900000, 0x0000000703900000|100%|HC|  |TAMS 0x0000000703800000, 0x0000000703800000| Complete 
|  57|0x0000000703900000, 0x0000000703a00000, 0x0000000703a00000|100%|HC|  |TAMS 0x0000000703900000, 0x0000000703900000| Complete 
|  58|0x0000000703a00000, 0x0000000703b00000, 0x0000000703b00000|100%|HC|  |TAMS 0x0000000703a00000, 0x0000000703a00000| Complete 
|  59|0x0000000703b00000, 0x0000000703c00000, 0x0000000703c00000|100%|HC|  |TAMS 0x0000000703b00000, 0x0000000703b00000| Complete 
|  60|0x0000000703c00000, 0x0000000703d00000, 0x0000000703d00000|100%|HC|  |TAMS 0x0000000703c00000, 0x0000000703c00000| Complete 
|  61|0x0000000703d00000, 0x0000000703e00000, 0x0000000703e00000|100%|HC|  |TAMS 0x0000000703d00000, 0x0000000703d00000| Complete 
|  62|0x0000000703e00000, 0x0000000703f00000, 0x0000000703f00000|100%|HC|  |TAMS 0x0000000703e00000, 0x0000000703e00000| Complete 
|  63|0x0000000703f00000, 0x0000000704000000, 0x0000000704000000|100%|HC|  |TAMS 0x0000000703f00000, 0x0000000703f00000| Complete 
|  64|0x0000000704000000, 0x0000000704100000, 0x0000000704100000|100%|HC|  |TAMS 0x0000000704000000, 0x0000000704000000| Complete 
|  65|0x0000000704100000, 0x0000000704200000, 0x0000000704200000|100%|HC|  |TAMS 0x0000000704100000, 0x0000000704100000| Complete 
|  66|0x0000000704200000, 0x0000000704300000, 0x0000000704300000|100%|HC|  |TAMS 0x0000000704200000, 0x0000000704200000| Complete 
|  67|0x0000000704300000, 0x0000000704400000, 0x0000000704400000|100%|HC|  |TAMS 0x0000000704300000, 0x0000000704300000| Complete 
|  68|0x0000000704400000, 0x0000000704500000, 0x0000000704500000|100%|HC|  |TAMS 0x0000000704400000, 0x0000000704400000| Complete 
|  69|0x0000000704500000, 0x0000000704600000, 0x0000000704600000|100%|HC|  |TAMS 0x0000000704500000, 0x0000000704500000| Complete 
|  70|0x0000000704600000, 0x0000000704700000, 0x0000000704700000|100%|HC|  |TAMS 0x0000000704600000, 0x0000000704600000| Complete 
|  71|0x0000000704700000, 0x0000000704800000, 0x0000000704800000|100%|HC|  |TAMS 0x0000000704700000, 0x0000000704700000| Complete 
|  72|0x0000000704800000, 0x0000000704900000, 0x0000000704900000|100%|HC|  |TAMS 0x0000000704800000, 0x0000000704800000| Complete 
|  73|0x0000000704900000, 0x0000000704a00000, 0x0000000704a00000|100%|HC|  |TAMS 0x0000000704900000, 0x0000000704900000| Complete 
|  74|0x0000000704a00000, 0x0000000704b00000, 0x0000000704b00000|100%|HC|  |TAMS 0x0000000704a00000, 0x0000000704a00000| Complete 
|  75|0x0000000704b00000, 0x0000000704c00000, 0x0000000704c00000|100%|HC|  |TAMS 0x0000000704b00000, 0x0000000704b00000| Complete 
|  76|0x0000000704c00000, 0x0000000704d00000, 0x0000000704d00000|100%|HC|  |TAMS 0x0000000704c00000, 0x0000000704c00000| Complete 
|  77|0x0000000704d00000, 0x0000000704e00000, 0x0000000704e00000|100%|HC|  |TAMS 0x0000000704d00000, 0x0000000704d00000| Complete 
|  78|0x0000000704e00000, 0x0000000704f00000, 0x0000000704f00000|100%|HC|  |TAMS 0x0000000704e00000, 0x0000000704e00000| Complete 
|  79|0x0000000704f00000, 0x0000000705000000, 0x0000000705000000|100%|HC|  |TAMS 0x0000000704f00000, 0x0000000704f00000| Complete 
|  80|0x0000000705000000, 0x0000000705100000, 0x0000000705100000|100%|HC|  |TAMS 0x0000000705000000, 0x0000000705000000| Complete 
|  81|0x0000000705100000, 0x0000000705200000, 0x0000000705200000|100%|HC|  |TAMS 0x0000000705100000, 0x0000000705100000| Complete 
|  82|0x0000000705200000, 0x0000000705300000, 0x0000000705300000|100%|HC|  |TAMS 0x0000000705200000, 0x0000000705200000| Complete 
|  83|0x0000000705300000, 0x0000000705400000, 0x0000000705400000|100%|HC|  |TAMS 0x0000000705300000, 0x0000000705300000| Complete 
|  84|0x0000000705400000, 0x0000000705500000, 0x0000000705500000|100%|HC|  |TAMS 0x0000000705400000, 0x0000000705400000| Complete 
|  85|0x0000000705500000, 0x0000000705600000, 0x0000000705600000|100%|HC|  |TAMS 0x0000000705500000, 0x0000000705500000| Complete 
|  86|0x0000000705600000, 0x0000000705700000, 0x0000000705700000|100%|HC|  |TAMS 0x0000000705600000, 0x0000000705600000| Complete 
|  87|0x0000000705700000, 0x0000000705800000, 0x0000000705800000|100%|HC|  |TAMS 0x0000000705700000, 0x0000000705700000| Complete 
|  88|0x0000000705800000, 0x0000000705900000, 0x0000000705900000|100%|HC|  |TAMS 0x0000000705800000, 0x0000000705800000| Complete 
|  89|0x0000000705900000, 0x0000000705a00000, 0x0000000705a00000|100%|HC|  |TAMS 0x0000000705900000, 0x0000000705900000| Complete 
|  90|0x0000000705a00000, 0x0000000705b00000, 0x0000000705b00000|100%|HC|  |TAMS 0x0000000705a00000, 0x0000000705a00000| Complete 
|  91|0x0000000705b00000, 0x0000000705c00000, 0x0000000705c00000|100%|HC|  |TAMS 0x0000000705b00000, 0x0000000705b00000| Complete 
|  92|0x0000000705c00000, 0x0000000705d00000, 0x0000000705d00000|100%|HC|  |TAMS 0x0000000705c00000, 0x0000000705c00000| Complete 
|  93|0x0000000705d00000, 0x0000000705e00000, 0x0000000705e00000|100%|HC|  |TAMS 0x0000000705d00000, 0x0000000705d00000| Complete 
|  94|0x0000000705e00000, 0x0000000705f00000, 0x0000000705f00000|100%|HC|  |TAMS 0x0000000705e00000, 0x0000000705e00000| Complete 
|  95|0x0000000705f00000, 0x0000000706000000, 0x0000000706000000|100%|HC|  |TAMS 0x0000000705f00000, 0x0000000705f00000| Complete 
|  96|0x0000000706000000, 0x0000000706100000, 0x0000000706100000|100%|HC|  |TAMS 0x0000000706000000, 0x0000000706000000| Complete 
|  97|0x0000000706100000, 0x0000000706200000, 0x0000000706200000|100%|HC|  |TAMS 0x0000000706100000, 0x0000000706100000| Complete 
|  98|0x0000000706200000, 0x0000000706300000, 0x0000000706300000|100%|HC|  |TAMS 0x0000000706200000, 0x0000000706200000| Complete 
|  99|0x0000000706300000, 0x0000000706400000, 0x0000000706400000|100%|HC|  |TAMS 0x0000000706300000, 0x0000000706300000| Complete 
| 100|0x0000000706400000, 0x0000000706500000, 0x0000000706500000|100%|HC|  |TAMS 0x0000000706400000, 0x0000000706400000| Complete 
| 101|0x0000000706500000, 0x0000000706600000, 0x0000000706600000|100%|HC|  |TAMS 0x0000000706500000, 0x0000000706500000| Complete 
| 102|0x0000000706600000, 0x0000000706700000, 0x0000000706700000|100%|HC|  |TAMS 0x0000000706600000, 0x0000000706600000| Complete 
| 103|0x0000000706700000, 0x0000000706800000, 0x0000000706800000|100%|HC|  |TAMS 0x0000000706700000, 0x0000000706700000| Complete 
| 104|0x0000000706800000, 0x0000000706900000, 0x0000000706900000|100%|HC|  |TAMS 0x0000000706800000, 0x0000000706800000| Complete 
| 105|0x0000000706900000, 0x0000000706a00000, 0x0000000706a00000|100%|HC|  |TAMS 0x0000000706900000, 0x0000000706900000| Complete 
| 106|0x0000000706a00000, 0x0000000706b00000, 0x0000000706b00000|100%|HC|  |TAMS 0x0000000706a00000, 0x0000000706a00000| Complete 
| 107|0x0000000706b00000, 0x0000000706c00000, 0x0000000706c00000|100%|HC|  |TAMS 0x0000000706b00000, 0x0000000706b00000| Complete 
| 108|0x0000000706c00000, 0x0000000706d00000, 0x0000000706d00000|100%|HC|  |TAMS 0x0000000706c00000, 0x0000000706c00000| Complete 
| 109|0x0000000706d00000, 0x0000000706e00000, 0x0000000706e00000|100%|HC|  |TAMS 0x0000000706d00000, 0x0000000706d00000| Complete 
| 110|0x0000000706e00000, 0x0000000706f00000, 0x0000000706f00000|100%|HC|  |TAMS 0x0000000706e00000, 0x0000000706e00000| Complete 
| 111|0x0000000706f00000, 0x0000000707000000, 0x0000000707000000|100%|HC|  |TAMS 0x0000000706f00000, 0x0000000706f00000| Complete 
| 112|0x0000000707000000, 0x0000000707100000, 0x0000000707100000|100%|HC|  |TAMS 0x0000000707000000, 0x0000000707000000| Complete 
| 113|0x0000000707100000, 0x0000000707200000, 0x0000000707200000|100%|HC|  |TAMS 0x0000000707100000, 0x0000000707100000| Complete 
| 114|0x0000000707200000, 0x0000000707300000, 0x0000000707300000|100%|HC|  |TAMS 0x0000000707200000, 0x0000000707200000| Complete 
| 115|0x0000000707300000, 0x0000000707400000, 0x0000000707400000|100%|HC|  |TAMS 0x0000000707300000, 0x0000000707300000| Complete 
| 116|0x0000000707400000, 0x0000000707500000, 0x0000000707500000|100%|HC|  |TAMS 0x0000000707400000, 0x0000000707400000| Complete 
| 117|0x0000000707500000, 0x0000000707600000, 0x0000000707600000|100%|HC|  |TAMS 0x0000000707500000, 0x0000000707500000| Complete 
| 118|0x0000000707600000, 0x0000000707700000, 0x0000000707700000|100%|HS|  |TAMS 0x0000000707600000, 0x0000000707600000| Complete 
| 119|0x0000000707700000, 0x0000000707800000, 0x0000000707800000|100%|HC|  |TAMS 0x0000000707700000, 0x0000000707700000| Complete 
| 120|0x0000000707800000, 0x0000000707900000, 0x0000000707900000|100%|HC|  |TAMS 0x0000000707800000, 0x0000000707800000| Complete 
| 121|0x0000000707900000, 0x0000000707a00000, 0x0000000707a00000|100%|HC|  |TAMS 0x0000000707900000, 0x0000000707900000| Complete 
| 122|0x0000000707a00000, 0x0000000707b00000, 0x0000000707b00000|100%|HC|  |TAMS 0x0000000707a00000, 0x0000000707a00000| Complete 
| 123|0x0000000707b00000, 0x0000000707c00000, 0x0000000707c00000|100%|HS|  |TAMS 0x0000000707b00000, 0x0000000707b00000| Complete 
| 124|0x0000000707c00000, 0x0000000707d00000, 0x0000000707d00000|100%|HC|  |TAMS 0x0000000707c00000, 0x0000000707c00000| Complete 
| 125|0x0000000707d00000, 0x0000000707e00000, 0x0000000707e00000|100%|HC|  |TAMS 0x0000000707d00000, 0x0000000707d00000| Complete 
| 126|0x0000000707e00000, 0x0000000707f00000, 0x0000000707f00000|100%|HC|  |TAMS 0x0000000707e00000, 0x0000000707e00000| Complete 
| 127|0x0000000707f00000, 0x0000000708000000, 0x0000000708000000|100%|HC|  |TAMS 0x0000000707f00000, 0x0000000707f00000| Complete 
| 128|0x0000000708000000, 0x0000000708100000, 0x0000000708100000|100%|HS|  |TAMS 0x0000000708000000, 0x0000000708000000| Complete 
| 129|0x0000000708100000, 0x0000000708200000, 0x0000000708200000|100%|HC|  |TAMS 0x0000000708100000, 0x0000000708100000| Complete 
| 130|0x0000000708200000, 0x0000000708300000, 0x0000000708300000|100%|HC|  |TAMS 0x0000000708200000, 0x0000000708200000| Complete 
| 131|0x0000000708300000, 0x0000000708400000, 0x0000000708400000|100%|HC|  |TAMS 0x0000000708300000, 0x0000000708300000| Complete 
| 132|0x0000000708400000, 0x0000000708500000, 0x0000000708500000|100%|HC|  |TAMS 0x0000000708400000, 0x0000000708400000| Complete 
| 133|0x0000000708500000, 0x0000000708500000, 0x0000000708600000|  0%| F|  |TAMS 0x0000000708500000, 0x0000000708500000| Untracked 
| 134|0x0000000708600000, 0x0000000708600000, 0x0000000708700000|  0%| F|  |TAMS 0x0000000708600000, 0x0000000708600000| Untracked 
| 135|0x0000000708700000, 0x0000000708700000, 0x0000000708800000|  0%| F|  |TAMS 0x0000000708700000, 0x0000000708700000| Untracked 
| 136|0x0000000708800000, 0x0000000708800000, 0x0000000708900000|  0%| F|  |TAMS 0x0000000708800000, 0x0000000708800000| Untracked 
| 137|0x0000000708900000, 0x0000000708900000, 0x0000000708a00000|  0%| F|  |TAMS 0x0000000708900000, 0x0000000708900000| Untracked 
| 138|0x0000000708a00000, 0x0000000708a00000, 0x0000000708b00000|  0%| F|  |TAMS 0x0000000708a00000, 0x0000000708a00000| Untracked 
| 139|0x0000000708b00000, 0x0000000708b00000, 0x0000000708c00000|  0%| F|  |TAMS 0x0000000708b00000, 0x0000000708b00000| Untracked 
| 140|0x0000000708c00000, 0x0000000708c00000, 0x0000000708d00000|  0%| F|  |TAMS 0x0000000708c00000, 0x0000000708c00000| Untracked 
| 141|0x0000000708d00000, 0x0000000708d00000, 0x0000000708e00000|  0%| F|  |TAMS 0x0000000708d00000, 0x0000000708d00000| Untracked 
| 142|0x0000000708e00000, 0x0000000708e00000, 0x0000000708f00000|  0%| F|  |TAMS 0x0000000708e00000, 0x0000000708e00000| Untracked 
| 143|0x0000000708f00000, 0x0000000708f00000, 0x0000000709000000|  0%| F|  |TAMS 0x0000000708f00000, 0x0000000708f00000| Untracked 
| 144|0x0000000709000000, 0x0000000709000000, 0x0000000709100000|  0%| F|  |TAMS 0x0000000709000000, 0x0000000709000000| Untracked 
| 145|0x0000000709100000, 0x0000000709100000, 0x0000000709200000|  0%| F|  |TAMS 0x0000000709100000, 0x0000000709100000| Untracked 
| 146|0x0000000709200000, 0x0000000709200000, 0x0000000709300000|  0%| F|  |TAMS 0x0000000709200000, 0x0000000709200000| Untracked 
| 147|0x0000000709300000, 0x0000000709300000, 0x0000000709400000|  0%| F|  |TAMS 0x0000000709300000, 0x0000000709300000| Untracked 
| 148|0x0000000709400000, 0x0000000709400000, 0x0000000709500000|  0%| F|  |TAMS 0x0000000709400000, 0x0000000709400000| Untracked 
| 149|0x0000000709500000, 0x0000000709500000, 0x0000000709600000|  0%| F|  |TAMS 0x0000000709500000, 0x0000000709500000| Untracked 
| 150|0x0000000709600000, 0x0000000709600000, 0x0000000709700000|  0%| F|  |TAMS 0x0000000709600000, 0x0000000709600000| Untracked 
| 151|0x0000000709700000, 0x0000000709700000, 0x0000000709800000|  0%| F|  |TAMS 0x0000000709700000, 0x0000000709700000| Untracked 
| 152|0x0000000709800000, 0x0000000709800000, 0x0000000709900000|  0%| F|  |TAMS 0x0000000709800000, 0x0000000709800000| Untracked 
| 153|0x0000000709900000, 0x0000000709900000, 0x0000000709a00000|  0%| F|  |TAMS 0x0000000709900000, 0x0000000709900000| Untracked 
| 154|0x0000000709a00000, 0x0000000709a00000, 0x0000000709b00000|  0%| F|  |TAMS 0x0000000709a00000, 0x0000000709a00000| Untracked 
| 155|0x0000000709b00000, 0x0000000709b00000, 0x0000000709c00000|  0%| F|  |TAMS 0x0000000709b00000, 0x0000000709b00000| Untracked 
| 156|0x0000000709c00000, 0x0000000709c00000, 0x0000000709d00000|  0%| F|  |TAMS 0x0000000709c00000, 0x0000000709c00000| Untracked 
| 157|0x0000000709d00000, 0x0000000709d00000, 0x0000000709e00000|  0%| F|  |TAMS 0x0000000709d00000, 0x0000000709d00000| Untracked 
| 158|0x0000000709e00000, 0x0000000709e00000, 0x0000000709f00000|  0%| F|  |TAMS 0x0000000709e00000, 0x0000000709e00000| Untracked 
| 159|0x0000000709f00000, 0x0000000709f00000, 0x000000070a000000|  0%| F|  |TAMS 0x0000000709f00000, 0x0000000709f00000| Untracked 
| 160|0x000000070a000000, 0x000000070a000000, 0x000000070a100000|  0%| F|  |TAMS 0x000000070a000000, 0x000000070a000000| Untracked 
| 161|0x000000070a100000, 0x000000070a100000, 0x000000070a200000|  0%| F|  |TAMS 0x000000070a100000, 0x000000070a100000| Untracked 
| 162|0x000000070a200000, 0x000000070a200000, 0x000000070a300000|  0%| F|  |TAMS 0x000000070a200000, 0x000000070a200000| Untracked 
| 163|0x000000070a300000, 0x000000070a300000, 0x000000070a400000|  0%| F|  |TAMS 0x000000070a300000, 0x000000070a300000| Untracked 
| 164|0x000000070a400000, 0x000000070a400000, 0x000000070a500000|  0%| F|  |TAMS 0x000000070a400000, 0x000000070a400000| Untracked 
| 165|0x000000070a500000, 0x000000070a500000, 0x000000070a600000|  0%| F|  |TAMS 0x000000070a500000, 0x000000070a500000| Untracked 
| 166|0x000000070a600000, 0x000000070a600000, 0x000000070a700000|  0%| F|  |TAMS 0x000000070a600000, 0x000000070a600000| Untracked 
| 167|0x000000070a700000, 0x000000070a700000, 0x000000070a800000|  0%| F|  |TAMS 0x000000070a700000, 0x000000070a700000| Untracked 
| 168|0x000000070a800000, 0x000000070a800000, 0x000000070a900000|  0%| F|  |TAMS 0x000000070a800000, 0x000000070a800000| Untracked 
| 169|0x000000070a900000, 0x000000070a900000, 0x000000070aa00000|  0%| F|  |TAMS 0x000000070a900000, 0x000000070a900000| Untracked 
| 170|0x000000070aa00000, 0x000000070aa00000, 0x000000070ab00000|  0%| F|  |TAMS 0x000000070aa00000, 0x000000070aa00000| Untracked 
| 171|0x000000070ab00000, 0x000000070ab00000, 0x000000070ac00000|  0%| F|  |TAMS 0x000000070ab00000, 0x000000070ab00000| Untracked 
| 172|0x000000070ac00000, 0x000000070ac00000, 0x000000070ad00000|  0%| F|  |TAMS 0x000000070ac00000, 0x000000070ac00000| Untracked 
| 173|0x000000070ad00000, 0x000000070ad00000, 0x000000070ae00000|  0%| F|  |TAMS 0x000000070ad00000, 0x000000070ad00000| Untracked 
| 174|0x000000070ae00000, 0x000000070ae00000, 0x000000070af00000|  0%| F|  |TAMS 0x000000070ae00000, 0x000000070ae00000| Untracked 
| 175|0x000000070af00000, 0x000000070af00000, 0x000000070b000000|  0%| F|  |TAMS 0x000000070af00000, 0x000000070af00000| Untracked 
| 176|0x000000070b000000, 0x000000070b000000, 0x000000070b100000|  0%| F|  |TAMS 0x000000070b000000, 0x000000070b000000| Untracked 
| 177|0x000000070b100000, 0x000000070b100000, 0x000000070b200000|  0%| F|  |TAMS 0x000000070b100000, 0x000000070b100000| Untracked 
| 178|0x000000070b200000, 0x000000070b200000, 0x000000070b300000|  0%| F|  |TAMS 0x000000070b200000, 0x000000070b200000| Untracked 
| 179|0x000000070b300000, 0x000000070b300000, 0x000000070b400000|  0%| F|  |TAMS 0x000000070b300000, 0x000000070b300000| Untracked 
| 180|0x000000070b400000, 0x000000070b400000, 0x000000070b500000|  0%| F|  |TAMS 0x000000070b400000, 0x000000070b400000| Untracked 
| 181|0x000000070b500000, 0x000000070b500000, 0x000000070b600000|  0%| F|  |TAMS 0x000000070b500000, 0x000000070b500000| Untracked 
| 182|0x000000070b600000, 0x000000070b600000, 0x000000070b700000|  0%| F|  |TAMS 0x000000070b600000, 0x000000070b600000| Untracked 
| 183|0x000000070b700000, 0x000000070b700000, 0x000000070b800000|  0%| F|  |TAMS 0x000000070b700000, 0x000000070b700000| Untracked 
| 184|0x000000070b800000, 0x000000070b800000, 0x000000070b900000|  0%| F|  |TAMS 0x000000070b800000, 0x000000070b800000| Untracked 
| 185|0x000000070b900000, 0x000000070b900000, 0x000000070ba00000|  0%| F|  |TAMS 0x000000070b900000, 0x000000070b900000| Untracked 
| 186|0x000000070ba00000, 0x000000070ba00000, 0x000000070bb00000|  0%| F|  |TAMS 0x000000070ba00000, 0x000000070ba00000| Untracked 
| 187|0x000000070bb00000, 0x000000070bb00000, 0x000000070bc00000|  0%| F|  |TAMS 0x000000070bb00000, 0x000000070bb00000| Untracked 
| 188|0x000000070bc00000, 0x000000070bc00000, 0x000000070bd00000|  0%| F|  |TAMS 0x000000070bc00000, 0x000000070bc00000| Untracked 
| 189|0x000000070bd00000, 0x000000070bd00000, 0x000000070be00000|  0%| F|  |TAMS 0x000000070bd00000, 0x000000070bd00000| Untracked 
| 190|0x000000070be00000, 0x000000070be00000, 0x000000070bf00000|  0%| F|  |TAMS 0x000000070be00000, 0x000000070be00000| Untracked 
| 191|0x000000070bf00000, 0x000000070bf00000, 0x000000070c000000|  0%| F|  |TAMS 0x000000070bf00000, 0x000000070bf00000| Untracked 
| 192|0x000000070c000000, 0x000000070c000000, 0x000000070c100000|  0%| F|  |TAMS 0x000000070c000000, 0x000000070c000000| Untracked 
| 193|0x000000070c100000, 0x000000070c100000, 0x000000070c200000|  0%| F|  |TAMS 0x000000070c100000, 0x000000070c100000| Untracked 
| 194|0x000000070c200000, 0x000000070c200000, 0x000000070c300000|  0%| F|  |TAMS 0x000000070c200000, 0x000000070c200000| Untracked 
| 195|0x000000070c300000, 0x000000070c300000, 0x000000070c400000|  0%| F|  |TAMS 0x000000070c300000, 0x000000070c300000| Untracked 
| 196|0x000000070c400000, 0x000000070c400000, 0x000000070c500000|  0%| F|  |TAMS 0x000000070c400000, 0x000000070c400000| Untracked 
| 197|0x000000070c500000, 0x000000070c500000, 0x000000070c600000|  0%| F|  |TAMS 0x000000070c500000, 0x000000070c500000| Untracked 
| 198|0x000000070c600000, 0x000000070c600000, 0x000000070c700000|  0%| F|  |TAMS 0x000000070c600000, 0x000000070c600000| Untracked 
| 199|0x000000070c700000, 0x000000070c700000, 0x000000070c800000|  0%| F|  |TAMS 0x000000070c700000, 0x000000070c700000| Untracked 
| 200|0x000000070c800000, 0x000000070c800000, 0x000000070c900000|  0%| F|  |TAMS 0x000000070c800000, 0x000000070c800000| Untracked 
| 201|0x000000070c900000, 0x000000070c900000, 0x000000070ca00000|  0%| F|  |TAMS 0x000000070c900000, 0x000000070c900000| Untracked 
| 202|0x000000070ca00000, 0x000000070ca00000, 0x000000070cb00000|  0%| F|  |TAMS 0x000000070ca00000, 0x000000070ca00000| Untracked 
| 203|0x000000070cb00000, 0x000000070cb00000, 0x000000070cc00000|  0%| F|  |TAMS 0x000000070cb00000, 0x000000070cb00000| Untracked 
| 204|0x000000070cc00000, 0x000000070cc00000, 0x000000070cd00000|  0%| F|  |TAMS 0x000000070cc00000, 0x000000070cc00000| Untracked 
| 205|0x000000070cd00000, 0x000000070cd00000, 0x000000070ce00000|  0%| F|  |TAMS 0x000000070cd00000, 0x000000070cd00000| Untracked 
| 206|0x000000070ce00000, 0x000000070ce00000, 0x000000070cf00000|  0%| F|  |TAMS 0x000000070ce00000, 0x000000070ce00000| Untracked 
| 207|0x000000070cf00000, 0x000000070cf00000, 0x000000070d000000|  0%| F|  |TAMS 0x000000070cf00000, 0x000000070cf00000| Untracked 
| 208|0x000000070d000000, 0x000000070d000000, 0x000000070d100000|  0%| F|  |TAMS 0x000000070d000000, 0x000000070d000000| Untracked 
| 209|0x000000070d100000, 0x000000070d100000, 0x000000070d200000|  0%| F|  |TAMS 0x000000070d100000, 0x000000070d100000| Untracked 
| 210|0x000000070d200000, 0x000000070d200000, 0x000000070d300000|  0%| F|  |TAMS 0x000000070d200000, 0x000000070d200000| Untracked 
| 211|0x000000070d300000, 0x000000070d300000, 0x000000070d400000|  0%| F|  |TAMS 0x000000070d300000, 0x000000070d300000| Untracked 
| 212|0x000000070d400000, 0x000000070d400000, 0x000000070d500000|  0%| F|  |TAMS 0x000000070d400000, 0x000000070d400000| Untracked 
| 213|0x000000070d500000, 0x000000070d500000, 0x000000070d600000|  0%| F|  |TAMS 0x000000070d500000, 0x000000070d500000| Untracked 
| 214|0x000000070d600000, 0x000000070d600000, 0x000000070d700000|  0%| F|  |TAMS 0x000000070d600000, 0x000000070d600000| Untracked 
| 215|0x000000070d700000, 0x000000070d700000, 0x000000070d800000|  0%| F|  |TAMS 0x000000070d700000, 0x000000070d700000| Untracked 
| 216|0x000000070d800000, 0x000000070d800000, 0x000000070d900000|  0%| F|  |TAMS 0x000000070d800000, 0x000000070d800000| Untracked 
| 217|0x000000070d900000, 0x000000070d900000, 0x000000070da00000|  0%| F|  |TAMS 0x000000070d900000, 0x000000070d900000| Untracked 
| 218|0x000000070da00000, 0x000000070da00000, 0x000000070db00000|  0%| F|  |TAMS 0x000000070da00000, 0x000000070da00000| Untracked 
| 219|0x000000070db00000, 0x000000070db00000, 0x000000070dc00000|  0%| F|  |TAMS 0x000000070db00000, 0x000000070db00000| Untracked 
| 220|0x000000070dc00000, 0x000000070dc00000, 0x000000070dd00000|  0%| F|  |TAMS 0x000000070dc00000, 0x000000070dc00000| Untracked 
| 221|0x000000070dd00000, 0x000000070dd00000, 0x000000070de00000|  0%| F|  |TAMS 0x000000070dd00000, 0x000000070dd00000| Untracked 
| 222|0x000000070de00000, 0x000000070de00000, 0x000000070df00000|  0%| F|  |TAMS 0x000000070de00000, 0x000000070de00000| Untracked 
| 223|0x000000070df00000, 0x000000070df00000, 0x000000070e000000|  0%| F|  |TAMS 0x000000070df00000, 0x000000070df00000| Untracked 
| 224|0x000000070e000000, 0x000000070e000000, 0x000000070e100000|  0%| F|  |TAMS 0x000000070e000000, 0x000000070e000000| Untracked 
| 225|0x000000070e100000, 0x000000070e100000, 0x000000070e200000|  0%| F|  |TAMS 0x000000070e100000, 0x000000070e100000| Untracked 
| 226|0x000000070e200000, 0x000000070e200000, 0x000000070e300000|  0%| F|  |TAMS 0x000000070e200000, 0x000000070e200000| Untracked 
| 227|0x000000070e300000, 0x000000070e300000, 0x000000070e400000|  0%| F|  |TAMS 0x000000070e300000, 0x000000070e300000| Untracked 
| 228|0x000000070e400000, 0x000000070e400000, 0x000000070e500000|  0%| F|  |TAMS 0x000000070e400000, 0x000000070e400000| Untracked 
| 229|0x000000070e500000, 0x000000070e500000, 0x000000070e600000|  0%| F|  |TAMS 0x000000070e500000, 0x000000070e500000| Untracked 
| 230|0x000000070e600000, 0x000000070e600000, 0x000000070e700000|  0%| F|  |TAMS 0x000000070e600000, 0x000000070e600000| Untracked 
| 231|0x000000070e700000, 0x000000070e700000, 0x000000070e800000|  0%| F|  |TAMS 0x000000070e700000, 0x000000070e700000| Untracked 
| 232|0x000000070e800000, 0x000000070e800000, 0x000000070e900000|  0%| F|  |TAMS 0x000000070e800000, 0x000000070e800000| Untracked 
| 233|0x000000070e900000, 0x000000070e900000, 0x000000070ea00000|  0%| F|  |TAMS 0x000000070e900000, 0x000000070e900000| Untracked 
| 234|0x000000070ea00000, 0x000000070ea00000, 0x000000070eb00000|  0%| F|  |TAMS 0x000000070ea00000, 0x000000070ea00000| Untracked 
| 235|0x000000070eb00000, 0x000000070eb00000, 0x000000070ec00000|  0%| F|  |TAMS 0x000000070eb00000, 0x000000070eb00000| Untracked 
| 236|0x000000070ec00000, 0x000000070ec00000, 0x000000070ed00000|  0%| F|  |TAMS 0x000000070ec00000, 0x000000070ec00000| Untracked 
| 237|0x000000070ed00000, 0x000000070ed00000, 0x000000070ee00000|  0%| F|  |TAMS 0x000000070ed00000, 0x000000070ed00000| Untracked 
| 238|0x000000070ee00000, 0x000000070ee00000, 0x000000070ef00000|  0%| F|  |TAMS 0x000000070ee00000, 0x000000070ee00000| Untracked 
| 239|0x000000070ef00000, 0x000000070ef00000, 0x000000070f000000|  0%| F|  |TAMS 0x000000070ef00000, 0x000000070ef00000| Untracked 
| 240|0x000000070f000000, 0x000000070f000000, 0x000000070f100000|  0%| F|  |TAMS 0x000000070f000000, 0x000000070f000000| Untracked 
| 241|0x000000070f100000, 0x000000070f100000, 0x000000070f200000|  0%| F|  |TAMS 0x000000070f100000, 0x000000070f100000| Untracked 
| 242|0x000000070f200000, 0x000000070f200000, 0x000000070f300000|  0%| F|  |TAMS 0x000000070f200000, 0x000000070f200000| Untracked 
| 243|0x000000070f300000, 0x000000070f300000, 0x000000070f400000|  0%| F|  |TAMS 0x000000070f300000, 0x000000070f300000| Untracked 
| 244|0x000000070f400000, 0x000000070f400000, 0x000000070f500000|  0%| F|  |TAMS 0x000000070f400000, 0x000000070f400000| Untracked 
| 245|0x000000070f500000, 0x000000070f500000, 0x000000070f600000|  0%| F|  |TAMS 0x000000070f500000, 0x000000070f500000| Untracked 
| 246|0x000000070f600000, 0x000000070f600000, 0x000000070f700000|  0%| F|  |TAMS 0x000000070f600000, 0x000000070f600000| Untracked 
| 247|0x000000070f700000, 0x000000070f700000, 0x000000070f800000|  0%| F|  |TAMS 0x000000070f700000, 0x000000070f700000| Untracked 
| 248|0x000000070f800000, 0x000000070f800000, 0x000000070f900000|  0%| F|  |TAMS 0x000000070f800000, 0x000000070f800000| Untracked 
| 249|0x000000070f900000, 0x000000070f900000, 0x000000070fa00000|  0%| F|  |TAMS 0x000000070f900000, 0x000000070f900000| Untracked 
| 250|0x000000070fa00000, 0x000000070fa00000, 0x000000070fb00000|  0%| F|  |TAMS 0x000000070fa00000, 0x000000070fa00000| Untracked 
| 251|0x000000070fb00000, 0x000000070fb00000, 0x000000070fc00000|  0%| F|  |TAMS 0x000000070fb00000, 0x000000070fb00000| Untracked 
| 252|0x000000070fc00000, 0x000000070fc00000, 0x000000070fd00000|  0%| F|  |TAMS 0x000000070fc00000, 0x000000070fc00000| Untracked 
| 253|0x000000070fd00000, 0x000000070fd00000, 0x000000070fe00000|  0%| F|  |TAMS 0x000000070fd00000, 0x000000070fd00000| Untracked 
| 254|0x000000070fe00000, 0x000000070fe00000, 0x000000070ff00000|  0%| F|  |TAMS 0x000000070fe00000, 0x000000070fe00000| Untracked 
| 255|0x000000070ff00000, 0x000000070ff00000, 0x0000000710000000|  0%| F|  |TAMS 0x000000070ff00000, 0x000000070ff00000| Untracked 
| 256|0x0000000710000000, 0x0000000710000000, 0x0000000710100000|  0%| F|  |TAMS 0x0000000710000000, 0x0000000710000000| Untracked 
| 257|0x0000000710100000, 0x0000000710100000, 0x0000000710200000|  0%| F|  |TAMS 0x0000000710100000, 0x0000000710100000| Untracked 
| 258|0x0000000710200000, 0x0000000710200000, 0x0000000710300000|  0%| F|  |TAMS 0x0000000710200000, 0x0000000710200000| Untracked 
| 259|0x0000000710300000, 0x0000000710300000, 0x0000000710400000|  0%| F|  |TAMS 0x0000000710300000, 0x0000000710300000| Untracked 
| 260|0x0000000710400000, 0x0000000710400000, 0x0000000710500000|  0%| F|  |TAMS 0x0000000710400000, 0x0000000710400000| Untracked 
| 261|0x0000000710500000, 0x0000000710500000, 0x0000000710600000|  0%| F|  |TAMS 0x0000000710500000, 0x0000000710500000| Untracked 
| 262|0x0000000710600000, 0x0000000710600000, 0x0000000710700000|  0%| F|  |TAMS 0x0000000710600000, 0x0000000710600000| Untracked 
| 263|0x0000000710700000, 0x0000000710700000, 0x0000000710800000|  0%| F|  |TAMS 0x0000000710700000, 0x0000000710700000| Untracked 
| 264|0x0000000710800000, 0x0000000710800000, 0x0000000710900000|  0%| F|  |TAMS 0x0000000710800000, 0x0000000710800000| Untracked 
| 265|0x0000000710900000, 0x0000000710900000, 0x0000000710a00000|  0%| F|  |TAMS 0x0000000710900000, 0x0000000710900000| Untracked 
| 266|0x0000000710a00000, 0x0000000710a00000, 0x0000000710b00000|  0%| F|  |TAMS 0x0000000710a00000, 0x0000000710a00000| Untracked 
| 267|0x0000000710b00000, 0x0000000710b00000, 0x0000000710c00000|  0%| F|  |TAMS 0x0000000710b00000, 0x0000000710b00000| Untracked 
| 268|0x0000000710c00000, 0x0000000710c00000, 0x0000000710d00000|  0%| F|  |TAMS 0x0000000710c00000, 0x0000000710c00000| Untracked 
| 269|0x0000000710d00000, 0x0000000710d00000, 0x0000000710e00000|  0%| F|  |TAMS 0x0000000710d00000, 0x0000000710d00000| Untracked 
| 270|0x0000000710e00000, 0x0000000710e00000, 0x0000000710f00000|  0%| F|  |TAMS 0x0000000710e00000, 0x0000000710e00000| Untracked 
| 271|0x0000000710f00000, 0x0000000710f00000, 0x0000000711000000|  0%| F|  |TAMS 0x0000000710f00000, 0x0000000710f00000| Untracked 
| 272|0x0000000711000000, 0x0000000711000000, 0x0000000711100000|  0%| F|  |TAMS 0x0000000711000000, 0x0000000711000000| Untracked 
| 273|0x0000000711100000, 0x0000000711100000, 0x0000000711200000|  0%| F|  |TAMS 0x0000000711100000, 0x0000000711100000| Untracked 
| 274|0x0000000711200000, 0x0000000711200000, 0x0000000711300000|  0%| F|  |TAMS 0x0000000711200000, 0x0000000711200000| Untracked 
| 275|0x0000000711300000, 0x0000000711300000, 0x0000000711400000|  0%| F|  |TAMS 0x0000000711300000, 0x0000000711300000| Untracked 
| 276|0x0000000711400000, 0x0000000711400000, 0x0000000711500000|  0%| F|  |TAMS 0x0000000711400000, 0x0000000711400000| Untracked 
| 277|0x0000000711500000, 0x0000000711500000, 0x0000000711600000|  0%| F|  |TAMS 0x0000000711500000, 0x0000000711500000| Untracked 
| 278|0x0000000711600000, 0x0000000711600000, 0x0000000711700000|  0%| F|  |TAMS 0x0000000711600000, 0x0000000711600000| Untracked 
| 279|0x0000000711700000, 0x0000000711700000, 0x0000000711800000|  0%| F|  |TAMS 0x0000000711700000, 0x0000000711700000| Untracked 
| 280|0x0000000711800000, 0x0000000711800000, 0x0000000711900000|  0%| F|  |TAMS 0x0000000711800000, 0x0000000711800000| Untracked 
| 281|0x0000000711900000, 0x0000000711900000, 0x0000000711a00000|  0%| F|  |TAMS 0x0000000711900000, 0x0000000711900000| Untracked 
| 282|0x0000000711a00000, 0x0000000711a00000, 0x0000000711b00000|  0%| F|  |TAMS 0x0000000711a00000, 0x0000000711a00000| Untracked 
| 283|0x0000000711b00000, 0x0000000711b00000, 0x0000000711c00000|  0%| F|  |TAMS 0x0000000711b00000, 0x0000000711b00000| Untracked 
| 284|0x0000000711c00000, 0x0000000711c00000, 0x0000000711d00000|  0%| F|  |TAMS 0x0000000711c00000, 0x0000000711c00000| Untracked 
| 285|0x0000000711d00000, 0x0000000711d00000, 0x0000000711e00000|  0%| F|  |TAMS 0x0000000711d00000, 0x0000000711d00000| Untracked 
| 286|0x0000000711e00000, 0x0000000711e00000, 0x0000000711f00000|  0%| F|  |TAMS 0x0000000711e00000, 0x0000000711e00000| Untracked 
| 287|0x0000000711f00000, 0x0000000711f00000, 0x0000000712000000|  0%| F|  |TAMS 0x0000000711f00000, 0x0000000711f00000| Untracked 
| 288|0x0000000712000000, 0x0000000712000000, 0x0000000712100000|  0%| F|  |TAMS 0x0000000712000000, 0x0000000712000000| Untracked 
| 289|0x0000000712100000, 0x0000000712100000, 0x0000000712200000|  0%| F|  |TAMS 0x0000000712100000, 0x0000000712100000| Untracked 
| 290|0x0000000712200000, 0x0000000712200000, 0x0000000712300000|  0%| F|  |TAMS 0x0000000712200000, 0x0000000712200000| Untracked 
| 291|0x0000000712300000, 0x0000000712300000, 0x0000000712400000|  0%| F|  |TAMS 0x0000000712300000, 0x0000000712300000| Untracked 
| 292|0x0000000712400000, 0x0000000712400000, 0x0000000712500000|  0%| F|  |TAMS 0x0000000712400000, 0x0000000712400000| Untracked 
| 293|0x0000000712500000, 0x0000000712500000, 0x0000000712600000|  0%| F|  |TAMS 0x0000000712500000, 0x0000000712500000| Untracked 
| 294|0x0000000712600000, 0x0000000712600000, 0x0000000712700000|  0%| F|  |TAMS 0x0000000712600000, 0x0000000712600000| Untracked 
| 295|0x0000000712700000, 0x0000000712700000, 0x0000000712800000|  0%| F|  |TAMS 0x0000000712700000, 0x0000000712700000| Untracked 
| 296|0x0000000712800000, 0x0000000712800000, 0x0000000712900000|  0%| F|  |TAMS 0x0000000712800000, 0x0000000712800000| Untracked 
| 297|0x0000000712900000, 0x0000000712900000, 0x0000000712a00000|  0%| F|  |TAMS 0x0000000712900000, 0x0000000712900000| Untracked 
| 298|0x0000000712a00000, 0x0000000712a00000, 0x0000000712b00000|  0%| F|  |TAMS 0x0000000712a00000, 0x0000000712a00000| Untracked 
| 299|0x0000000712b00000, 0x0000000712b00000, 0x0000000712c00000|  0%| F|  |TAMS 0x0000000712b00000, 0x0000000712b00000| Untracked 
| 300|0x0000000712c00000, 0x0000000712c00000, 0x0000000712d00000|  0%| F|  |TAMS 0x0000000712c00000, 0x0000000712c00000| Untracked 
| 301|0x0000000712d00000, 0x0000000712d00000, 0x0000000712e00000|  0%| F|  |TAMS 0x0000000712d00000, 0x0000000712d00000| Untracked 
| 302|0x0000000712e00000, 0x0000000712e00000, 0x0000000712f00000|  0%| F|  |TAMS 0x0000000712e00000, 0x0000000712e00000| Untracked 
| 303|0x0000000712f00000, 0x0000000712f00000, 0x0000000713000000|  0%| F|  |TAMS 0x0000000712f00000, 0x0000000712f00000| Untracked 
| 304|0x0000000713000000, 0x0000000713000000, 0x0000000713100000|  0%| F|  |TAMS 0x0000000713000000, 0x0000000713000000| Untracked 
| 305|0x0000000713100000, 0x0000000713100000, 0x0000000713200000|  0%| F|  |TAMS 0x0000000713100000, 0x0000000713100000| Untracked 
| 306|0x0000000713200000, 0x0000000713200000, 0x0000000713300000|  0%| F|  |TAMS 0x0000000713200000, 0x0000000713200000| Untracked 
| 307|0x0000000713300000, 0x0000000713300000, 0x0000000713400000|  0%| F|  |TAMS 0x0000000713300000, 0x0000000713300000| Untracked 
| 308|0x0000000713400000, 0x0000000713400000, 0x0000000713500000|  0%| F|  |TAMS 0x0000000713400000, 0x0000000713400000| Untracked 
| 309|0x0000000713500000, 0x0000000713500000, 0x0000000713600000|  0%| F|  |TAMS 0x0000000713500000, 0x0000000713500000| Untracked 
| 310|0x0000000713600000, 0x0000000713600000, 0x0000000713700000|  0%| F|  |TAMS 0x0000000713600000, 0x0000000713600000| Untracked 
| 311|0x0000000713700000, 0x0000000713700000, 0x0000000713800000|  0%| F|  |TAMS 0x0000000713700000, 0x0000000713700000| Untracked 
| 312|0x0000000713800000, 0x0000000713800000, 0x0000000713900000|  0%| F|  |TAMS 0x0000000713800000, 0x0000000713800000| Untracked 
| 313|0x0000000713900000, 0x0000000713900000, 0x0000000713a00000|  0%| F|  |TAMS 0x0000000713900000, 0x0000000713900000| Untracked 
| 314|0x0000000713a00000, 0x0000000713a00000, 0x0000000713b00000|  0%| F|  |TAMS 0x0000000713a00000, 0x0000000713a00000| Untracked 
| 315|0x0000000713b00000, 0x0000000713b00000, 0x0000000713c00000|  0%| F|  |TAMS 0x0000000713b00000, 0x0000000713b00000| Untracked 
| 316|0x0000000713c00000, 0x0000000713c00000, 0x0000000713d00000|  0%| F|  |TAMS 0x0000000713c00000, 0x0000000713c00000| Untracked 
| 317|0x0000000713d00000, 0x0000000713d00000, 0x0000000713e00000|  0%| F|  |TAMS 0x0000000713d00000, 0x0000000713d00000| Untracked 
| 318|0x0000000713e00000, 0x0000000713e00000, 0x0000000713f00000|  0%| F|  |TAMS 0x0000000713e00000, 0x0000000713e00000| Untracked 
| 319|0x0000000713f00000, 0x0000000713f00000, 0x0000000714000000|  0%| F|  |TAMS 0x0000000713f00000, 0x0000000713f00000| Untracked 
| 320|0x0000000714000000, 0x0000000714000000, 0x0000000714100000|  0%| F|  |TAMS 0x0000000714000000, 0x0000000714000000| Untracked 
| 321|0x0000000714100000, 0x0000000714100000, 0x0000000714200000|  0%| F|  |TAMS 0x0000000714100000, 0x0000000714100000| Untracked 
| 322|0x0000000714200000, 0x0000000714200000, 0x0000000714300000|  0%| F|  |TAMS 0x0000000714200000, 0x0000000714200000| Untracked 
| 323|0x0000000714300000, 0x0000000714300000, 0x0000000714400000|  0%| F|  |TAMS 0x0000000714300000, 0x0000000714300000| Untracked 
| 324|0x0000000714400000, 0x0000000714400000, 0x0000000714500000|  0%| F|  |TAMS 0x0000000714400000, 0x0000000714400000| Untracked 
| 325|0x0000000714500000, 0x0000000714500000, 0x0000000714600000|  0%| F|  |TAMS 0x0000000714500000, 0x0000000714500000| Untracked 
| 326|0x0000000714600000, 0x0000000714600000, 0x0000000714700000|  0%| F|  |TAMS 0x0000000714600000, 0x0000000714600000| Untracked 
| 327|0x0000000714700000, 0x0000000714700000, 0x0000000714800000|  0%| F|  |TAMS 0x0000000714700000, 0x0000000714700000| Untracked 
| 328|0x0000000714800000, 0x0000000714800000, 0x0000000714900000|  0%| F|  |TAMS 0x0000000714800000, 0x0000000714800000| Untracked 
| 329|0x0000000714900000, 0x0000000714900000, 0x0000000714a00000|  0%| F|  |TAMS 0x0000000714900000, 0x0000000714900000| Untracked 
| 330|0x0000000714a00000, 0x0000000714a00000, 0x0000000714b00000|  0%| F|  |TAMS 0x0000000714a00000, 0x0000000714a00000| Untracked 
| 331|0x0000000714b00000, 0x0000000714b00000, 0x0000000714c00000|  0%| F|  |TAMS 0x0000000714b00000, 0x0000000714b00000| Untracked 
| 332|0x0000000714c00000, 0x0000000714c00000, 0x0000000714d00000|  0%| F|  |TAMS 0x0000000714c00000, 0x0000000714c00000| Untracked 
| 333|0x0000000714d00000, 0x0000000714d00000, 0x0000000714e00000|  0%| F|  |TAMS 0x0000000714d00000, 0x0000000714d00000| Untracked 
| 334|0x0000000714e00000, 0x0000000714e00000, 0x0000000714f00000|  0%| F|  |TAMS 0x0000000714e00000, 0x0000000714e00000| Untracked 
| 335|0x0000000714f00000, 0x0000000714f00000, 0x0000000715000000|  0%| F|  |TAMS 0x0000000714f00000, 0x0000000714f00000| Untracked 
| 336|0x0000000715000000, 0x0000000715000000, 0x0000000715100000|  0%| F|  |TAMS 0x0000000715000000, 0x0000000715000000| Untracked 
| 337|0x0000000715100000, 0x0000000715100000, 0x0000000715200000|  0%| F|  |TAMS 0x0000000715100000, 0x0000000715100000| Untracked 
| 338|0x0000000715200000, 0x0000000715200000, 0x0000000715300000|  0%| F|  |TAMS 0x0000000715200000, 0x0000000715200000| Untracked 
| 339|0x0000000715300000, 0x0000000715300000, 0x0000000715400000|  0%| F|  |TAMS 0x0000000715300000, 0x0000000715300000| Untracked 
| 340|0x0000000715400000, 0x0000000715400000, 0x0000000715500000|  0%| F|  |TAMS 0x0000000715400000, 0x0000000715400000| Untracked 
| 341|0x0000000715500000, 0x0000000715500000, 0x0000000715600000|  0%| F|  |TAMS 0x0000000715500000, 0x0000000715500000| Untracked 
| 342|0x0000000715600000, 0x0000000715600000, 0x0000000715700000|  0%| F|  |TAMS 0x0000000715600000, 0x0000000715600000| Untracked 
| 343|0x0000000715700000, 0x0000000715700000, 0x0000000715800000|  0%| F|  |TAMS 0x0000000715700000, 0x0000000715700000| Untracked 
| 344|0x0000000715800000, 0x0000000715800000, 0x0000000715900000|  0%| F|  |TAMS 0x0000000715800000, 0x0000000715800000| Untracked 
| 345|0x0000000715900000, 0x0000000715900000, 0x0000000715a00000|  0%| F|  |TAMS 0x0000000715900000, 0x0000000715900000| Untracked 
| 346|0x0000000715a00000, 0x0000000715a00000, 0x0000000715b00000|  0%| F|  |TAMS 0x0000000715a00000, 0x0000000715a00000| Untracked 
| 347|0x0000000715b00000, 0x0000000715b00000, 0x0000000715c00000|  0%| F|  |TAMS 0x0000000715b00000, 0x0000000715b00000| Untracked 
| 348|0x0000000715c00000, 0x0000000715c00000, 0x0000000715d00000|  0%| F|  |TAMS 0x0000000715c00000, 0x0000000715c00000| Untracked 
| 349|0x0000000715d00000, 0x0000000715d00000, 0x0000000715e00000|  0%| F|  |TAMS 0x0000000715d00000, 0x0000000715d00000| Untracked 
| 350|0x0000000715e00000, 0x0000000715e00000, 0x0000000715f00000|  0%| F|  |TAMS 0x0000000715e00000, 0x0000000715e00000| Untracked 
| 351|0x0000000715f00000, 0x0000000715f00000, 0x0000000716000000|  0%| F|  |TAMS 0x0000000715f00000, 0x0000000715f00000| Untracked 
| 352|0x0000000716000000, 0x0000000716000000, 0x0000000716100000|  0%| F|  |TAMS 0x0000000716000000, 0x0000000716000000| Untracked 
| 353|0x0000000716100000, 0x0000000716100000, 0x0000000716200000|  0%| F|  |TAMS 0x0000000716100000, 0x0000000716100000| Untracked 
| 354|0x0000000716200000, 0x0000000716200000, 0x0000000716300000|  0%| F|  |TAMS 0x0000000716200000, 0x0000000716200000| Untracked 
| 355|0x0000000716300000, 0x0000000716300000, 0x0000000716400000|  0%| F|  |TAMS 0x0000000716300000, 0x0000000716300000| Untracked 
| 356|0x0000000716400000, 0x0000000716400000, 0x0000000716500000|  0%| F|  |TAMS 0x0000000716400000, 0x0000000716400000| Untracked 
| 357|0x0000000716500000, 0x0000000716500000, 0x0000000716600000|  0%| F|  |TAMS 0x0000000716500000, 0x0000000716500000| Untracked 
| 358|0x0000000716600000, 0x0000000716600000, 0x0000000716700000|  0%| F|  |TAMS 0x0000000716600000, 0x0000000716600000| Untracked 
| 359|0x0000000716700000, 0x0000000716700000, 0x0000000716800000|  0%| F|  |TAMS 0x0000000716700000, 0x0000000716700000| Untracked 
| 360|0x0000000716800000, 0x0000000716800000, 0x0000000716900000|  0%| F|  |TAMS 0x0000000716800000, 0x0000000716800000| Untracked 
| 361|0x0000000716900000, 0x0000000716900000, 0x0000000716a00000|  0%| F|  |TAMS 0x0000000716900000, 0x0000000716900000| Untracked 
| 362|0x0000000716a00000, 0x0000000716a00000, 0x0000000716b00000|  0%| F|  |TAMS 0x0000000716a00000, 0x0000000716a00000| Untracked 
| 363|0x0000000716b00000, 0x0000000716b00000, 0x0000000716c00000|  0%| F|  |TAMS 0x0000000716b00000, 0x0000000716b00000| Untracked 
| 364|0x0000000716c00000, 0x0000000716c00000, 0x0000000716d00000|  0%| F|  |TAMS 0x0000000716c00000, 0x0000000716c00000| Untracked 
| 365|0x0000000716d00000, 0x0000000716d00000, 0x0000000716e00000|  0%| F|  |TAMS 0x0000000716d00000, 0x0000000716d00000| Untracked 
| 366|0x0000000716e00000, 0x0000000716e00000, 0x0000000716f00000|  0%| F|  |TAMS 0x0000000716e00000, 0x0000000716e00000| Untracked 
| 367|0x0000000716f00000, 0x0000000716f00000, 0x0000000717000000|  0%| F|  |TAMS 0x0000000716f00000, 0x0000000716f00000| Untracked 
| 368|0x0000000717000000, 0x0000000717000000, 0x0000000717100000|  0%| F|  |TAMS 0x0000000717000000, 0x0000000717000000| Untracked 
| 369|0x0000000717100000, 0x0000000717100000, 0x0000000717200000|  0%| F|  |TAMS 0x0000000717100000, 0x0000000717100000| Untracked 
| 370|0x0000000717200000, 0x0000000717200000, 0x0000000717300000|  0%| F|  |TAMS 0x0000000717200000, 0x0000000717200000| Untracked 
| 371|0x0000000717300000, 0x0000000717300000, 0x0000000717400000|  0%| F|  |TAMS 0x0000000717300000, 0x0000000717300000| Untracked 
| 372|0x0000000717400000, 0x0000000717400000, 0x0000000717500000|  0%| F|  |TAMS 0x0000000717400000, 0x0000000717400000| Untracked 
| 373|0x0000000717500000, 0x0000000717500000, 0x0000000717600000|  0%| F|  |TAMS 0x0000000717500000, 0x0000000717500000| Untracked 
| 374|0x0000000717600000, 0x0000000717600000, 0x0000000717700000|  0%| F|  |TAMS 0x0000000717600000, 0x0000000717600000| Untracked 
| 375|0x0000000717700000, 0x0000000717700000, 0x0000000717800000|  0%| F|  |TAMS 0x0000000717700000, 0x0000000717700000| Untracked 
| 376|0x0000000717800000, 0x0000000717800000, 0x0000000717900000|  0%| F|  |TAMS 0x0000000717800000, 0x0000000717800000| Untracked 
| 377|0x0000000717900000, 0x0000000717900000, 0x0000000717a00000|  0%| F|  |TAMS 0x0000000717900000, 0x0000000717900000| Untracked 
| 378|0x0000000717a00000, 0x0000000717a00000, 0x0000000717b00000|  0%| F|  |TAMS 0x0000000717a00000, 0x0000000717a00000| Untracked 
| 379|0x0000000717b00000, 0x0000000717b00000, 0x0000000717c00000|  0%| F|  |TAMS 0x0000000717b00000, 0x0000000717b00000| Untracked 
| 380|0x0000000717c00000, 0x0000000717c00000, 0x0000000717d00000|  0%| F|  |TAMS 0x0000000717c00000, 0x0000000717c00000| Untracked 
| 381|0x0000000717d00000, 0x0000000717d00000, 0x0000000717e00000|  0%| F|  |TAMS 0x0000000717d00000, 0x0000000717d00000| Untracked 
| 382|0x0000000717e00000, 0x0000000717e00000, 0x0000000717f00000|  0%| F|  |TAMS 0x0000000717e00000, 0x0000000717e00000| Untracked 
| 383|0x0000000717f00000, 0x0000000717f00000, 0x0000000718000000|  0%| F|  |TAMS 0x0000000717f00000, 0x0000000717f00000| Untracked 
| 384|0x0000000718000000, 0x0000000718000000, 0x0000000718100000|  0%| F|  |TAMS 0x0000000718000000, 0x0000000718000000| Untracked 
| 385|0x0000000718100000, 0x0000000718100000, 0x0000000718200000|  0%| F|  |TAMS 0x0000000718100000, 0x0000000718100000| Untracked 
| 386|0x0000000718200000, 0x0000000718200000, 0x0000000718300000|  0%| F|  |TAMS 0x0000000718200000, 0x0000000718200000| Untracked 
| 387|0x0000000718300000, 0x0000000718300000, 0x0000000718400000|  0%| F|  |TAMS 0x0000000718300000, 0x0000000718300000| Untracked 
| 388|0x0000000718400000, 0x0000000718400000, 0x0000000718500000|  0%| F|  |TAMS 0x0000000718400000, 0x0000000718400000| Untracked 
| 389|0x0000000718500000, 0x0000000718500000, 0x0000000718600000|  0%| F|  |TAMS 0x0000000718500000, 0x0000000718500000| Untracked 
| 390|0x0000000718600000, 0x0000000718600000, 0x0000000718700000|  0%| F|  |TAMS 0x0000000718600000, 0x0000000718600000| Untracked 
| 391|0x0000000718700000, 0x0000000718700000, 0x0000000718800000|  0%| F|  |TAMS 0x0000000718700000, 0x0000000718700000| Untracked 
| 392|0x0000000718800000, 0x0000000718800000, 0x0000000718900000|  0%| F|  |TAMS 0x0000000718800000, 0x0000000718800000| Untracked 
| 393|0x0000000718900000, 0x0000000718900000, 0x0000000718a00000|  0%| F|  |TAMS 0x0000000718900000, 0x0000000718900000| Untracked 
| 394|0x0000000718a00000, 0x0000000718a00000, 0x0000000718b00000|  0%| F|  |TAMS 0x0000000718a00000, 0x0000000718a00000| Untracked 
| 395|0x0000000718b00000, 0x0000000718b00000, 0x0000000718c00000|  0%| F|  |TAMS 0x0000000718b00000, 0x0000000718b00000| Untracked 
| 396|0x0000000718c00000, 0x0000000718c00000, 0x0000000718d00000|  0%| F|  |TAMS 0x0000000718c00000, 0x0000000718c00000| Untracked 
| 397|0x0000000718d00000, 0x0000000718d00000, 0x0000000718e00000|  0%| F|  |TAMS 0x0000000718d00000, 0x0000000718d00000| Untracked 
| 398|0x0000000718e00000, 0x0000000718e00000, 0x0000000718f00000|  0%| F|  |TAMS 0x0000000718e00000, 0x0000000718e00000| Untracked 
| 399|0x0000000718f00000, 0x0000000718f00000, 0x0000000719000000|  0%| F|  |TAMS 0x0000000718f00000, 0x0000000718f00000| Untracked 
| 400|0x0000000719000000, 0x0000000719000000, 0x0000000719100000|  0%| F|  |TAMS 0x0000000719000000, 0x0000000719000000| Untracked 
| 401|0x0000000719100000, 0x0000000719100000, 0x0000000719200000|  0%| F|  |TAMS 0x0000000719100000, 0x0000000719100000| Untracked 
| 402|0x0000000719200000, 0x0000000719200000, 0x0000000719300000|  0%| F|  |TAMS 0x0000000719200000, 0x0000000719200000| Untracked 
| 403|0x0000000719300000, 0x0000000719300000, 0x0000000719400000|  0%| F|  |TAMS 0x0000000719300000, 0x0000000719300000| Untracked 
| 404|0x0000000719400000, 0x0000000719400000, 0x0000000719500000|  0%| F|  |TAMS 0x0000000719400000, 0x0000000719400000| Untracked 
| 405|0x0000000719500000, 0x0000000719500000, 0x0000000719600000|  0%| F|  |TAMS 0x0000000719500000, 0x0000000719500000| Untracked 
| 406|0x0000000719600000, 0x0000000719600000, 0x0000000719700000|  0%| F|  |TAMS 0x0000000719600000, 0x0000000719600000| Untracked 
| 407|0x0000000719700000, 0x0000000719700000, 0x0000000719800000|  0%| F|  |TAMS 0x0000000719700000, 0x0000000719700000| Untracked 
| 408|0x0000000719800000, 0x0000000719800000, 0x0000000719900000|  0%| F|  |TAMS 0x0000000719800000, 0x0000000719800000| Untracked 
| 409|0x0000000719900000, 0x0000000719900000, 0x0000000719a00000|  0%| F|  |TAMS 0x0000000719900000, 0x0000000719900000| Untracked 
| 410|0x0000000719a00000, 0x0000000719a00000, 0x0000000719b00000|  0%| F|  |TAMS 0x0000000719a00000, 0x0000000719a00000| Untracked 
| 411|0x0000000719b00000, 0x0000000719b00000, 0x0000000719c00000|  0%| F|  |TAMS 0x0000000719b00000, 0x0000000719b00000| Untracked 
| 412|0x0000000719c00000, 0x0000000719c00000, 0x0000000719d00000|  0%| F|  |TAMS 0x0000000719c00000, 0x0000000719c00000| Untracked 
| 413|0x0000000719d00000, 0x0000000719d00000, 0x0000000719e00000|  0%| F|  |TAMS 0x0000000719d00000, 0x0000000719d00000| Untracked 
| 414|0x0000000719e00000, 0x0000000719e00000, 0x0000000719f00000|  0%| F|  |TAMS 0x0000000719e00000, 0x0000000719e00000| Untracked 
| 415|0x0000000719f00000, 0x0000000719f00000, 0x000000071a000000|  0%| F|  |TAMS 0x0000000719f00000, 0x0000000719f00000| Untracked 
| 416|0x000000071a000000, 0x000000071a000000, 0x000000071a100000|  0%| F|  |TAMS 0x000000071a000000, 0x000000071a000000| Untracked 
| 417|0x000000071a100000, 0x000000071a100000, 0x000000071a200000|  0%| F|  |TAMS 0x000000071a100000, 0x000000071a100000| Untracked 
| 418|0x000000071a200000, 0x000000071a200000, 0x000000071a300000|  0%| F|  |TAMS 0x000000071a200000, 0x000000071a200000| Untracked 
| 419|0x000000071a300000, 0x000000071a300000, 0x000000071a400000|  0%| F|  |TAMS 0x000000071a300000, 0x000000071a300000| Untracked 
| 420|0x000000071a400000, 0x000000071a400000, 0x000000071a500000|  0%| F|  |TAMS 0x000000071a400000, 0x000000071a400000| Untracked 
| 421|0x000000071a500000, 0x000000071a500000, 0x000000071a600000|  0%| F|  |TAMS 0x000000071a500000, 0x000000071a500000| Untracked 
| 422|0x000000071a600000, 0x000000071a600000, 0x000000071a700000|  0%| F|  |TAMS 0x000000071a600000, 0x000000071a600000| Untracked 
| 423|0x000000071a700000, 0x000000071a700000, 0x000000071a800000|  0%| F|  |TAMS 0x000000071a700000, 0x000000071a700000| Untracked 
| 424|0x000000071a800000, 0x000000071a800000, 0x000000071a900000|  0%| F|  |TAMS 0x000000071a800000, 0x000000071a800000| Untracked 
| 425|0x000000071a900000, 0x000000071a900000, 0x000000071aa00000|  0%| F|  |TAMS 0x000000071a900000, 0x000000071a900000| Untracked 
| 426|0x000000071aa00000, 0x000000071aa00000, 0x000000071ab00000|  0%| F|  |TAMS 0x000000071aa00000, 0x000000071aa00000| Untracked 
| 427|0x000000071ab00000, 0x000000071ab00000, 0x000000071ac00000|  0%| F|  |TAMS 0x000000071ab00000, 0x000000071ab00000| Untracked 
| 428|0x000000071ac00000, 0x000000071ac00000, 0x000000071ad00000|  0%| F|  |TAMS 0x000000071ac00000, 0x000000071ac00000| Untracked 
| 429|0x000000071ad00000, 0x000000071ad00000, 0x000000071ae00000|  0%| F|  |TAMS 0x000000071ad00000, 0x000000071ad00000| Untracked 
| 430|0x000000071ae00000, 0x000000071ae00000, 0x000000071af00000|  0%| F|  |TAMS 0x000000071ae00000, 0x000000071ae00000| Untracked 
| 431|0x000000071af00000, 0x000000071af00000, 0x000000071b000000|  0%| F|  |TAMS 0x000000071af00000, 0x000000071af00000| Untracked 
| 432|0x000000071b000000, 0x000000071b000000, 0x000000071b100000|  0%| F|  |TAMS 0x000000071b000000, 0x000000071b000000| Untracked 
| 433|0x000000071b100000, 0x000000071b100000, 0x000000071b200000|  0%| F|  |TAMS 0x000000071b100000, 0x000000071b100000| Untracked 
| 434|0x000000071b200000, 0x000000071b200000, 0x000000071b300000|  0%| F|  |TAMS 0x000000071b200000, 0x000000071b200000| Untracked 
| 435|0x000000071b300000, 0x000000071b300000, 0x000000071b400000|  0%| F|  |TAMS 0x000000071b300000, 0x000000071b300000| Untracked 
| 436|0x000000071b400000, 0x000000071b400000, 0x000000071b500000|  0%| F|  |TAMS 0x000000071b400000, 0x000000071b400000| Untracked 
| 437|0x000000071b500000, 0x000000071b500000, 0x000000071b600000|  0%| F|  |TAMS 0x000000071b500000, 0x000000071b500000| Untracked 
| 438|0x000000071b600000, 0x000000071b600000, 0x000000071b700000|  0%| F|  |TAMS 0x000000071b600000, 0x000000071b600000| Untracked 
| 439|0x000000071b700000, 0x000000071b700000, 0x000000071b800000|  0%| F|  |TAMS 0x000000071b700000, 0x000000071b700000| Untracked 
| 440|0x000000071b800000, 0x000000071b800000, 0x000000071b900000|  0%| F|  |TAMS 0x000000071b800000, 0x000000071b800000| Untracked 
| 441|0x000000071b900000, 0x000000071b900000, 0x000000071ba00000|  0%| F|  |TAMS 0x000000071b900000, 0x000000071b900000| Untracked 
| 442|0x000000071ba00000, 0x000000071ba00000, 0x000000071bb00000|  0%| F|  |TAMS 0x000000071ba00000, 0x000000071ba00000| Untracked 
| 443|0x000000071bb00000, 0x000000071bb00000, 0x000000071bc00000|  0%| F|  |TAMS 0x000000071bb00000, 0x000000071bb00000| Untracked 
| 444|0x000000071bc00000, 0x000000071bc00000, 0x000000071bd00000|  0%| F|  |TAMS 0x000000071bc00000, 0x000000071bc00000| Untracked 
| 445|0x000000071bd00000, 0x000000071bd00000, 0x000000071be00000|  0%| F|  |TAMS 0x000000071bd00000, 0x000000071bd00000| Untracked 
| 446|0x000000071be00000, 0x000000071be00000, 0x000000071bf00000|  0%| F|  |TAMS 0x000000071be00000, 0x000000071be00000| Untracked 
| 447|0x000000071bf00000, 0x000000071bf00000, 0x000000071c000000|  0%| F|  |TAMS 0x000000071bf00000, 0x000000071bf00000| Untracked 
| 448|0x000000071c000000, 0x000000071c000000, 0x000000071c100000|  0%| F|  |TAMS 0x000000071c000000, 0x000000071c000000| Untracked 
| 449|0x000000071c100000, 0x000000071c100000, 0x000000071c200000|  0%| F|  |TAMS 0x000000071c100000, 0x000000071c100000| Untracked 
| 450|0x000000071c200000, 0x000000071c200000, 0x000000071c300000|  0%| F|  |TAMS 0x000000071c200000, 0x000000071c200000| Untracked 
| 451|0x000000071c300000, 0x000000071c300000, 0x000000071c400000|  0%| F|  |TAMS 0x000000071c300000, 0x000000071c300000| Untracked 
| 452|0x000000071c400000, 0x000000071c400000, 0x000000071c500000|  0%| F|  |TAMS 0x000000071c400000, 0x000000071c400000| Untracked 
| 453|0x000000071c500000, 0x000000071c500000, 0x000000071c600000|  0%| F|  |TAMS 0x000000071c500000, 0x000000071c500000| Untracked 
| 454|0x000000071c600000, 0x000000071c600000, 0x000000071c700000|  0%| F|  |TAMS 0x000000071c600000, 0x000000071c600000| Untracked 
| 455|0x000000071c700000, 0x000000071c700000, 0x000000071c800000|  0%| F|  |TAMS 0x000000071c700000, 0x000000071c700000| Untracked 
| 456|0x000000071c800000, 0x000000071c800000, 0x000000071c900000|  0%| F|  |TAMS 0x000000071c800000, 0x000000071c800000| Untracked 
| 457|0x000000071c900000, 0x000000071c900000, 0x000000071ca00000|  0%| F|  |TAMS 0x000000071c900000, 0x000000071c900000| Untracked 
| 458|0x000000071ca00000, 0x000000071ca00000, 0x000000071cb00000|  0%| F|  |TAMS 0x000000071ca00000, 0x000000071ca00000| Untracked 
| 459|0x000000071cb00000, 0x000000071cb00000, 0x000000071cc00000|  0%| F|  |TAMS 0x000000071cb00000, 0x000000071cb00000| Untracked 
| 460|0x000000071cc00000, 0x000000071cc00000, 0x000000071cd00000|  0%| F|  |TAMS 0x000000071cc00000, 0x000000071cc00000| Untracked 
| 461|0x000000071cd00000, 0x000000071cd00000, 0x000000071ce00000|  0%| F|  |TAMS 0x000000071cd00000, 0x000000071cd00000| Untracked 
| 462|0x000000071ce00000, 0x000000071ce00000, 0x000000071cf00000|  0%| F|  |TAMS 0x000000071ce00000, 0x000000071ce00000| Untracked 
| 463|0x000000071cf00000, 0x000000071cf00000, 0x000000071d000000|  0%| F|  |TAMS 0x000000071cf00000, 0x000000071cf00000| Untracked 
| 464|0x000000071d000000, 0x000000071d000000, 0x000000071d100000|  0%| F|  |TAMS 0x000000071d000000, 0x000000071d000000| Untracked 
| 465|0x000000071d100000, 0x000000071d100000, 0x000000071d200000|  0%| F|  |TAMS 0x000000071d100000, 0x000000071d100000| Untracked 
| 466|0x000000071d200000, 0x000000071d200000, 0x000000071d300000|  0%| F|  |TAMS 0x000000071d200000, 0x000000071d200000| Untracked 
| 467|0x000000071d300000, 0x000000071d300000, 0x000000071d400000|  0%| F|  |TAMS 0x000000071d300000, 0x000000071d300000| Untracked 
| 468|0x000000071d400000, 0x000000071d400000, 0x000000071d500000|  0%| F|  |TAMS 0x000000071d400000, 0x000000071d400000| Untracked 
| 469|0x000000071d500000, 0x000000071d500000, 0x000000071d600000|  0%| F|  |TAMS 0x000000071d500000, 0x000000071d500000| Untracked 
| 470|0x000000071d600000, 0x000000071d600000, 0x000000071d700000|  0%| F|  |TAMS 0x000000071d600000, 0x000000071d600000| Untracked 
| 471|0x000000071d700000, 0x000000071d700000, 0x000000071d800000|  0%| F|  |TAMS 0x000000071d700000, 0x000000071d700000| Untracked 
| 472|0x000000071d800000, 0x000000071d800000, 0x000000071d900000|  0%| F|  |TAMS 0x000000071d800000, 0x000000071d800000| Untracked 
| 473|0x000000071d900000, 0x000000071d900000, 0x000000071da00000|  0%| F|  |TAMS 0x000000071d900000, 0x000000071d900000| Untracked 
| 474|0x000000071da00000, 0x000000071da00000, 0x000000071db00000|  0%| F|  |TAMS 0x000000071da00000, 0x000000071da00000| Untracked 
| 475|0x000000071db00000, 0x000000071db00000, 0x000000071dc00000|  0%| F|  |TAMS 0x000000071db00000, 0x000000071db00000| Untracked 
| 476|0x000000071dc00000, 0x000000071dc00000, 0x000000071dd00000|  0%| F|  |TAMS 0x000000071dc00000, 0x000000071dc00000| Untracked 
| 477|0x000000071dd00000, 0x000000071dd00000, 0x000000071de00000|  0%| F|  |TAMS 0x000000071dd00000, 0x000000071dd00000| Untracked 
| 478|0x000000071de00000, 0x000000071de00000, 0x000000071df00000|  0%| F|  |TAMS 0x000000071de00000, 0x000000071de00000| Untracked 
| 479|0x000000071df00000, 0x000000071df00000, 0x000000071e000000|  0%| F|  |TAMS 0x000000071df00000, 0x000000071df00000| Untracked 
| 480|0x000000071e000000, 0x000000071e000000, 0x000000071e100000|  0%| F|  |TAMS 0x000000071e000000, 0x000000071e000000| Untracked 
| 481|0x000000071e100000, 0x000000071e100000, 0x000000071e200000|  0%| F|  |TAMS 0x000000071e100000, 0x000000071e100000| Untracked 
| 482|0x000000071e200000, 0x000000071e200000, 0x000000071e300000|  0%| F|  |TAMS 0x000000071e200000, 0x000000071e200000| Untracked 
| 483|0x000000071e300000, 0x000000071e300000, 0x000000071e400000|  0%| F|  |TAMS 0x000000071e300000, 0x000000071e300000| Untracked 
| 484|0x000000071e400000, 0x000000071e400000, 0x000000071e500000|  0%| F|  |TAMS 0x000000071e400000, 0x000000071e400000| Untracked 
| 485|0x000000071e500000, 0x000000071e500000, 0x000000071e600000|  0%| F|  |TAMS 0x000000071e500000, 0x000000071e500000| Untracked 
| 486|0x000000071e600000, 0x000000071e600000, 0x000000071e700000|  0%| F|  |TAMS 0x000000071e600000, 0x000000071e600000| Untracked 
| 487|0x000000071e700000, 0x000000071e700000, 0x000000071e800000|  0%| F|  |TAMS 0x000000071e700000, 0x000000071e700000| Untracked 
| 488|0x000000071e800000, 0x000000071e800000, 0x000000071e900000|  0%| F|  |TAMS 0x000000071e800000, 0x000000071e800000| Untracked 
| 489|0x000000071e900000, 0x000000071e900000, 0x000000071ea00000|  0%| F|  |TAMS 0x000000071e900000, 0x000000071e900000| Untracked 
| 490|0x000000071ea00000, 0x000000071ea00000, 0x000000071eb00000|  0%| F|  |TAMS 0x000000071ea00000, 0x000000071ea00000| Untracked 
| 491|0x000000071eb00000, 0x000000071eb00000, 0x000000071ec00000|  0%| F|  |TAMS 0x000000071eb00000, 0x000000071eb00000| Untracked 
| 492|0x000000071ec00000, 0x000000071ec00000, 0x000000071ed00000|  0%| F|  |TAMS 0x000000071ec00000, 0x000000071ec00000| Untracked 
| 493|0x000000071ed00000, 0x000000071ed00000, 0x000000071ee00000|  0%| F|  |TAMS 0x000000071ed00000, 0x000000071ed00000| Untracked 
| 494|0x000000071ee00000, 0x000000071ee00000, 0x000000071ef00000|  0%| F|  |TAMS 0x000000071ee00000, 0x000000071ee00000| Untracked 
| 495|0x000000071ef00000, 0x000000071ef00000, 0x000000071f000000|  0%| F|  |TAMS 0x000000071ef00000, 0x000000071ef00000| Untracked 
| 496|0x000000071f000000, 0x000000071f000000, 0x000000071f100000|  0%| F|  |TAMS 0x000000071f000000, 0x000000071f000000| Untracked 
| 497|0x000000071f100000, 0x000000071f100000, 0x000000071f200000|  0%| F|  |TAMS 0x000000071f100000, 0x000000071f100000| Untracked 
| 498|0x000000071f200000, 0x000000071f200000, 0x000000071f300000|  0%| F|  |TAMS 0x000000071f200000, 0x000000071f200000| Untracked 
| 499|0x000000071f300000, 0x000000071f300000, 0x000000071f400000|  0%| F|  |TAMS 0x000000071f300000, 0x000000071f300000| Untracked 
| 500|0x000000071f400000, 0x000000071f400000, 0x000000071f500000|  0%| F|  |TAMS 0x000000071f400000, 0x000000071f400000| Untracked 
| 501|0x000000071f500000, 0x000000071f500000, 0x000000071f600000|  0%| F|  |TAMS 0x000000071f500000, 0x000000071f500000| Untracked 
| 502|0x000000071f600000, 0x000000071f600000, 0x000000071f700000|  0%| F|  |TAMS 0x000000071f600000, 0x000000071f600000| Untracked 
| 503|0x000000071f700000, 0x000000071f700000, 0x000000071f800000|  0%| F|  |TAMS 0x000000071f700000, 0x000000071f700000| Untracked 
| 504|0x000000071f800000, 0x000000071f800000, 0x000000071f900000|  0%| F|  |TAMS 0x000000071f800000, 0x000000071f800000| Untracked 
| 505|0x000000071f900000, 0x000000071f900000, 0x000000071fa00000|  0%| F|  |TAMS 0x000000071f900000, 0x000000071f900000| Untracked 
| 506|0x000000071fa00000, 0x000000071fa00000, 0x000000071fb00000|  0%| F|  |TAMS 0x000000071fa00000, 0x000000071fa00000| Untracked 
| 507|0x000000071fb00000, 0x000000071fb00000, 0x000000071fc00000|  0%| F|  |TAMS 0x000000071fb00000, 0x000000071fb00000| Untracked 
| 508|0x000000071fc00000, 0x000000071fc00000, 0x000000071fd00000|  0%| F|  |TAMS 0x000000071fc00000, 0x000000071fc00000| Untracked 
| 509|0x000000071fd00000, 0x000000071fd00000, 0x000000071fe00000|  0%| F|  |TAMS 0x000000071fd00000, 0x000000071fd00000| Untracked 
| 510|0x000000071fe00000, 0x000000071fe00000, 0x000000071ff00000|  0%| F|  |TAMS 0x000000071fe00000, 0x000000071fe00000| Untracked 
| 511|0x000000071ff00000, 0x000000071ff00000, 0x0000000720000000|  0%| F|  |TAMS 0x000000071ff00000, 0x000000071ff00000| Untracked 
| 512|0x0000000720000000, 0x0000000720000000, 0x0000000720100000|  0%| F|  |TAMS 0x0000000720000000, 0x0000000720000000| Untracked 
| 513|0x0000000720100000, 0x0000000720100000, 0x0000000720200000|  0%| F|  |TAMS 0x0000000720100000, 0x0000000720100000| Untracked 
| 514|0x0000000720200000, 0x0000000720200000, 0x0000000720300000|  0%| F|  |TAMS 0x0000000720200000, 0x0000000720200000| Untracked 
| 515|0x0000000720300000, 0x0000000720300000, 0x0000000720400000|  0%| F|  |TAMS 0x0000000720300000, 0x0000000720300000| Untracked 
| 516|0x0000000720400000, 0x0000000720400000, 0x0000000720500000|  0%| F|  |TAMS 0x0000000720400000, 0x0000000720400000| Untracked 
| 517|0x0000000720500000, 0x0000000720500000, 0x0000000720600000|  0%| F|  |TAMS 0x0000000720500000, 0x0000000720500000| Untracked 
| 518|0x0000000720600000, 0x0000000720600000, 0x0000000720700000|  0%| F|  |TAMS 0x0000000720600000, 0x0000000720600000| Untracked 
| 519|0x0000000720700000, 0x0000000720700000, 0x0000000720800000|  0%| F|  |TAMS 0x0000000720700000, 0x0000000720700000| Untracked 
| 520|0x0000000720800000, 0x0000000720800000, 0x0000000720900000|  0%| F|  |TAMS 0x0000000720800000, 0x0000000720800000| Untracked 
| 521|0x0000000720900000, 0x0000000720900000, 0x0000000720a00000|  0%| F|  |TAMS 0x0000000720900000, 0x0000000720900000| Untracked 
| 522|0x0000000720a00000, 0x0000000720a00000, 0x0000000720b00000|  0%| F|  |TAMS 0x0000000720a00000, 0x0000000720a00000| Untracked 
| 523|0x0000000720b00000, 0x0000000720b00000, 0x0000000720c00000|  0%| F|  |TAMS 0x0000000720b00000, 0x0000000720b00000| Untracked 
| 524|0x0000000720c00000, 0x0000000720c00000, 0x0000000720d00000|  0%| F|  |TAMS 0x0000000720c00000, 0x0000000720c00000| Untracked 
| 525|0x0000000720d00000, 0x0000000720d00000, 0x0000000720e00000|  0%| F|  |TAMS 0x0000000720d00000, 0x0000000720d00000| Untracked 
| 526|0x0000000720e00000, 0x0000000720e00000, 0x0000000720f00000|  0%| F|  |TAMS 0x0000000720e00000, 0x0000000720e00000| Untracked 
| 527|0x0000000720f00000, 0x0000000720f00000, 0x0000000721000000|  0%| F|  |TAMS 0x0000000720f00000, 0x0000000720f00000| Untracked 
| 528|0x0000000721000000, 0x0000000721000000, 0x0000000721100000|  0%| F|  |TAMS 0x0000000721000000, 0x0000000721000000| Untracked 
| 529|0x0000000721100000, 0x0000000721100000, 0x0000000721200000|  0%| F|  |TAMS 0x0000000721100000, 0x0000000721100000| Untracked 
| 530|0x0000000721200000, 0x0000000721200000, 0x0000000721300000|  0%| F|  |TAMS 0x0000000721200000, 0x0000000721200000| Untracked 
| 531|0x0000000721300000, 0x0000000721300000, 0x0000000721400000|  0%| F|  |TAMS 0x0000000721300000, 0x0000000721300000| Untracked 
| 532|0x0000000721400000, 0x0000000721400000, 0x0000000721500000|  0%| F|  |TAMS 0x0000000721400000, 0x0000000721400000| Untracked 
| 533|0x0000000721500000, 0x0000000721500000, 0x0000000721600000|  0%| F|  |TAMS 0x0000000721500000, 0x0000000721500000| Untracked 
| 534|0x0000000721600000, 0x0000000721600000, 0x0000000721700000|  0%| F|  |TAMS 0x0000000721600000, 0x0000000721600000| Untracked 
| 535|0x0000000721700000, 0x0000000721700000, 0x0000000721800000|  0%| F|  |TAMS 0x0000000721700000, 0x0000000721700000| Untracked 
| 536|0x0000000721800000, 0x0000000721800000, 0x0000000721900000|  0%| F|  |TAMS 0x0000000721800000, 0x0000000721800000| Untracked 
| 537|0x0000000721900000, 0x0000000721900000, 0x0000000721a00000|  0%| F|  |TAMS 0x0000000721900000, 0x0000000721900000| Untracked 
| 538|0x0000000721a00000, 0x0000000721a00000, 0x0000000721b00000|  0%| F|  |TAMS 0x0000000721a00000, 0x0000000721a00000| Untracked 
| 539|0x0000000721b00000, 0x0000000721b00000, 0x0000000721c00000|  0%| F|  |TAMS 0x0000000721b00000, 0x0000000721b00000| Untracked 
| 540|0x0000000721c00000, 0x0000000721c00000, 0x0000000721d00000|  0%| F|  |TAMS 0x0000000721c00000, 0x0000000721c00000| Untracked 
| 541|0x0000000721d00000, 0x0000000721d00000, 0x0000000721e00000|  0%| F|  |TAMS 0x0000000721d00000, 0x0000000721d00000| Untracked 
| 542|0x0000000721e00000, 0x0000000721e00000, 0x0000000721f00000|  0%| F|  |TAMS 0x0000000721e00000, 0x0000000721e00000| Untracked 
| 543|0x0000000721f00000, 0x0000000721f00000, 0x0000000722000000|  0%| F|  |TAMS 0x0000000721f00000, 0x0000000721f00000| Untracked 
| 544|0x0000000722000000, 0x0000000722000000, 0x0000000722100000|  0%| F|  |TAMS 0x0000000722000000, 0x0000000722000000| Untracked 
| 545|0x0000000722100000, 0x0000000722100000, 0x0000000722200000|  0%| F|  |TAMS 0x0000000722100000, 0x0000000722100000| Untracked 
| 546|0x0000000722200000, 0x0000000722200000, 0x0000000722300000|  0%| F|  |TAMS 0x0000000722200000, 0x0000000722200000| Untracked 
| 547|0x0000000722300000, 0x0000000722300000, 0x0000000722400000|  0%| F|  |TAMS 0x0000000722300000, 0x0000000722300000| Untracked 
| 548|0x0000000722400000, 0x0000000722400000, 0x0000000722500000|  0%| F|  |TAMS 0x0000000722400000, 0x0000000722400000| Untracked 
| 549|0x0000000722500000, 0x0000000722500000, 0x0000000722600000|  0%| F|  |TAMS 0x0000000722500000, 0x0000000722500000| Untracked 
| 550|0x0000000722600000, 0x0000000722600000, 0x0000000722700000|  0%| F|  |TAMS 0x0000000722600000, 0x0000000722600000| Untracked 
| 551|0x0000000722700000, 0x0000000722700000, 0x0000000722800000|  0%| F|  |TAMS 0x0000000722700000, 0x0000000722700000| Untracked 
| 552|0x0000000722800000, 0x0000000722800000, 0x0000000722900000|  0%| F|  |TAMS 0x0000000722800000, 0x0000000722800000| Untracked 
| 553|0x0000000722900000, 0x0000000722900000, 0x0000000722a00000|  0%| F|  |TAMS 0x0000000722900000, 0x0000000722900000| Untracked 
| 554|0x0000000722a00000, 0x0000000722a00000, 0x0000000722b00000|  0%| F|  |TAMS 0x0000000722a00000, 0x0000000722a00000| Untracked 
| 555|0x0000000722b00000, 0x0000000722b00000, 0x0000000722c00000|  0%| F|  |TAMS 0x0000000722b00000, 0x0000000722b00000| Untracked 
| 556|0x0000000722c00000, 0x0000000722c00000, 0x0000000722d00000|  0%| F|  |TAMS 0x0000000722c00000, 0x0000000722c00000| Untracked 
| 557|0x0000000722d00000, 0x0000000722d00000, 0x0000000722e00000|  0%| F|  |TAMS 0x0000000722d00000, 0x0000000722d00000| Untracked 
| 558|0x0000000722e00000, 0x0000000722e00000, 0x0000000722f00000|  0%| F|  |TAMS 0x0000000722e00000, 0x0000000722e00000| Untracked 
| 559|0x0000000722f00000, 0x0000000722f00000, 0x0000000723000000|  0%| F|  |TAMS 0x0000000722f00000, 0x0000000722f00000| Untracked 
| 560|0x0000000723000000, 0x0000000723000000, 0x0000000723100000|  0%| F|  |TAMS 0x0000000723000000, 0x0000000723000000| Untracked 
| 561|0x0000000723100000, 0x0000000723100000, 0x0000000723200000|  0%| F|  |TAMS 0x0000000723100000, 0x0000000723100000| Untracked 
| 562|0x0000000723200000, 0x0000000723200000, 0x0000000723300000|  0%| F|  |TAMS 0x0000000723200000, 0x0000000723200000| Untracked 
| 563|0x0000000723300000, 0x0000000723300000, 0x0000000723400000|  0%| F|  |TAMS 0x0000000723300000, 0x0000000723300000| Untracked 
| 564|0x0000000723400000, 0x0000000723400000, 0x0000000723500000|  0%| F|  |TAMS 0x0000000723400000, 0x0000000723400000| Untracked 
| 565|0x0000000723500000, 0x0000000723500000, 0x0000000723600000|  0%| F|  |TAMS 0x0000000723500000, 0x0000000723500000| Untracked 
| 566|0x0000000723600000, 0x0000000723600000, 0x0000000723700000|  0%| F|  |TAMS 0x0000000723600000, 0x0000000723600000| Untracked 
| 567|0x0000000723700000, 0x0000000723700000, 0x0000000723800000|  0%| F|  |TAMS 0x0000000723700000, 0x0000000723700000| Untracked 
| 568|0x0000000723800000, 0x0000000723800000, 0x0000000723900000|  0%| F|  |TAMS 0x0000000723800000, 0x0000000723800000| Untracked 
| 569|0x0000000723900000, 0x0000000723900000, 0x0000000723a00000|  0%| F|  |TAMS 0x0000000723900000, 0x0000000723900000| Untracked 
| 570|0x0000000723a00000, 0x0000000723a00000, 0x0000000723b00000|  0%| F|  |TAMS 0x0000000723a00000, 0x0000000723a00000| Untracked 
| 571|0x0000000723b00000, 0x0000000723b00000, 0x0000000723c00000|  0%| F|  |TAMS 0x0000000723b00000, 0x0000000723b00000| Untracked 
| 572|0x0000000723c00000, 0x0000000723c00000, 0x0000000723d00000|  0%| F|  |TAMS 0x0000000723c00000, 0x0000000723c00000| Untracked 
| 573|0x0000000723d00000, 0x0000000723d00000, 0x0000000723e00000|  0%| F|  |TAMS 0x0000000723d00000, 0x0000000723d00000| Untracked 
| 574|0x0000000723e00000, 0x0000000723e00000, 0x0000000723f00000|  0%| F|  |TAMS 0x0000000723e00000, 0x0000000723e00000| Untracked 
| 575|0x0000000723f00000, 0x0000000723f00000, 0x0000000724000000|  0%| F|  |TAMS 0x0000000723f00000, 0x0000000723f00000| Untracked 
| 576|0x0000000724000000, 0x0000000724000000, 0x0000000724100000|  0%| F|  |TAMS 0x0000000724000000, 0x0000000724000000| Untracked 
| 577|0x0000000724100000, 0x0000000724100000, 0x0000000724200000|  0%| F|  |TAMS 0x0000000724100000, 0x0000000724100000| Untracked 
| 578|0x0000000724200000, 0x0000000724200000, 0x0000000724300000|  0%| F|  |TAMS 0x0000000724200000, 0x0000000724200000| Untracked 
| 579|0x0000000724300000, 0x0000000724300000, 0x0000000724400000|  0%| F|  |TAMS 0x0000000724300000, 0x0000000724300000| Untracked 
| 580|0x0000000724400000, 0x0000000724400000, 0x0000000724500000|  0%| F|  |TAMS 0x0000000724400000, 0x0000000724400000| Untracked 
| 581|0x0000000724500000, 0x0000000724500000, 0x0000000724600000|  0%| F|  |TAMS 0x0000000724500000, 0x0000000724500000| Untracked 
| 582|0x0000000724600000, 0x0000000724600000, 0x0000000724700000|  0%| F|  |TAMS 0x0000000724600000, 0x0000000724600000| Untracked 
| 583|0x0000000724700000, 0x0000000724700000, 0x0000000724800000|  0%| F|  |TAMS 0x0000000724700000, 0x0000000724700000| Untracked 
| 584|0x0000000724800000, 0x0000000724800000, 0x0000000724900000|  0%| F|  |TAMS 0x0000000724800000, 0x0000000724800000| Untracked 
| 585|0x0000000724900000, 0x0000000724900000, 0x0000000724a00000|  0%| F|  |TAMS 0x0000000724900000, 0x0000000724900000| Untracked 
| 586|0x0000000724a00000, 0x0000000724a00000, 0x0000000724b00000|  0%| F|  |TAMS 0x0000000724a00000, 0x0000000724a00000| Untracked 
| 587|0x0000000724b00000, 0x0000000724b00000, 0x0000000724c00000|  0%| F|  |TAMS 0x0000000724b00000, 0x0000000724b00000| Untracked 
| 588|0x0000000724c00000, 0x0000000724c00000, 0x0000000724d00000|  0%| F|  |TAMS 0x0000000724c00000, 0x0000000724c00000| Untracked 
| 589|0x0000000724d00000, 0x0000000724d00000, 0x0000000724e00000|  0%| F|  |TAMS 0x0000000724d00000, 0x0000000724d00000| Untracked 
| 590|0x0000000724e00000, 0x0000000724e00000, 0x0000000724f00000|  0%| F|  |TAMS 0x0000000724e00000, 0x0000000724e00000| Untracked 
| 591|0x0000000724f00000, 0x0000000724f00000, 0x0000000725000000|  0%| F|  |TAMS 0x0000000724f00000, 0x0000000724f00000| Untracked 
| 592|0x0000000725000000, 0x0000000725000000, 0x0000000725100000|  0%| F|  |TAMS 0x0000000725000000, 0x0000000725000000| Untracked 
| 593|0x0000000725100000, 0x0000000725100000, 0x0000000725200000|  0%| F|  |TAMS 0x0000000725100000, 0x0000000725100000| Untracked 
| 594|0x0000000725200000, 0x0000000725200000, 0x0000000725300000|  0%| F|  |TAMS 0x0000000725200000, 0x0000000725200000| Untracked 
| 595|0x0000000725300000, 0x0000000725300000, 0x0000000725400000|  0%| F|  |TAMS 0x0000000725300000, 0x0000000725300000| Untracked 
| 596|0x0000000725400000, 0x0000000725400000, 0x0000000725500000|  0%| F|  |TAMS 0x0000000725400000, 0x0000000725400000| Untracked 
| 597|0x0000000725500000, 0x0000000725500000, 0x0000000725600000|  0%| F|  |TAMS 0x0000000725500000, 0x0000000725500000| Untracked 
| 598|0x0000000725600000, 0x0000000725600000, 0x0000000725700000|  0%| F|  |TAMS 0x0000000725600000, 0x0000000725600000| Untracked 
| 599|0x0000000725700000, 0x0000000725700000, 0x0000000725800000|  0%| F|  |TAMS 0x0000000725700000, 0x0000000725700000| Untracked 
| 600|0x0000000725800000, 0x0000000725800000, 0x0000000725900000|  0%| F|  |TAMS 0x0000000725800000, 0x0000000725800000| Untracked 
| 601|0x0000000725900000, 0x0000000725900000, 0x0000000725a00000|  0%| F|  |TAMS 0x0000000725900000, 0x0000000725900000| Untracked 
| 602|0x0000000725a00000, 0x0000000725a00000, 0x0000000725b00000|  0%| F|  |TAMS 0x0000000725a00000, 0x0000000725a00000| Untracked 
| 603|0x0000000725b00000, 0x0000000725b00000, 0x0000000725c00000|  0%| F|  |TAMS 0x0000000725b00000, 0x0000000725b00000| Untracked 
| 604|0x0000000725c00000, 0x0000000725c00000, 0x0000000725d00000|  0%| F|  |TAMS 0x0000000725c00000, 0x0000000725c00000| Untracked 
| 605|0x0000000725d00000, 0x0000000725d00000, 0x0000000725e00000|  0%| F|  |TAMS 0x0000000725d00000, 0x0000000725d00000| Untracked 
| 606|0x0000000725e00000, 0x0000000725e00000, 0x0000000725f00000|  0%| F|  |TAMS 0x0000000725e00000, 0x0000000725e00000| Untracked 
| 607|0x0000000725f00000, 0x0000000725f00000, 0x0000000726000000|  0%| F|  |TAMS 0x0000000725f00000, 0x0000000725f00000| Untracked 
| 608|0x0000000726000000, 0x0000000726000000, 0x0000000726100000|  0%| F|  |TAMS 0x0000000726000000, 0x0000000726000000| Untracked 
| 609|0x0000000726100000, 0x0000000726100000, 0x0000000726200000|  0%| F|  |TAMS 0x0000000726100000, 0x0000000726100000| Untracked 
| 610|0x0000000726200000, 0x0000000726200000, 0x0000000726300000|  0%| F|  |TAMS 0x0000000726200000, 0x0000000726200000| Untracked 
| 611|0x0000000726300000, 0x0000000726300000, 0x0000000726400000|  0%| F|  |TAMS 0x0000000726300000, 0x0000000726300000| Untracked 
| 612|0x0000000726400000, 0x0000000726400000, 0x0000000726500000|  0%| F|  |TAMS 0x0000000726400000, 0x0000000726400000| Untracked 
| 613|0x0000000726500000, 0x0000000726500000, 0x0000000726600000|  0%| F|  |TAMS 0x0000000726500000, 0x0000000726500000| Untracked 
| 614|0x0000000726600000, 0x0000000726600000, 0x0000000726700000|  0%| F|  |TAMS 0x0000000726600000, 0x0000000726600000| Untracked 
| 615|0x0000000726700000, 0x0000000726700000, 0x0000000726800000|  0%| F|  |TAMS 0x0000000726700000, 0x0000000726700000| Untracked 
| 616|0x0000000726800000, 0x0000000726800000, 0x0000000726900000|  0%| F|  |TAMS 0x0000000726800000, 0x0000000726800000| Untracked 
| 617|0x0000000726900000, 0x0000000726900000, 0x0000000726a00000|  0%| F|  |TAMS 0x0000000726900000, 0x0000000726900000| Untracked 
| 618|0x0000000726a00000, 0x0000000726a00000, 0x0000000726b00000|  0%| F|  |TAMS 0x0000000726a00000, 0x0000000726a00000| Untracked 
| 619|0x0000000726b00000, 0x0000000726b00000, 0x0000000726c00000|  0%| F|  |TAMS 0x0000000726b00000, 0x0000000726b00000| Untracked 
| 620|0x0000000726c00000, 0x0000000726c00000, 0x0000000726d00000|  0%| F|  |TAMS 0x0000000726c00000, 0x0000000726c00000| Untracked 
| 621|0x0000000726d00000, 0x0000000726d00000, 0x0000000726e00000|  0%| F|  |TAMS 0x0000000726d00000, 0x0000000726d00000| Untracked 
| 622|0x0000000726e00000, 0x0000000726e00000, 0x0000000726f00000|  0%| F|  |TAMS 0x0000000726e00000, 0x0000000726e00000| Untracked 
| 623|0x0000000726f00000, 0x0000000726f00000, 0x0000000727000000|  0%| F|  |TAMS 0x0000000726f00000, 0x0000000726f00000| Untracked 
| 624|0x0000000727000000, 0x0000000727000000, 0x0000000727100000|  0%| F|  |TAMS 0x0000000727000000, 0x0000000727000000| Untracked 
| 625|0x0000000727100000, 0x0000000727100000, 0x0000000727200000|  0%| F|  |TAMS 0x0000000727100000, 0x0000000727100000| Untracked 
| 626|0x0000000727200000, 0x0000000727200000, 0x0000000727300000|  0%| F|  |TAMS 0x0000000727200000, 0x0000000727200000| Untracked 
| 627|0x0000000727300000, 0x0000000727300000, 0x0000000727400000|  0%| F|  |TAMS 0x0000000727300000, 0x0000000727300000| Untracked 
| 628|0x0000000727400000, 0x0000000727400000, 0x0000000727500000|  0%| F|  |TAMS 0x0000000727400000, 0x0000000727400000| Untracked 
| 629|0x0000000727500000, 0x0000000727500000, 0x0000000727600000|  0%| F|  |TAMS 0x0000000727500000, 0x0000000727500000| Untracked 
| 630|0x0000000727600000, 0x0000000727600000, 0x0000000727700000|  0%| F|  |TAMS 0x0000000727600000, 0x0000000727600000| Untracked 
| 631|0x0000000727700000, 0x0000000727700000, 0x0000000727800000|  0%| F|  |TAMS 0x0000000727700000, 0x0000000727700000| Untracked 
| 632|0x0000000727800000, 0x0000000727800000, 0x0000000727900000|  0%| F|  |TAMS 0x0000000727800000, 0x0000000727800000| Untracked 
| 633|0x0000000727900000, 0x0000000727900000, 0x0000000727a00000|  0%| F|  |TAMS 0x0000000727900000, 0x0000000727900000| Untracked 
| 634|0x0000000727a00000, 0x0000000727a00000, 0x0000000727b00000|  0%| F|  |TAMS 0x0000000727a00000, 0x0000000727a00000| Untracked 
| 635|0x0000000727b00000, 0x0000000727b00000, 0x0000000727c00000|  0%| F|  |TAMS 0x0000000727b00000, 0x0000000727b00000| Untracked 
| 636|0x0000000727c00000, 0x0000000727c00000, 0x0000000727d00000|  0%| F|  |TAMS 0x0000000727c00000, 0x0000000727c00000| Untracked 
| 637|0x0000000727d00000, 0x0000000727d00000, 0x0000000727e00000|  0%| F|  |TAMS 0x0000000727d00000, 0x0000000727d00000| Untracked 
| 638|0x0000000727e00000, 0x0000000727e00000, 0x0000000727f00000|  0%| F|  |TAMS 0x0000000727e00000, 0x0000000727e00000| Untracked 
| 639|0x0000000727f00000, 0x0000000727f00000, 0x0000000728000000|  0%| F|  |TAMS 0x0000000727f00000, 0x0000000727f00000| Untracked 
| 640|0x0000000728000000, 0x0000000728000000, 0x0000000728100000|  0%| F|  |TAMS 0x0000000728000000, 0x0000000728000000| Untracked 
| 641|0x0000000728100000, 0x0000000728100000, 0x0000000728200000|  0%| F|  |TAMS 0x0000000728100000, 0x0000000728100000| Untracked 
| 642|0x0000000728200000, 0x0000000728200000, 0x0000000728300000|  0%| F|  |TAMS 0x0000000728200000, 0x0000000728200000| Untracked 
| 643|0x0000000728300000, 0x0000000728300000, 0x0000000728400000|  0%| F|  |TAMS 0x0000000728300000, 0x0000000728300000| Untracked 
| 644|0x0000000728400000, 0x0000000728400000, 0x0000000728500000|  0%| F|  |TAMS 0x0000000728400000, 0x0000000728400000| Untracked 
| 645|0x0000000728500000, 0x0000000728500000, 0x0000000728600000|  0%| F|  |TAMS 0x0000000728500000, 0x0000000728500000| Untracked 
| 646|0x0000000728600000, 0x0000000728600000, 0x0000000728700000|  0%| F|  |TAMS 0x0000000728600000, 0x0000000728600000| Untracked 
| 647|0x0000000728700000, 0x0000000728700000, 0x0000000728800000|  0%| F|  |TAMS 0x0000000728700000, 0x0000000728700000| Untracked 
| 648|0x0000000728800000, 0x0000000728800000, 0x0000000728900000|  0%| F|  |TAMS 0x0000000728800000, 0x0000000728800000| Untracked 
| 649|0x0000000728900000, 0x0000000728900000, 0x0000000728a00000|  0%| F|  |TAMS 0x0000000728900000, 0x0000000728900000| Untracked 
| 650|0x0000000728a00000, 0x0000000728a00000, 0x0000000728b00000|  0%| F|  |TAMS 0x0000000728a00000, 0x0000000728a00000| Untracked 
| 651|0x0000000728b00000, 0x0000000728b00000, 0x0000000728c00000|  0%| F|  |TAMS 0x0000000728b00000, 0x0000000728b00000| Untracked 
| 652|0x0000000728c00000, 0x0000000728c00000, 0x0000000728d00000|  0%| F|  |TAMS 0x0000000728c00000, 0x0000000728c00000| Untracked 
| 653|0x0000000728d00000, 0x0000000728d00000, 0x0000000728e00000|  0%| F|  |TAMS 0x0000000728d00000, 0x0000000728d00000| Untracked 
| 654|0x0000000728e00000, 0x0000000728e00000, 0x0000000728f00000|  0%| F|  |TAMS 0x0000000728e00000, 0x0000000728e00000| Untracked 
| 655|0x0000000728f00000, 0x0000000728f00000, 0x0000000729000000|  0%| F|  |TAMS 0x0000000728f00000, 0x0000000728f00000| Untracked 
| 656|0x0000000729000000, 0x0000000729000000, 0x0000000729100000|  0%| F|  |TAMS 0x0000000729000000, 0x0000000729000000| Untracked 
| 657|0x0000000729100000, 0x0000000729100000, 0x0000000729200000|  0%| F|  |TAMS 0x0000000729100000, 0x0000000729100000| Untracked 
| 658|0x0000000729200000, 0x0000000729200000, 0x0000000729300000|  0%| F|  |TAMS 0x0000000729200000, 0x0000000729200000| Untracked 
| 659|0x0000000729300000, 0x0000000729300000, 0x0000000729400000|  0%| F|  |TAMS 0x0000000729300000, 0x0000000729300000| Untracked 
| 660|0x0000000729400000, 0x0000000729400000, 0x0000000729500000|  0%| F|  |TAMS 0x0000000729400000, 0x0000000729400000| Untracked 
| 661|0x0000000729500000, 0x0000000729500000, 0x0000000729600000|  0%| F|  |TAMS 0x0000000729500000, 0x0000000729500000| Untracked 
| 662|0x0000000729600000, 0x0000000729600000, 0x0000000729700000|  0%| F|  |TAMS 0x0000000729600000, 0x0000000729600000| Untracked 
| 663|0x0000000729700000, 0x0000000729700000, 0x0000000729800000|  0%| F|  |TAMS 0x0000000729700000, 0x0000000729700000| Untracked 
| 664|0x0000000729800000, 0x0000000729800000, 0x0000000729900000|  0%| F|  |TAMS 0x0000000729800000, 0x0000000729800000| Untracked 
| 665|0x0000000729900000, 0x0000000729900000, 0x0000000729a00000|  0%| F|  |TAMS 0x0000000729900000, 0x0000000729900000| Untracked 
| 666|0x0000000729a00000, 0x0000000729a00000, 0x0000000729b00000|  0%| F|  |TAMS 0x0000000729a00000, 0x0000000729a00000| Untracked 
| 667|0x0000000729b00000, 0x0000000729b00000, 0x0000000729c00000|  0%| F|  |TAMS 0x0000000729b00000, 0x0000000729b00000| Untracked 
| 668|0x0000000729c00000, 0x0000000729c00000, 0x0000000729d00000|  0%| F|  |TAMS 0x0000000729c00000, 0x0000000729c00000| Untracked 
| 669|0x0000000729d00000, 0x0000000729d00000, 0x0000000729e00000|  0%| F|  |TAMS 0x0000000729d00000, 0x0000000729d00000| Untracked 
| 670|0x0000000729e00000, 0x0000000729e00000, 0x0000000729f00000|  0%| F|  |TAMS 0x0000000729e00000, 0x0000000729e00000| Untracked 
| 671|0x0000000729f00000, 0x0000000729f00000, 0x000000072a000000|  0%| F|  |TAMS 0x0000000729f00000, 0x0000000729f00000| Untracked 
| 672|0x000000072a000000, 0x000000072a000000, 0x000000072a100000|  0%| F|  |TAMS 0x000000072a000000, 0x000000072a000000| Untracked 
| 673|0x000000072a100000, 0x000000072a100000, 0x000000072a200000|  0%| F|  |TAMS 0x000000072a100000, 0x000000072a100000| Untracked 
| 674|0x000000072a200000, 0x000000072a200000, 0x000000072a300000|  0%| F|  |TAMS 0x000000072a200000, 0x000000072a200000| Untracked 
| 675|0x000000072a300000, 0x000000072a300000, 0x000000072a400000|  0%| F|  |TAMS 0x000000072a300000, 0x000000072a300000| Untracked 
| 676|0x000000072a400000, 0x000000072a400000, 0x000000072a500000|  0%| F|  |TAMS 0x000000072a400000, 0x000000072a400000| Untracked 
| 677|0x000000072a500000, 0x000000072a500000, 0x000000072a600000|  0%| F|  |TAMS 0x000000072a500000, 0x000000072a500000| Untracked 
| 678|0x000000072a600000, 0x000000072a600000, 0x000000072a700000|  0%| F|  |TAMS 0x000000072a600000, 0x000000072a600000| Untracked 
| 679|0x000000072a700000, 0x000000072a700000, 0x000000072a800000|  0%| F|  |TAMS 0x000000072a700000, 0x000000072a700000| Untracked 
| 680|0x000000072a800000, 0x000000072a800000, 0x000000072a900000|  0%| F|  |TAMS 0x000000072a800000, 0x000000072a800000| Untracked 
| 681|0x000000072a900000, 0x000000072a900000, 0x000000072aa00000|  0%| F|  |TAMS 0x000000072a900000, 0x000000072a900000| Untracked 
| 682|0x000000072aa00000, 0x000000072aa00000, 0x000000072ab00000|  0%| F|  |TAMS 0x000000072aa00000, 0x000000072aa00000| Untracked 
| 683|0x000000072ab00000, 0x000000072ab00000, 0x000000072ac00000|  0%| F|  |TAMS 0x000000072ab00000, 0x000000072ab00000| Untracked 
| 684|0x000000072ac00000, 0x000000072ac00000, 0x000000072ad00000|  0%| F|  |TAMS 0x000000072ac00000, 0x000000072ac00000| Untracked 
| 685|0x000000072ad00000, 0x000000072ad00000, 0x000000072ae00000|  0%| F|  |TAMS 0x000000072ad00000, 0x000000072ad00000| Untracked 
| 686|0x000000072ae00000, 0x000000072ae00000, 0x000000072af00000|  0%| F|  |TAMS 0x000000072ae00000, 0x000000072ae00000| Untracked 
| 687|0x000000072af00000, 0x000000072af00000, 0x000000072b000000|  0%| F|  |TAMS 0x000000072af00000, 0x000000072af00000| Untracked 
| 688|0x000000072b000000, 0x000000072b000000, 0x000000072b100000|  0%| F|  |TAMS 0x000000072b000000, 0x000000072b000000| Untracked 
| 689|0x000000072b100000, 0x000000072b100000, 0x000000072b200000|  0%| F|  |TAMS 0x000000072b100000, 0x000000072b100000| Untracked 
| 690|0x000000072b200000, 0x000000072b200000, 0x000000072b300000|  0%| F|  |TAMS 0x000000072b200000, 0x000000072b200000| Untracked 
| 691|0x000000072b300000, 0x000000072b300000, 0x000000072b400000|  0%| F|  |TAMS 0x000000072b300000, 0x000000072b300000| Untracked 
| 692|0x000000072b400000, 0x000000072b400000, 0x000000072b500000|  0%| F|  |TAMS 0x000000072b400000, 0x000000072b400000| Untracked 
| 693|0x000000072b500000, 0x000000072b500000, 0x000000072b600000|  0%| F|  |TAMS 0x000000072b500000, 0x000000072b500000| Untracked 
| 694|0x000000072b600000, 0x000000072b600000, 0x000000072b700000|  0%| F|  |TAMS 0x000000072b600000, 0x000000072b600000| Untracked 
| 695|0x000000072b700000, 0x000000072b700000, 0x000000072b800000|  0%| F|  |TAMS 0x000000072b700000, 0x000000072b700000| Untracked 
| 696|0x000000072b800000, 0x000000072b800000, 0x000000072b900000|  0%| F|  |TAMS 0x000000072b800000, 0x000000072b800000| Untracked 
| 697|0x000000072b900000, 0x000000072b900000, 0x000000072ba00000|  0%| F|  |TAMS 0x000000072b900000, 0x000000072b900000| Untracked 
| 698|0x000000072ba00000, 0x000000072ba00000, 0x000000072bb00000|  0%| F|  |TAMS 0x000000072ba00000, 0x000000072ba00000| Untracked 
| 699|0x000000072bb00000, 0x000000072bb00000, 0x000000072bc00000|  0%| F|  |TAMS 0x000000072bb00000, 0x000000072bb00000| Untracked 
| 700|0x000000072bc00000, 0x000000072bc00000, 0x000000072bd00000|  0%| F|  |TAMS 0x000000072bc00000, 0x000000072bc00000| Untracked 
| 701|0x000000072bd00000, 0x000000072bd00000, 0x000000072be00000|  0%| F|  |TAMS 0x000000072bd00000, 0x000000072bd00000| Untracked 
| 702|0x000000072be00000, 0x000000072be00000, 0x000000072bf00000|  0%| F|  |TAMS 0x000000072be00000, 0x000000072be00000| Untracked 
| 703|0x000000072bf00000, 0x000000072bf00000, 0x000000072c000000|  0%| F|  |TAMS 0x000000072bf00000, 0x000000072bf00000| Untracked 
| 704|0x000000072c000000, 0x000000072c000000, 0x000000072c100000|  0%| F|  |TAMS 0x000000072c000000, 0x000000072c000000| Untracked 
| 705|0x000000072c100000, 0x000000072c100000, 0x000000072c200000|  0%| F|  |TAMS 0x000000072c100000, 0x000000072c100000| Untracked 
| 706|0x000000072c200000, 0x000000072c200000, 0x000000072c300000|  0%| F|  |TAMS 0x000000072c200000, 0x000000072c200000| Untracked 
| 707|0x000000072c300000, 0x000000072c300000, 0x000000072c400000|  0%| F|  |TAMS 0x000000072c300000, 0x000000072c300000| Untracked 
| 708|0x000000072c400000, 0x000000072c400000, 0x000000072c500000|  0%| F|  |TAMS 0x000000072c400000, 0x000000072c400000| Untracked 
| 709|0x000000072c500000, 0x000000072c500000, 0x000000072c600000|  0%| F|  |TAMS 0x000000072c500000, 0x000000072c500000| Untracked 
| 710|0x000000072c600000, 0x000000072c600000, 0x000000072c700000|  0%| F|  |TAMS 0x000000072c600000, 0x000000072c600000| Untracked 
| 711|0x000000072c700000, 0x000000072c700000, 0x000000072c800000|  0%| F|  |TAMS 0x000000072c700000, 0x000000072c700000| Untracked 
| 712|0x000000072c800000, 0x000000072c800000, 0x000000072c900000|  0%| F|  |TAMS 0x000000072c800000, 0x000000072c800000| Untracked 
| 713|0x000000072c900000, 0x000000072c900000, 0x000000072ca00000|  0%| F|  |TAMS 0x000000072c900000, 0x000000072c900000| Untracked 
| 714|0x000000072ca00000, 0x000000072ca00000, 0x000000072cb00000|  0%| F|  |TAMS 0x000000072ca00000, 0x000000072ca00000| Untracked 
| 715|0x000000072cb00000, 0x000000072cb00000, 0x000000072cc00000|  0%| F|  |TAMS 0x000000072cb00000, 0x000000072cb00000| Untracked 
| 716|0x000000072cc00000, 0x000000072cc00000, 0x000000072cd00000|  0%| F|  |TAMS 0x000000072cc00000, 0x000000072cc00000| Untracked 
| 717|0x000000072cd00000, 0x000000072cd00000, 0x000000072ce00000|  0%| F|  |TAMS 0x000000072cd00000, 0x000000072cd00000| Untracked 
| 718|0x000000072ce00000, 0x000000072ce00000, 0x000000072cf00000|  0%| F|  |TAMS 0x000000072ce00000, 0x000000072ce00000| Untracked 
| 719|0x000000072cf00000, 0x000000072cf00000, 0x000000072d000000|  0%| F|  |TAMS 0x000000072cf00000, 0x000000072cf00000| Untracked 
| 720|0x000000072d000000, 0x000000072d000000, 0x000000072d100000|  0%| F|  |TAMS 0x000000072d000000, 0x000000072d000000| Untracked 
| 721|0x000000072d100000, 0x000000072d100000, 0x000000072d200000|  0%| F|  |TAMS 0x000000072d100000, 0x000000072d100000| Untracked 
| 722|0x000000072d200000, 0x000000072d200000, 0x000000072d300000|  0%| F|  |TAMS 0x000000072d200000, 0x000000072d200000| Untracked 
| 723|0x000000072d300000, 0x000000072d300000, 0x000000072d400000|  0%| F|  |TAMS 0x000000072d300000, 0x000000072d300000| Untracked 
| 724|0x000000072d400000, 0x000000072d400000, 0x000000072d500000|  0%| F|  |TAMS 0x000000072d400000, 0x000000072d400000| Untracked 
| 725|0x000000072d500000, 0x000000072d500000, 0x000000072d600000|  0%| F|  |TAMS 0x000000072d500000, 0x000000072d500000| Untracked 
| 726|0x000000072d600000, 0x000000072d600000, 0x000000072d700000|  0%| F|  |TAMS 0x000000072d600000, 0x000000072d600000| Untracked 
| 727|0x000000072d700000, 0x000000072d700000, 0x000000072d800000|  0%| F|  |TAMS 0x000000072d700000, 0x000000072d700000| Untracked 
| 728|0x000000072d800000, 0x000000072d800000, 0x000000072d900000|  0%| F|  |TAMS 0x000000072d800000, 0x000000072d800000| Untracked 
| 729|0x000000072d900000, 0x000000072d900000, 0x000000072da00000|  0%| F|  |TAMS 0x000000072d900000, 0x000000072d900000| Untracked 
| 730|0x000000072da00000, 0x000000072da00000, 0x000000072db00000|  0%| F|  |TAMS 0x000000072da00000, 0x000000072da00000| Untracked 
| 731|0x000000072db00000, 0x000000072db00000, 0x000000072dc00000|  0%| F|  |TAMS 0x000000072db00000, 0x000000072db00000| Untracked 
| 732|0x000000072dc00000, 0x000000072dc00000, 0x000000072dd00000|  0%| F|  |TAMS 0x000000072dc00000, 0x000000072dc00000| Untracked 
| 733|0x000000072dd00000, 0x000000072dd00000, 0x000000072de00000|  0%| F|  |TAMS 0x000000072dd00000, 0x000000072dd00000| Untracked 
| 734|0x000000072de00000, 0x000000072de00000, 0x000000072df00000|  0%| F|  |TAMS 0x000000072de00000, 0x000000072de00000| Untracked 
| 735|0x000000072df00000, 0x000000072df00000, 0x000000072e000000|  0%| F|  |TAMS 0x000000072df00000, 0x000000072df00000| Untracked 
| 736|0x000000072e000000, 0x000000072e000000, 0x000000072e100000|  0%| F|  |TAMS 0x000000072e000000, 0x000000072e000000| Untracked 
| 737|0x000000072e100000, 0x000000072e100000, 0x000000072e200000|  0%| F|  |TAMS 0x000000072e100000, 0x000000072e100000| Untracked 
| 738|0x000000072e200000, 0x000000072e200000, 0x000000072e300000|  0%| F|  |TAMS 0x000000072e200000, 0x000000072e200000| Untracked 
| 739|0x000000072e300000, 0x000000072e300000, 0x000000072e400000|  0%| F|  |TAMS 0x000000072e300000, 0x000000072e300000| Untracked 
| 740|0x000000072e400000, 0x000000072e400000, 0x000000072e500000|  0%| F|  |TAMS 0x000000072e400000, 0x000000072e400000| Untracked 
| 741|0x000000072e500000, 0x000000072e500000, 0x000000072e600000|  0%| F|  |TAMS 0x000000072e500000, 0x000000072e500000| Untracked 
| 742|0x000000072e600000, 0x000000072e600000, 0x000000072e700000|  0%| F|  |TAMS 0x000000072e600000, 0x000000072e600000| Untracked 
| 743|0x000000072e700000, 0x000000072e700000, 0x000000072e800000|  0%| F|  |TAMS 0x000000072e700000, 0x000000072e700000| Untracked 
| 744|0x000000072e800000, 0x000000072e800000, 0x000000072e900000|  0%| F|  |TAMS 0x000000072e800000, 0x000000072e800000| Untracked 
| 745|0x000000072e900000, 0x000000072e900000, 0x000000072ea00000|  0%| F|  |TAMS 0x000000072e900000, 0x000000072e900000| Untracked 
| 746|0x000000072ea00000, 0x000000072ea00000, 0x000000072eb00000|  0%| F|  |TAMS 0x000000072ea00000, 0x000000072ea00000| Untracked 
| 747|0x000000072eb00000, 0x000000072eb00000, 0x000000072ec00000|  0%| F|  |TAMS 0x000000072eb00000, 0x000000072eb00000| Untracked 
| 748|0x000000072ec00000, 0x000000072ec00000, 0x000000072ed00000|  0%| F|  |TAMS 0x000000072ec00000, 0x000000072ec00000| Untracked 
| 749|0x000000072ed00000, 0x000000072ed00000, 0x000000072ee00000|  0%| F|  |TAMS 0x000000072ed00000, 0x000000072ed00000| Untracked 
| 750|0x000000072ee00000, 0x000000072ee00000, 0x000000072ef00000|  0%| F|  |TAMS 0x000000072ee00000, 0x000000072ee00000| Untracked 
| 751|0x000000072ef00000, 0x000000072ef00000, 0x000000072f000000|  0%| F|  |TAMS 0x000000072ef00000, 0x000000072ef00000| Untracked 
| 752|0x000000072f000000, 0x000000072f000000, 0x000000072f100000|  0%| F|  |TAMS 0x000000072f000000, 0x000000072f000000| Untracked 
| 753|0x000000072f100000, 0x000000072f100000, 0x000000072f200000|  0%| F|  |TAMS 0x000000072f100000, 0x000000072f100000| Untracked 
| 754|0x000000072f200000, 0x000000072f200000, 0x000000072f300000|  0%| F|  |TAMS 0x000000072f200000, 0x000000072f200000| Untracked 
| 755|0x000000072f300000, 0x000000072f300000, 0x000000072f400000|  0%| F|  |TAMS 0x000000072f300000, 0x000000072f300000| Untracked 
| 756|0x000000072f400000, 0x000000072f400000, 0x000000072f500000|  0%| F|  |TAMS 0x000000072f400000, 0x000000072f400000| Untracked 
| 757|0x000000072f500000, 0x000000072f500000, 0x000000072f600000|  0%| F|  |TAMS 0x000000072f500000, 0x000000072f500000| Untracked 
| 758|0x000000072f600000, 0x000000072f600000, 0x000000072f700000|  0%| F|  |TAMS 0x000000072f600000, 0x000000072f600000| Untracked 
| 759|0x000000072f700000, 0x000000072f700000, 0x000000072f800000|  0%| F|  |TAMS 0x000000072f700000, 0x000000072f700000| Untracked 
| 760|0x000000072f800000, 0x000000072f800000, 0x000000072f900000|  0%| F|  |TAMS 0x000000072f800000, 0x000000072f800000| Untracked 
| 761|0x000000072f900000, 0x000000072f900000, 0x000000072fa00000|  0%| F|  |TAMS 0x000000072f900000, 0x000000072f900000| Untracked 
| 762|0x000000072fa00000, 0x000000072fa00000, 0x000000072fb00000|  0%| F|  |TAMS 0x000000072fa00000, 0x000000072fa00000| Untracked 
| 763|0x000000072fb00000, 0x000000072fb00000, 0x000000072fc00000|  0%| F|  |TAMS 0x000000072fb00000, 0x000000072fb00000| Untracked 
| 764|0x000000072fc00000, 0x000000072fc00000, 0x000000072fd00000|  0%| F|  |TAMS 0x000000072fc00000, 0x000000072fc00000| Untracked 
| 765|0x000000072fd00000, 0x000000072fd00000, 0x000000072fe00000|  0%| F|  |TAMS 0x000000072fd00000, 0x000000072fd00000| Untracked 
| 766|0x000000072fe00000, 0x000000072fe00000, 0x000000072ff00000|  0%| F|  |TAMS 0x000000072fe00000, 0x000000072fe00000| Untracked 
| 767|0x000000072ff00000, 0x000000072ff00000, 0x0000000730000000|  0%| F|  |TAMS 0x000000072ff00000, 0x000000072ff00000| Untracked 
| 768|0x0000000730000000, 0x0000000730000000, 0x0000000730100000|  0%| F|  |TAMS 0x0000000730000000, 0x0000000730000000| Untracked 
| 769|0x0000000730100000, 0x0000000730100000, 0x0000000730200000|  0%| F|  |TAMS 0x0000000730100000, 0x0000000730100000| Untracked 
| 770|0x0000000730200000, 0x0000000730200000, 0x0000000730300000|  0%| F|  |TAMS 0x0000000730200000, 0x0000000730200000| Untracked 
| 771|0x0000000730300000, 0x0000000730300000, 0x0000000730400000|  0%| F|  |TAMS 0x0000000730300000, 0x0000000730300000| Untracked 
| 772|0x0000000730400000, 0x0000000730400000, 0x0000000730500000|  0%| F|  |TAMS 0x0000000730400000, 0x0000000730400000| Untracked 
| 773|0x0000000730500000, 0x0000000730500000, 0x0000000730600000|  0%| F|  |TAMS 0x0000000730500000, 0x0000000730500000| Untracked 
| 774|0x0000000730600000, 0x0000000730600000, 0x0000000730700000|  0%| F|  |TAMS 0x0000000730600000, 0x0000000730600000| Untracked 
| 775|0x0000000730700000, 0x0000000730700000, 0x0000000730800000|  0%| F|  |TAMS 0x0000000730700000, 0x0000000730700000| Untracked 
| 776|0x0000000730800000, 0x0000000730800000, 0x0000000730900000|  0%| F|  |TAMS 0x0000000730800000, 0x0000000730800000| Untracked 
| 777|0x0000000730900000, 0x0000000730900000, 0x0000000730a00000|  0%| F|  |TAMS 0x0000000730900000, 0x0000000730900000| Untracked 
| 778|0x0000000730a00000, 0x0000000730a00000, 0x0000000730b00000|  0%| F|  |TAMS 0x0000000730a00000, 0x0000000730a00000| Untracked 
| 779|0x0000000730b00000, 0x0000000730b00000, 0x0000000730c00000|  0%| F|  |TAMS 0x0000000730b00000, 0x0000000730b00000| Untracked 
| 780|0x0000000730c00000, 0x0000000730c00000, 0x0000000730d00000|  0%| F|  |TAMS 0x0000000730c00000, 0x0000000730c00000| Untracked 
| 781|0x0000000730d00000, 0x0000000730d00000, 0x0000000730e00000|  0%| F|  |TAMS 0x0000000730d00000, 0x0000000730d00000| Untracked 
| 782|0x0000000730e00000, 0x0000000730e00000, 0x0000000730f00000|  0%| F|  |TAMS 0x0000000730e00000, 0x0000000730e00000| Untracked 
| 783|0x0000000730f00000, 0x0000000730f00000, 0x0000000731000000|  0%| F|  |TAMS 0x0000000730f00000, 0x0000000730f00000| Untracked 
| 784|0x0000000731000000, 0x0000000731000000, 0x0000000731100000|  0%| F|  |TAMS 0x0000000731000000, 0x0000000731000000| Untracked 
| 785|0x0000000731100000, 0x0000000731100000, 0x0000000731200000|  0%| F|  |TAMS 0x0000000731100000, 0x0000000731100000| Untracked 
| 786|0x0000000731200000, 0x0000000731200000, 0x0000000731300000|  0%| F|  |TAMS 0x0000000731200000, 0x0000000731200000| Untracked 
| 787|0x0000000731300000, 0x0000000731300000, 0x0000000731400000|  0%| F|  |TAMS 0x0000000731300000, 0x0000000731300000| Untracked 
| 788|0x0000000731400000, 0x0000000731400000, 0x0000000731500000|  0%| F|  |TAMS 0x0000000731400000, 0x0000000731400000| Untracked 
| 789|0x0000000731500000, 0x0000000731500000, 0x0000000731600000|  0%| F|  |TAMS 0x0000000731500000, 0x0000000731500000| Untracked 
| 790|0x0000000731600000, 0x0000000731600000, 0x0000000731700000|  0%| F|  |TAMS 0x0000000731600000, 0x0000000731600000| Untracked 
| 791|0x0000000731700000, 0x0000000731700000, 0x0000000731800000|  0%| F|  |TAMS 0x0000000731700000, 0x0000000731700000| Untracked 
| 792|0x0000000731800000, 0x0000000731800000, 0x0000000731900000|  0%| F|  |TAMS 0x0000000731800000, 0x0000000731800000| Untracked 
| 793|0x0000000731900000, 0x0000000731900000, 0x0000000731a00000|  0%| F|  |TAMS 0x0000000731900000, 0x0000000731900000| Untracked 
| 794|0x0000000731a00000, 0x0000000731a00000, 0x0000000731b00000|  0%| F|  |TAMS 0x0000000731a00000, 0x0000000731a00000| Untracked 
| 795|0x0000000731b00000, 0x0000000731b00000, 0x0000000731c00000|  0%| F|  |TAMS 0x0000000731b00000, 0x0000000731b00000| Untracked 
| 796|0x0000000731c00000, 0x0000000731c00000, 0x0000000731d00000|  0%| F|  |TAMS 0x0000000731c00000, 0x0000000731c00000| Untracked 
| 797|0x0000000731d00000, 0x0000000731d00000, 0x0000000731e00000|  0%| F|  |TAMS 0x0000000731d00000, 0x0000000731d00000| Untracked 
| 798|0x0000000731e00000, 0x0000000731e00000, 0x0000000731f00000|  0%| F|  |TAMS 0x0000000731e00000, 0x0000000731e00000| Untracked 
| 799|0x0000000731f00000, 0x0000000731f00000, 0x0000000732000000|  0%| F|  |TAMS 0x0000000731f00000, 0x0000000731f00000| Untracked 
| 800|0x0000000732000000, 0x0000000732000000, 0x0000000732100000|  0%| F|  |TAMS 0x0000000732000000, 0x0000000732000000| Untracked 
| 801|0x0000000732100000, 0x0000000732100000, 0x0000000732200000|  0%| F|  |TAMS 0x0000000732100000, 0x0000000732100000| Untracked 
| 802|0x0000000732200000, 0x0000000732200000, 0x0000000732300000|  0%| F|  |TAMS 0x0000000732200000, 0x0000000732200000| Untracked 
| 803|0x0000000732300000, 0x0000000732300000, 0x0000000732400000|  0%| F|  |TAMS 0x0000000732300000, 0x0000000732300000| Untracked 
| 804|0x0000000732400000, 0x0000000732400000, 0x0000000732500000|  0%| F|  |TAMS 0x0000000732400000, 0x0000000732400000| Untracked 
| 805|0x0000000732500000, 0x0000000732500000, 0x0000000732600000|  0%| F|  |TAMS 0x0000000732500000, 0x0000000732500000| Untracked 
| 806|0x0000000732600000, 0x0000000732600000, 0x0000000732700000|  0%| F|  |TAMS 0x0000000732600000, 0x0000000732600000| Untracked 
| 807|0x0000000732700000, 0x0000000732700000, 0x0000000732800000|  0%| F|  |TAMS 0x0000000732700000, 0x0000000732700000| Untracked 
| 808|0x0000000732800000, 0x0000000732800000, 0x0000000732900000|  0%| F|  |TAMS 0x0000000732800000, 0x0000000732800000| Untracked 
| 809|0x0000000732900000, 0x0000000732900000, 0x0000000732a00000|  0%| F|  |TAMS 0x0000000732900000, 0x0000000732900000| Untracked 
| 810|0x0000000732a00000, 0x0000000732a00000, 0x0000000732b00000|  0%| F|  |TAMS 0x0000000732a00000, 0x0000000732a00000| Untracked 
| 811|0x0000000732b00000, 0x0000000732b00000, 0x0000000732c00000|  0%| F|  |TAMS 0x0000000732b00000, 0x0000000732b00000| Untracked 
| 812|0x0000000732c00000, 0x0000000732c00000, 0x0000000732d00000|  0%| F|  |TAMS 0x0000000732c00000, 0x0000000732c00000| Untracked 
| 813|0x0000000732d00000, 0x0000000732d00000, 0x0000000732e00000|  0%| F|  |TAMS 0x0000000732d00000, 0x0000000732d00000| Untracked 
| 814|0x0000000732e00000, 0x0000000732e00000, 0x0000000732f00000|  0%| F|  |TAMS 0x0000000732e00000, 0x0000000732e00000| Untracked 
| 815|0x0000000732f00000, 0x0000000732f00000, 0x0000000733000000|  0%| F|  |TAMS 0x0000000732f00000, 0x0000000732f00000| Untracked 
| 816|0x0000000733000000, 0x0000000733000000, 0x0000000733100000|  0%| F|  |TAMS 0x0000000733000000, 0x0000000733000000| Untracked 
| 817|0x0000000733100000, 0x0000000733100000, 0x0000000733200000|  0%| F|  |TAMS 0x0000000733100000, 0x0000000733100000| Untracked 
| 818|0x0000000733200000, 0x0000000733200000, 0x0000000733300000|  0%| F|  |TAMS 0x0000000733200000, 0x0000000733200000| Untracked 
| 819|0x0000000733300000, 0x0000000733300000, 0x0000000733400000|  0%| F|  |TAMS 0x0000000733300000, 0x0000000733300000| Untracked 
| 820|0x0000000733400000, 0x0000000733400000, 0x0000000733500000|  0%| F|  |TAMS 0x0000000733400000, 0x0000000733400000| Untracked 
| 821|0x0000000733500000, 0x0000000733500000, 0x0000000733600000|  0%| F|  |TAMS 0x0000000733500000, 0x0000000733500000| Untracked 
| 822|0x0000000733600000, 0x0000000733600000, 0x0000000733700000|  0%| F|  |TAMS 0x0000000733600000, 0x0000000733600000| Untracked 
| 823|0x0000000733700000, 0x0000000733700000, 0x0000000733800000|  0%| F|  |TAMS 0x0000000733700000, 0x0000000733700000| Untracked 
| 824|0x0000000733800000, 0x0000000733800000, 0x0000000733900000|  0%| F|  |TAMS 0x0000000733800000, 0x0000000733800000| Untracked 
| 825|0x0000000733900000, 0x0000000733900000, 0x0000000733a00000|  0%| F|  |TAMS 0x0000000733900000, 0x0000000733900000| Untracked 
| 826|0x0000000733a00000, 0x0000000733a00000, 0x0000000733b00000|  0%| F|  |TAMS 0x0000000733a00000, 0x0000000733a00000| Untracked 
| 827|0x0000000733b00000, 0x0000000733b00000, 0x0000000733c00000|  0%| F|  |TAMS 0x0000000733b00000, 0x0000000733b00000| Untracked 
| 828|0x0000000733c00000, 0x0000000733c00000, 0x0000000733d00000|  0%| F|  |TAMS 0x0000000733c00000, 0x0000000733c00000| Untracked 
| 829|0x0000000733d00000, 0x0000000733d00000, 0x0000000733e00000|  0%| F|  |TAMS 0x0000000733d00000, 0x0000000733d00000| Untracked 
| 830|0x0000000733e00000, 0x0000000733e00000, 0x0000000733f00000|  0%| F|  |TAMS 0x0000000733e00000, 0x0000000733e00000| Untracked 
| 831|0x0000000733f00000, 0x0000000733f00000, 0x0000000734000000|  0%| F|  |TAMS 0x0000000733f00000, 0x0000000733f00000| Untracked 
| 832|0x0000000734000000, 0x0000000734000000, 0x0000000734100000|  0%| F|  |TAMS 0x0000000734000000, 0x0000000734000000| Untracked 
| 833|0x0000000734100000, 0x0000000734100000, 0x0000000734200000|  0%| F|  |TAMS 0x0000000734100000, 0x0000000734100000| Untracked 
| 834|0x0000000734200000, 0x0000000734200000, 0x0000000734300000|  0%| F|  |TAMS 0x0000000734200000, 0x0000000734200000| Untracked 
| 835|0x0000000734300000, 0x0000000734300000, 0x0000000734400000|  0%| F|  |TAMS 0x0000000734300000, 0x0000000734300000| Untracked 
| 836|0x0000000734400000, 0x0000000734400000, 0x0000000734500000|  0%| F|  |TAMS 0x0000000734400000, 0x0000000734400000| Untracked 
| 837|0x0000000734500000, 0x0000000734500000, 0x0000000734600000|  0%| F|  |TAMS 0x0000000734500000, 0x0000000734500000| Untracked 
| 838|0x0000000734600000, 0x0000000734600000, 0x0000000734700000|  0%| F|  |TAMS 0x0000000734600000, 0x0000000734600000| Untracked 
| 839|0x0000000734700000, 0x0000000734700000, 0x0000000734800000|  0%| F|  |TAMS 0x0000000734700000, 0x0000000734700000| Untracked 
| 840|0x0000000734800000, 0x0000000734800000, 0x0000000734900000|  0%| F|  |TAMS 0x0000000734800000, 0x0000000734800000| Untracked 
| 841|0x0000000734900000, 0x0000000734900000, 0x0000000734a00000|  0%| F|  |TAMS 0x0000000734900000, 0x0000000734900000| Untracked 
| 842|0x0000000734a00000, 0x0000000734a00000, 0x0000000734b00000|  0%| F|  |TAMS 0x0000000734a00000, 0x0000000734a00000| Untracked 
| 843|0x0000000734b00000, 0x0000000734b00000, 0x0000000734c00000|  0%| F|  |TAMS 0x0000000734b00000, 0x0000000734b00000| Untracked 
| 844|0x0000000734c00000, 0x0000000734c00000, 0x0000000734d00000|  0%| F|  |TAMS 0x0000000734c00000, 0x0000000734c00000| Untracked 
| 845|0x0000000734d00000, 0x0000000734d00000, 0x0000000734e00000|  0%| F|  |TAMS 0x0000000734d00000, 0x0000000734d00000| Untracked 
| 846|0x0000000734e00000, 0x0000000734e00000, 0x0000000734f00000|  0%| F|  |TAMS 0x0000000734e00000, 0x0000000734e00000| Untracked 
| 847|0x0000000734f00000, 0x0000000734f00000, 0x0000000735000000|  0%| F|  |TAMS 0x0000000734f00000, 0x0000000734f00000| Untracked 
| 848|0x0000000735000000, 0x0000000735000000, 0x0000000735100000|  0%| F|  |TAMS 0x0000000735000000, 0x0000000735000000| Untracked 
| 849|0x0000000735100000, 0x0000000735100000, 0x0000000735200000|  0%| F|  |TAMS 0x0000000735100000, 0x0000000735100000| Untracked 
| 850|0x0000000735200000, 0x0000000735200000, 0x0000000735300000|  0%| F|  |TAMS 0x0000000735200000, 0x0000000735200000| Untracked 
| 851|0x0000000735300000, 0x0000000735300000, 0x0000000735400000|  0%| F|  |TAMS 0x0000000735300000, 0x0000000735300000| Untracked 
| 852|0x0000000735400000, 0x0000000735400000, 0x0000000735500000|  0%| F|  |TAMS 0x0000000735400000, 0x0000000735400000| Untracked 
| 853|0x0000000735500000, 0x0000000735500000, 0x0000000735600000|  0%| F|  |TAMS 0x0000000735500000, 0x0000000735500000| Untracked 
| 854|0x0000000735600000, 0x0000000735600000, 0x0000000735700000|  0%| F|  |TAMS 0x0000000735600000, 0x0000000735600000| Untracked 
| 855|0x0000000735700000, 0x0000000735700000, 0x0000000735800000|  0%| F|  |TAMS 0x0000000735700000, 0x0000000735700000| Untracked 
| 856|0x0000000735800000, 0x0000000735800000, 0x0000000735900000|  0%| F|  |TAMS 0x0000000735800000, 0x0000000735800000| Untracked 
| 857|0x0000000735900000, 0x0000000735900000, 0x0000000735a00000|  0%| F|  |TAMS 0x0000000735900000, 0x0000000735900000| Untracked 
| 858|0x0000000735a00000, 0x0000000735a00000, 0x0000000735b00000|  0%| F|  |TAMS 0x0000000735a00000, 0x0000000735a00000| Untracked 
| 859|0x0000000735b00000, 0x0000000735b00000, 0x0000000735c00000|  0%| F|  |TAMS 0x0000000735b00000, 0x0000000735b00000| Untracked 
| 860|0x0000000735c00000, 0x0000000735c00000, 0x0000000735d00000|  0%| F|  |TAMS 0x0000000735c00000, 0x0000000735c00000| Untracked 
| 861|0x0000000735d00000, 0x0000000735d00000, 0x0000000735e00000|  0%| F|  |TAMS 0x0000000735d00000, 0x0000000735d00000| Untracked 
| 862|0x0000000735e00000, 0x0000000735e00000, 0x0000000735f00000|  0%| F|  |TAMS 0x0000000735e00000, 0x0000000735e00000| Untracked 
| 863|0x0000000735f00000, 0x0000000735f00000, 0x0000000736000000|  0%| F|  |TAMS 0x0000000735f00000, 0x0000000735f00000| Untracked 
| 864|0x0000000736000000, 0x0000000736000000, 0x0000000736100000|  0%| F|  |TAMS 0x0000000736000000, 0x0000000736000000| Untracked 
| 865|0x0000000736100000, 0x0000000736100000, 0x0000000736200000|  0%| F|  |TAMS 0x0000000736100000, 0x0000000736100000| Untracked 
| 866|0x0000000736200000, 0x0000000736200000, 0x0000000736300000|  0%| F|  |TAMS 0x0000000736200000, 0x0000000736200000| Untracked 
| 867|0x0000000736300000, 0x0000000736300000, 0x0000000736400000|  0%| F|  |TAMS 0x0000000736300000, 0x0000000736300000| Untracked 
| 868|0x0000000736400000, 0x0000000736400000, 0x0000000736500000|  0%| F|  |TAMS 0x0000000736400000, 0x0000000736400000| Untracked 
| 869|0x0000000736500000, 0x0000000736500000, 0x0000000736600000|  0%| F|  |TAMS 0x0000000736500000, 0x0000000736500000| Untracked 
| 870|0x0000000736600000, 0x0000000736600000, 0x0000000736700000|  0%| F|  |TAMS 0x0000000736600000, 0x0000000736600000| Untracked 
| 871|0x0000000736700000, 0x0000000736700000, 0x0000000736800000|  0%| F|  |TAMS 0x0000000736700000, 0x0000000736700000| Untracked 
| 872|0x0000000736800000, 0x0000000736800000, 0x0000000736900000|  0%| F|  |TAMS 0x0000000736800000, 0x0000000736800000| Untracked 
| 873|0x0000000736900000, 0x0000000736900000, 0x0000000736a00000|  0%| F|  |TAMS 0x0000000736900000, 0x0000000736900000| Untracked 
| 874|0x0000000736a00000, 0x0000000736a00000, 0x0000000736b00000|  0%| F|  |TAMS 0x0000000736a00000, 0x0000000736a00000| Untracked 
| 875|0x0000000736b00000, 0x0000000736b00000, 0x0000000736c00000|  0%| F|  |TAMS 0x0000000736b00000, 0x0000000736b00000| Untracked 
| 876|0x0000000736c00000, 0x0000000736c00000, 0x0000000736d00000|  0%| F|  |TAMS 0x0000000736c00000, 0x0000000736c00000| Untracked 
| 877|0x0000000736d00000, 0x0000000736d00000, 0x0000000736e00000|  0%| F|  |TAMS 0x0000000736d00000, 0x0000000736d00000| Untracked 
| 878|0x0000000736e00000, 0x0000000736e00000, 0x0000000736f00000|  0%| F|  |TAMS 0x0000000736e00000, 0x0000000736e00000| Untracked 
| 879|0x0000000736f00000, 0x0000000736f00000, 0x0000000737000000|  0%| F|  |TAMS 0x0000000736f00000, 0x0000000736f00000| Untracked 
| 880|0x0000000737000000, 0x0000000737000000, 0x0000000737100000|  0%| F|  |TAMS 0x0000000737000000, 0x0000000737000000| Untracked 
| 881|0x0000000737100000, 0x0000000737100000, 0x0000000737200000|  0%| F|  |TAMS 0x0000000737100000, 0x0000000737100000| Untracked 
| 882|0x0000000737200000, 0x0000000737200000, 0x0000000737300000|  0%| F|  |TAMS 0x0000000737200000, 0x0000000737200000| Untracked 
| 883|0x0000000737300000, 0x0000000737300000, 0x0000000737400000|  0%| F|  |TAMS 0x0000000737300000, 0x0000000737300000| Untracked 
| 884|0x0000000737400000, 0x0000000737400000, 0x0000000737500000|  0%| F|  |TAMS 0x0000000737400000, 0x0000000737400000| Untracked 
| 885|0x0000000737500000, 0x0000000737500000, 0x0000000737600000|  0%| F|  |TAMS 0x0000000737500000, 0x0000000737500000| Untracked 
| 886|0x0000000737600000, 0x0000000737600000, 0x0000000737700000|  0%| F|  |TAMS 0x0000000737600000, 0x0000000737600000| Untracked 
| 887|0x0000000737700000, 0x0000000737700000, 0x0000000737800000|  0%| F|  |TAMS 0x0000000737700000, 0x0000000737700000| Untracked 
| 888|0x0000000737800000, 0x0000000737800000, 0x0000000737900000|  0%| F|  |TAMS 0x0000000737800000, 0x0000000737800000| Untracked 
| 889|0x0000000737900000, 0x0000000737900000, 0x0000000737a00000|  0%| F|  |TAMS 0x0000000737900000, 0x0000000737900000| Untracked 
| 890|0x0000000737a00000, 0x0000000737a00000, 0x0000000737b00000|  0%| F|  |TAMS 0x0000000737a00000, 0x0000000737a00000| Untracked 
| 891|0x0000000737b00000, 0x0000000737b00000, 0x0000000737c00000|  0%| F|  |TAMS 0x0000000737b00000, 0x0000000737b00000| Untracked 
| 892|0x0000000737c00000, 0x0000000737c00000, 0x0000000737d00000|  0%| F|  |TAMS 0x0000000737c00000, 0x0000000737c00000| Untracked 
| 893|0x0000000737d00000, 0x0000000737d00000, 0x0000000737e00000|  0%| F|  |TAMS 0x0000000737d00000, 0x0000000737d00000| Untracked 
| 894|0x0000000737e00000, 0x0000000737e00000, 0x0000000737f00000|  0%| F|  |TAMS 0x0000000737e00000, 0x0000000737e00000| Untracked 
| 895|0x0000000737f00000, 0x0000000737f00000, 0x0000000738000000|  0%| F|  |TAMS 0x0000000737f00000, 0x0000000737f00000| Untracked 
| 896|0x0000000738000000, 0x0000000738000000, 0x0000000738100000|  0%| F|  |TAMS 0x0000000738000000, 0x0000000738000000| Untracked 
| 897|0x0000000738100000, 0x0000000738100000, 0x0000000738200000|  0%| F|  |TAMS 0x0000000738100000, 0x0000000738100000| Untracked 
| 898|0x0000000738200000, 0x0000000738200000, 0x0000000738300000|  0%| F|  |TAMS 0x0000000738200000, 0x0000000738200000| Untracked 
| 899|0x0000000738300000, 0x0000000738300000, 0x0000000738400000|  0%| F|  |TAMS 0x0000000738300000, 0x0000000738300000| Untracked 
| 900|0x0000000738400000, 0x0000000738400000, 0x0000000738500000|  0%| F|  |TAMS 0x0000000738400000, 0x0000000738400000| Untracked 
| 901|0x0000000738500000, 0x0000000738500000, 0x0000000738600000|  0%| F|  |TAMS 0x0000000738500000, 0x0000000738500000| Untracked 
| 902|0x0000000738600000, 0x0000000738600000, 0x0000000738700000|  0%| F|  |TAMS 0x0000000738600000, 0x0000000738600000| Untracked 
| 903|0x0000000738700000, 0x0000000738700000, 0x0000000738800000|  0%| F|  |TAMS 0x0000000738700000, 0x0000000738700000| Untracked 
| 904|0x0000000738800000, 0x0000000738800000, 0x0000000738900000|  0%| F|  |TAMS 0x0000000738800000, 0x0000000738800000| Untracked 
| 905|0x0000000738900000, 0x0000000738900000, 0x0000000738a00000|  0%| F|  |TAMS 0x0000000738900000, 0x0000000738900000| Untracked 
| 906|0x0000000738a00000, 0x0000000738a00000, 0x0000000738b00000|  0%| F|  |TAMS 0x0000000738a00000, 0x0000000738a00000| Untracked 
| 907|0x0000000738b00000, 0x0000000738b00000, 0x0000000738c00000|  0%| F|  |TAMS 0x0000000738b00000, 0x0000000738b00000| Untracked 
| 908|0x0000000738c00000, 0x0000000738c00000, 0x0000000738d00000|  0%| F|  |TAMS 0x0000000738c00000, 0x0000000738c00000| Untracked 
| 909|0x0000000738d00000, 0x0000000738d00000, 0x0000000738e00000|  0%| F|  |TAMS 0x0000000738d00000, 0x0000000738d00000| Untracked 
| 910|0x0000000738e00000, 0x0000000738e00000, 0x0000000738f00000|  0%| F|  |TAMS 0x0000000738e00000, 0x0000000738e00000| Untracked 
| 911|0x0000000738f00000, 0x0000000738f00000, 0x0000000739000000|  0%| F|  |TAMS 0x0000000738f00000, 0x0000000738f00000| Untracked 
| 912|0x0000000739000000, 0x0000000739000000, 0x0000000739100000|  0%| F|  |TAMS 0x0000000739000000, 0x0000000739000000| Untracked 
| 913|0x0000000739100000, 0x0000000739100000, 0x0000000739200000|  0%| F|  |TAMS 0x0000000739100000, 0x0000000739100000| Untracked 
| 914|0x0000000739200000, 0x0000000739200000, 0x0000000739300000|  0%| F|  |TAMS 0x0000000739200000, 0x0000000739200000| Untracked 
| 915|0x0000000739300000, 0x0000000739300000, 0x0000000739400000|  0%| F|  |TAMS 0x0000000739300000, 0x0000000739300000| Untracked 
| 916|0x0000000739400000, 0x0000000739400000, 0x0000000739500000|  0%| F|  |TAMS 0x0000000739400000, 0x0000000739400000| Untracked 
| 917|0x0000000739500000, 0x0000000739500000, 0x0000000739600000|  0%| F|  |TAMS 0x0000000739500000, 0x0000000739500000| Untracked 
| 918|0x0000000739600000, 0x0000000739600000, 0x0000000739700000|  0%| F|  |TAMS 0x0000000739600000, 0x0000000739600000| Untracked 
| 919|0x0000000739700000, 0x0000000739700000, 0x0000000739800000|  0%| F|  |TAMS 0x0000000739700000, 0x0000000739700000| Untracked 
| 920|0x0000000739800000, 0x0000000739800000, 0x0000000739900000|  0%| F|  |TAMS 0x0000000739800000, 0x0000000739800000| Untracked 
| 921|0x0000000739900000, 0x0000000739900000, 0x0000000739a00000|  0%| F|  |TAMS 0x0000000739900000, 0x0000000739900000| Untracked 
| 922|0x0000000739a00000, 0x0000000739a00000, 0x0000000739b00000|  0%| F|  |TAMS 0x0000000739a00000, 0x0000000739a00000| Untracked 
| 923|0x0000000739b00000, 0x0000000739b00000, 0x0000000739c00000|  0%| F|  |TAMS 0x0000000739b00000, 0x0000000739b00000| Untracked 
| 924|0x0000000739c00000, 0x0000000739c00000, 0x0000000739d00000|  0%| F|  |TAMS 0x0000000739c00000, 0x0000000739c00000| Untracked 
| 925|0x0000000739d00000, 0x0000000739d00000, 0x0000000739e00000|  0%| F|  |TAMS 0x0000000739d00000, 0x0000000739d00000| Untracked 
| 926|0x0000000739e00000, 0x0000000739e00000, 0x0000000739f00000|  0%| F|  |TAMS 0x0000000739e00000, 0x0000000739e00000| Untracked 
| 927|0x0000000739f00000, 0x0000000739f00000, 0x000000073a000000|  0%| F|  |TAMS 0x0000000739f00000, 0x0000000739f00000| Untracked 
| 928|0x000000073a000000, 0x000000073a000000, 0x000000073a100000|  0%| F|  |TAMS 0x000000073a000000, 0x000000073a000000| Untracked 
| 929|0x000000073a100000, 0x000000073a100000, 0x000000073a200000|  0%| F|  |TAMS 0x000000073a100000, 0x000000073a100000| Untracked 
| 930|0x000000073a200000, 0x000000073a200000, 0x000000073a300000|  0%| F|  |TAMS 0x000000073a200000, 0x000000073a200000| Untracked 
| 931|0x000000073a300000, 0x000000073a300000, 0x000000073a400000|  0%| F|  |TAMS 0x000000073a300000, 0x000000073a300000| Untracked 
| 932|0x000000073a400000, 0x000000073a400000, 0x000000073a500000|  0%| F|  |TAMS 0x000000073a400000, 0x000000073a400000| Untracked 
| 933|0x000000073a500000, 0x000000073a500000, 0x000000073a600000|  0%| F|  |TAMS 0x000000073a500000, 0x000000073a500000| Untracked 
| 934|0x000000073a600000, 0x000000073a600000, 0x000000073a700000|  0%| F|  |TAMS 0x000000073a600000, 0x000000073a600000| Untracked 
| 935|0x000000073a700000, 0x000000073a700000, 0x000000073a800000|  0%| F|  |TAMS 0x000000073a700000, 0x000000073a700000| Untracked 
| 936|0x000000073a800000, 0x000000073a800000, 0x000000073a900000|  0%| F|  |TAMS 0x000000073a800000, 0x000000073a800000| Untracked 
| 937|0x000000073a900000, 0x000000073a900000, 0x000000073aa00000|  0%| F|  |TAMS 0x000000073a900000, 0x000000073a900000| Untracked 
| 938|0x000000073aa00000, 0x000000073aa00000, 0x000000073ab00000|  0%| F|  |TAMS 0x000000073aa00000, 0x000000073aa00000| Untracked 
| 939|0x000000073ab00000, 0x000000073ab00000, 0x000000073ac00000|  0%| F|  |TAMS 0x000000073ab00000, 0x000000073ab00000| Untracked 
| 940|0x000000073ac00000, 0x000000073ac00000, 0x000000073ad00000|  0%| F|  |TAMS 0x000000073ac00000, 0x000000073ac00000| Untracked 
| 941|0x000000073ad00000, 0x000000073ad00000, 0x000000073ae00000|  0%| F|  |TAMS 0x000000073ad00000, 0x000000073ad00000| Untracked 
| 942|0x000000073ae00000, 0x000000073ae00000, 0x000000073af00000|  0%| F|  |TAMS 0x000000073ae00000, 0x000000073ae00000| Untracked 
| 943|0x000000073af00000, 0x000000073af00000, 0x000000073b000000|  0%| F|  |TAMS 0x000000073af00000, 0x000000073af00000| Untracked 
| 944|0x000000073b000000, 0x000000073b000000, 0x000000073b100000|  0%| F|  |TAMS 0x000000073b000000, 0x000000073b000000| Untracked 
| 945|0x000000073b100000, 0x000000073b100000, 0x000000073b200000|  0%| F|  |TAMS 0x000000073b100000, 0x000000073b100000| Untracked 
| 946|0x000000073b200000, 0x000000073b200000, 0x000000073b300000|  0%| F|  |TAMS 0x000000073b200000, 0x000000073b200000| Untracked 
| 947|0x000000073b300000, 0x000000073b300000, 0x000000073b400000|  0%| F|  |TAMS 0x000000073b300000, 0x000000073b300000| Untracked 
| 948|0x000000073b400000, 0x000000073b400000, 0x000000073b500000|  0%| F|  |TAMS 0x000000073b400000, 0x000000073b400000| Untracked 
| 949|0x000000073b500000, 0x000000073b500000, 0x000000073b600000|  0%| F|  |TAMS 0x000000073b500000, 0x000000073b500000| Untracked 
| 950|0x000000073b600000, 0x000000073b600000, 0x000000073b700000|  0%| F|  |TAMS 0x000000073b600000, 0x000000073b600000| Untracked 
| 951|0x000000073b700000, 0x000000073b700000, 0x000000073b800000|  0%| F|  |TAMS 0x000000073b700000, 0x000000073b700000| Untracked 
| 952|0x000000073b800000, 0x000000073b800000, 0x000000073b900000|  0%| F|  |TAMS 0x000000073b800000, 0x000000073b800000| Untracked 
| 953|0x000000073b900000, 0x000000073b900000, 0x000000073ba00000|  0%| F|  |TAMS 0x000000073b900000, 0x000000073b900000| Untracked 
| 954|0x000000073ba00000, 0x000000073ba00000, 0x000000073bb00000|  0%| F|  |TAMS 0x000000073ba00000, 0x000000073ba00000| Untracked 
| 955|0x000000073bb00000, 0x000000073bb00000, 0x000000073bc00000|  0%| F|  |TAMS 0x000000073bb00000, 0x000000073bb00000| Untracked 
| 956|0x000000073bc00000, 0x000000073bc00000, 0x000000073bd00000|  0%| F|  |TAMS 0x000000073bc00000, 0x000000073bc00000| Untracked 
| 957|0x000000073bd00000, 0x000000073bd00000, 0x000000073be00000|  0%| F|  |TAMS 0x000000073bd00000, 0x000000073bd00000| Untracked 
| 958|0x000000073be00000, 0x000000073be00000, 0x000000073bf00000|  0%| F|  |TAMS 0x000000073be00000, 0x000000073be00000| Untracked 
| 959|0x000000073bf00000, 0x000000073bf00000, 0x000000073c000000|  0%| F|  |TAMS 0x000000073bf00000, 0x000000073bf00000| Untracked 
| 960|0x000000073c000000, 0x000000073c000000, 0x000000073c100000|  0%| F|  |TAMS 0x000000073c000000, 0x000000073c000000| Untracked 
| 961|0x000000073c100000, 0x000000073c100000, 0x000000073c200000|  0%| F|  |TAMS 0x000000073c100000, 0x000000073c100000| Untracked 
| 962|0x000000073c200000, 0x000000073c200000, 0x000000073c300000|  0%| F|  |TAMS 0x000000073c200000, 0x000000073c200000| Untracked 
| 963|0x000000073c300000, 0x000000073c300000, 0x000000073c400000|  0%| F|  |TAMS 0x000000073c300000, 0x000000073c300000| Untracked 
| 964|0x000000073c400000, 0x000000073c400000, 0x000000073c500000|  0%| F|  |TAMS 0x000000073c400000, 0x000000073c400000| Untracked 
| 965|0x000000073c500000, 0x000000073c500000, 0x000000073c600000|  0%| F|  |TAMS 0x000000073c500000, 0x000000073c500000| Untracked 
| 966|0x000000073c600000, 0x000000073c600000, 0x000000073c700000|  0%| F|  |TAMS 0x000000073c600000, 0x000000073c600000| Untracked 
| 967|0x000000073c700000, 0x000000073c700000, 0x000000073c800000|  0%| F|  |TAMS 0x000000073c700000, 0x000000073c700000| Untracked 
| 968|0x000000073c800000, 0x000000073c800000, 0x000000073c900000|  0%| F|  |TAMS 0x000000073c800000, 0x000000073c800000| Untracked 
| 969|0x000000073c900000, 0x000000073c900000, 0x000000073ca00000|  0%| F|  |TAMS 0x000000073c900000, 0x000000073c900000| Untracked 
| 970|0x000000073ca00000, 0x000000073ca00000, 0x000000073cb00000|  0%| F|  |TAMS 0x000000073ca00000, 0x000000073ca00000| Untracked 
| 971|0x000000073cb00000, 0x000000073cb00000, 0x000000073cc00000|  0%| F|  |TAMS 0x000000073cb00000, 0x000000073cb00000| Untracked 
| 972|0x000000073cc00000, 0x000000073cc00000, 0x000000073cd00000|  0%| F|  |TAMS 0x000000073cc00000, 0x000000073cc00000| Untracked 
| 973|0x000000073cd00000, 0x000000073cd00000, 0x000000073ce00000|  0%| F|  |TAMS 0x000000073cd00000, 0x000000073cd00000| Untracked 
| 974|0x000000073ce00000, 0x000000073ce00000, 0x000000073cf00000|  0%| F|  |TAMS 0x000000073ce00000, 0x000000073ce00000| Untracked 
| 975|0x000000073cf00000, 0x000000073cf00000, 0x000000073d000000|  0%| F|  |TAMS 0x000000073cf00000, 0x000000073cf00000| Untracked 
| 976|0x000000073d000000, 0x000000073d000000, 0x000000073d100000|  0%| F|  |TAMS 0x000000073d000000, 0x000000073d000000| Untracked 
| 977|0x000000073d100000, 0x000000073d100000, 0x000000073d200000|  0%| F|  |TAMS 0x000000073d100000, 0x000000073d100000| Untracked 
| 978|0x000000073d200000, 0x000000073d200000, 0x000000073d300000|  0%| F|  |TAMS 0x000000073d200000, 0x000000073d200000| Untracked 
| 979|0x000000073d300000, 0x000000073d300000, 0x000000073d400000|  0%| F|  |TAMS 0x000000073d300000, 0x000000073d300000| Untracked 
| 980|0x000000073d400000, 0x000000073d400000, 0x000000073d500000|  0%| F|  |TAMS 0x000000073d400000, 0x000000073d400000| Untracked 
| 981|0x000000073d500000, 0x000000073d500000, 0x000000073d600000|  0%| F|  |TAMS 0x000000073d500000, 0x000000073d500000| Untracked 
| 982|0x000000073d600000, 0x000000073d600000, 0x000000073d700000|  0%| F|  |TAMS 0x000000073d600000, 0x000000073d600000| Untracked 
| 983|0x000000073d700000, 0x000000073d700000, 0x000000073d800000|  0%| F|  |TAMS 0x000000073d700000, 0x000000073d700000| Untracked 
| 984|0x000000073d800000, 0x000000073d800000, 0x000000073d900000|  0%| F|  |TAMS 0x000000073d800000, 0x000000073d800000| Untracked 
| 985|0x000000073d900000, 0x000000073d900000, 0x000000073da00000|  0%| F|  |TAMS 0x000000073d900000, 0x000000073d900000| Untracked 
| 986|0x000000073da00000, 0x000000073da00000, 0x000000073db00000|  0%| F|  |TAMS 0x000000073da00000, 0x000000073da00000| Untracked 
| 987|0x000000073db00000, 0x000000073db00000, 0x000000073dc00000|  0%| F|  |TAMS 0x000000073db00000, 0x000000073db00000| Untracked 
| 988|0x000000073dc00000, 0x000000073dc00000, 0x000000073dd00000|  0%| F|  |TAMS 0x000000073dc00000, 0x000000073dc00000| Untracked 
| 989|0x000000073dd00000, 0x000000073dd00000, 0x000000073de00000|  0%| F|  |TAMS 0x000000073dd00000, 0x000000073dd00000| Untracked 
| 990|0x000000073de00000, 0x000000073de00000, 0x000000073df00000|  0%| F|  |TAMS 0x000000073de00000, 0x000000073de00000| Untracked 
| 991|0x000000073df00000, 0x000000073df00000, 0x000000073e000000|  0%| F|  |TAMS 0x000000073df00000, 0x000000073df00000| Untracked 
| 992|0x000000073e000000, 0x000000073e000000, 0x000000073e100000|  0%| F|  |TAMS 0x000000073e000000, 0x000000073e000000| Untracked 
| 993|0x000000073e100000, 0x000000073e100000, 0x000000073e200000|  0%| F|  |TAMS 0x000000073e100000, 0x000000073e100000| Untracked 
| 994|0x000000073e200000, 0x000000073e200000, 0x000000073e300000|  0%| F|  |TAMS 0x000000073e200000, 0x000000073e200000| Untracked 
| 995|0x000000073e300000, 0x000000073e300000, 0x000000073e400000|  0%| F|  |TAMS 0x000000073e300000, 0x000000073e300000| Untracked 
| 996|0x000000073e400000, 0x000000073e400000, 0x000000073e500000|  0%| F|  |TAMS 0x000000073e400000, 0x000000073e400000| Untracked 
| 997|0x000000073e500000, 0x000000073e500000, 0x000000073e600000|  0%| F|  |TAMS 0x000000073e500000, 0x000000073e500000| Untracked 
| 998|0x000000073e600000, 0x000000073e600000, 0x000000073e700000|  0%| F|  |TAMS 0x000000073e600000, 0x000000073e600000| Untracked 
| 999|0x000000073e700000, 0x000000073e700000, 0x000000073e800000|  0%| F|  |TAMS 0x000000073e700000, 0x000000073e700000| Untracked 
|1000|0x000000073e800000, 0x000000073e800000, 0x000000073e900000|  0%| F|  |TAMS 0x000000073e800000, 0x000000073e800000| Untracked 
|1001|0x000000073e900000, 0x000000073e900000, 0x000000073ea00000|  0%| F|  |TAMS 0x000000073e900000, 0x000000073e900000| Untracked 
|1002|0x000000073ea00000, 0x000000073ea00000, 0x000000073eb00000|  0%| F|  |TAMS 0x000000073ea00000, 0x000000073ea00000| Untracked 
|1003|0x000000073eb00000, 0x000000073eb00000, 0x000000073ec00000|  0%| F|  |TAMS 0x000000073eb00000, 0x000000073eb00000| Untracked 
|1004|0x000000073ec00000, 0x000000073ec00000, 0x000000073ed00000|  0%| F|  |TAMS 0x000000073ec00000, 0x000000073ec00000| Untracked 
|1005|0x000000073ed00000, 0x000000073ed00000, 0x000000073ee00000|  0%| F|  |TAMS 0x000000073ed00000, 0x000000073ed00000| Untracked 
|1006|0x000000073ee00000, 0x000000073ee00000, 0x000000073ef00000|  0%| F|  |TAMS 0x000000073ee00000, 0x000000073ee00000| Untracked 
|1007|0x000000073ef00000, 0x000000073ef00000, 0x000000073f000000|  0%| F|  |TAMS 0x000000073ef00000, 0x000000073ef00000| Untracked 
|1008|0x000000073f000000, 0x000000073f000000, 0x000000073f100000|  0%| F|  |TAMS 0x000000073f000000, 0x000000073f000000| Untracked 
|1009|0x000000073f100000, 0x000000073f100000, 0x000000073f200000|  0%| F|  |TAMS 0x000000073f100000, 0x000000073f100000| Untracked 
|1010|0x000000073f200000, 0x000000073f200000, 0x000000073f300000|  0%| F|  |TAMS 0x000000073f200000, 0x000000073f200000| Untracked 
|1011|0x000000073f300000, 0x000000073f300000, 0x000000073f400000|  0%| F|  |TAMS 0x000000073f300000, 0x000000073f300000| Untracked 
|1012|0x000000073f400000, 0x000000073f400000, 0x000000073f500000|  0%| F|  |TAMS 0x000000073f400000, 0x000000073f400000| Untracked 
|1013|0x000000073f500000, 0x000000073f500000, 0x000000073f600000|  0%| F|  |TAMS 0x000000073f500000, 0x000000073f500000| Untracked 
|1014|0x000000073f600000, 0x000000073f600000, 0x000000073f700000|  0%| F|  |TAMS 0x000000073f600000, 0x000000073f600000| Untracked 
|1015|0x000000073f700000, 0x000000073f700000, 0x000000073f800000|  0%| F|  |TAMS 0x000000073f700000, 0x000000073f700000| Untracked 
|1016|0x000000073f800000, 0x000000073f800000, 0x000000073f900000|  0%| F|  |TAMS 0x000000073f800000, 0x000000073f800000| Untracked 
|1017|0x000000073f900000, 0x000000073f900000, 0x000000073fa00000|  0%| F|  |TAMS 0x000000073f900000, 0x000000073f900000| Untracked 
|1018|0x000000073fa00000, 0x000000073fa00000, 0x000000073fb00000|  0%| F|  |TAMS 0x000000073fa00000, 0x000000073fa00000| Untracked 
|1019|0x000000073fb00000, 0x000000073fb00000, 0x000000073fc00000|  0%| F|  |TAMS 0x000000073fb00000, 0x000000073fb00000| Untracked 
|1020|0x000000073fc00000, 0x000000073fc00000, 0x000000073fd00000|  0%| F|  |TAMS 0x000000073fc00000, 0x000000073fc00000| Untracked 
|1021|0x000000073fd00000, 0x000000073fd00000, 0x000000073fe00000|  0%| F|  |TAMS 0x000000073fd00000, 0x000000073fd00000| Untracked 
|1022|0x000000073fe00000, 0x000000073fe00000, 0x000000073ff00000|  0%| F|  |TAMS 0x000000073fe00000, 0x000000073fe00000| Untracked 
|1023|0x000000073ff00000, 0x000000073ff00000, 0x0000000740000000|  0%| F|  |TAMS 0x000000073ff00000, 0x000000073ff00000| Untracked 
|1024|0x0000000740000000, 0x0000000740000000, 0x0000000740100000|  0%| F|  |TAMS 0x0000000740000000, 0x0000000740000000| Untracked 
|1025|0x0000000740100000, 0x0000000740100000, 0x0000000740200000|  0%| F|  |TAMS 0x0000000740100000, 0x0000000740100000| Untracked 
|1026|0x0000000740200000, 0x0000000740200000, 0x0000000740300000|  0%| F|  |TAMS 0x0000000740200000, 0x0000000740200000| Untracked 
|1027|0x0000000740300000, 0x0000000740300000, 0x0000000740400000|  0%| F|  |TAMS 0x0000000740300000, 0x0000000740300000| Untracked 
|1028|0x0000000740400000, 0x0000000740400000, 0x0000000740500000|  0%| F|  |TAMS 0x0000000740400000, 0x0000000740400000| Untracked 
|1029|0x0000000740500000, 0x0000000740500000, 0x0000000740600000|  0%| F|  |TAMS 0x0000000740500000, 0x0000000740500000| Untracked 
|1030|0x0000000740600000, 0x0000000740600000, 0x0000000740700000|  0%| F|  |TAMS 0x0000000740600000, 0x0000000740600000| Untracked 
|1031|0x0000000740700000, 0x0000000740700000, 0x0000000740800000|  0%| F|  |TAMS 0x0000000740700000, 0x0000000740700000| Untracked 
|1032|0x0000000740800000, 0x0000000740800000, 0x0000000740900000|  0%| F|  |TAMS 0x0000000740800000, 0x0000000740800000| Untracked 
|1033|0x0000000740900000, 0x0000000740900000, 0x0000000740a00000|  0%| F|  |TAMS 0x0000000740900000, 0x0000000740900000| Untracked 
|1034|0x0000000740a00000, 0x0000000740a00000, 0x0000000740b00000|  0%| F|  |TAMS 0x0000000740a00000, 0x0000000740a00000| Untracked 
|1035|0x0000000740b00000, 0x0000000740b00000, 0x0000000740c00000|  0%| F|  |TAMS 0x0000000740b00000, 0x0000000740b00000| Untracked 
|1036|0x0000000740c00000, 0x0000000740c00000, 0x0000000740d00000|  0%| F|  |TAMS 0x0000000740c00000, 0x0000000740c00000| Untracked 
|1037|0x0000000740d00000, 0x0000000740d00000, 0x0000000740e00000|  0%| F|  |TAMS 0x0000000740d00000, 0x0000000740d00000| Untracked 
|1038|0x0000000740e00000, 0x0000000740e00000, 0x0000000740f00000|  0%| F|  |TAMS 0x0000000740e00000, 0x0000000740e00000| Untracked 
|1039|0x0000000740f00000, 0x0000000740f00000, 0x0000000741000000|  0%| F|  |TAMS 0x0000000740f00000, 0x0000000740f00000| Untracked 
|1040|0x0000000741000000, 0x0000000741000000, 0x0000000741100000|  0%| F|  |TAMS 0x0000000741000000, 0x0000000741000000| Untracked 
|1041|0x0000000741100000, 0x0000000741100000, 0x0000000741200000|  0%| F|  |TAMS 0x0000000741100000, 0x0000000741100000| Untracked 
|1042|0x0000000741200000, 0x0000000741200000, 0x0000000741300000|  0%| F|  |TAMS 0x0000000741200000, 0x0000000741200000| Untracked 
|1043|0x0000000741300000, 0x0000000741300000, 0x0000000741400000|  0%| F|  |TAMS 0x0000000741300000, 0x0000000741300000| Untracked 
|1044|0x0000000741400000, 0x0000000741400000, 0x0000000741500000|  0%| F|  |TAMS 0x0000000741400000, 0x0000000741400000| Untracked 
|1045|0x0000000741500000, 0x0000000741500000, 0x0000000741600000|  0%| F|  |TAMS 0x0000000741500000, 0x0000000741500000| Untracked 
|1046|0x0000000741600000, 0x0000000741600000, 0x0000000741700000|  0%| F|  |TAMS 0x0000000741600000, 0x0000000741600000| Untracked 
|1047|0x0000000741700000, 0x0000000741700000, 0x0000000741800000|  0%| F|  |TAMS 0x0000000741700000, 0x0000000741700000| Untracked 
|1048|0x0000000741800000, 0x0000000741800000, 0x0000000741900000|  0%| F|  |TAMS 0x0000000741800000, 0x0000000741800000| Untracked 
|1049|0x0000000741900000, 0x0000000741900000, 0x0000000741a00000|  0%| F|  |TAMS 0x0000000741900000, 0x0000000741900000| Untracked 
|1050|0x0000000741a00000, 0x0000000741a00000, 0x0000000741b00000|  0%| F|  |TAMS 0x0000000741a00000, 0x0000000741a00000| Untracked 
|1051|0x0000000741b00000, 0x0000000741b00000, 0x0000000741c00000|  0%| F|  |TAMS 0x0000000741b00000, 0x0000000741b00000| Untracked 
|1052|0x0000000741c00000, 0x0000000741c00000, 0x0000000741d00000|  0%| F|  |TAMS 0x0000000741c00000, 0x0000000741c00000| Untracked 
|1053|0x0000000741d00000, 0x0000000741d00000, 0x0000000741e00000|  0%| F|  |TAMS 0x0000000741d00000, 0x0000000741d00000| Untracked 
|1054|0x0000000741e00000, 0x0000000741e00000, 0x0000000741f00000|  0%| F|  |TAMS 0x0000000741e00000, 0x0000000741e00000| Untracked 
|1055|0x0000000741f00000, 0x0000000741f00000, 0x0000000742000000|  0%| F|  |TAMS 0x0000000741f00000, 0x0000000741f00000| Untracked 
|1056|0x0000000742000000, 0x0000000742000000, 0x0000000742100000|  0%| F|  |TAMS 0x0000000742000000, 0x0000000742000000| Untracked 
|1057|0x0000000742100000, 0x0000000742100000, 0x0000000742200000|  0%| F|  |TAMS 0x0000000742100000, 0x0000000742100000| Untracked 
|1058|0x0000000742200000, 0x0000000742200000, 0x0000000742300000|  0%| F|  |TAMS 0x0000000742200000, 0x0000000742200000| Untracked 
|1059|0x0000000742300000, 0x0000000742300000, 0x0000000742400000|  0%| F|  |TAMS 0x0000000742300000, 0x0000000742300000| Untracked 
|1060|0x0000000742400000, 0x0000000742400000, 0x0000000742500000|  0%| F|  |TAMS 0x0000000742400000, 0x0000000742400000| Untracked 
|1061|0x0000000742500000, 0x0000000742500000, 0x0000000742600000|  0%| F|  |TAMS 0x0000000742500000, 0x0000000742500000| Untracked 
|1062|0x0000000742600000, 0x0000000742600000, 0x0000000742700000|  0%| F|  |TAMS 0x0000000742600000, 0x0000000742600000| Untracked 
|1063|0x0000000742700000, 0x0000000742700000, 0x0000000742800000|  0%| F|  |TAMS 0x0000000742700000, 0x0000000742700000| Untracked 
|1064|0x0000000742800000, 0x0000000742800000, 0x0000000742900000|  0%| F|  |TAMS 0x0000000742800000, 0x0000000742800000| Untracked 
|1065|0x0000000742900000, 0x0000000742900000, 0x0000000742a00000|  0%| F|  |TAMS 0x0000000742900000, 0x0000000742900000| Untracked 
|1066|0x0000000742a00000, 0x0000000742a00000, 0x0000000742b00000|  0%| F|  |TAMS 0x0000000742a00000, 0x0000000742a00000| Untracked 
|1067|0x0000000742b00000, 0x0000000742b00000, 0x0000000742c00000|  0%| F|  |TAMS 0x0000000742b00000, 0x0000000742b00000| Untracked 
|1068|0x0000000742c00000, 0x0000000742c00000, 0x0000000742d00000|  0%| F|  |TAMS 0x0000000742c00000, 0x0000000742c00000| Untracked 
|1069|0x0000000742d00000, 0x0000000742d00000, 0x0000000742e00000|  0%| F|  |TAMS 0x0000000742d00000, 0x0000000742d00000| Untracked 
|1070|0x0000000742e00000, 0x0000000742e00000, 0x0000000742f00000|  0%| F|  |TAMS 0x0000000742e00000, 0x0000000742e00000| Untracked 
|1071|0x0000000742f00000, 0x0000000742f00000, 0x0000000743000000|  0%| F|  |TAMS 0x0000000742f00000, 0x0000000742f00000| Untracked 
|1072|0x0000000743000000, 0x0000000743000000, 0x0000000743100000|  0%| F|  |TAMS 0x0000000743000000, 0x0000000743000000| Untracked 
|1073|0x0000000743100000, 0x0000000743100000, 0x0000000743200000|  0%| F|  |TAMS 0x0000000743100000, 0x0000000743100000| Untracked 
|1074|0x0000000743200000, 0x0000000743200000, 0x0000000743300000|  0%| F|  |TAMS 0x0000000743200000, 0x0000000743200000| Untracked 
|1075|0x0000000743300000, 0x0000000743300000, 0x0000000743400000|  0%| F|  |TAMS 0x0000000743300000, 0x0000000743300000| Untracked 
|1076|0x0000000743400000, 0x0000000743400000, 0x0000000743500000|  0%| F|  |TAMS 0x0000000743400000, 0x0000000743400000| Untracked 
|1077|0x0000000743500000, 0x0000000743500000, 0x0000000743600000|  0%| F|  |TAMS 0x0000000743500000, 0x0000000743500000| Untracked 
|1078|0x0000000743600000, 0x0000000743600000, 0x0000000743700000|  0%| F|  |TAMS 0x0000000743600000, 0x0000000743600000| Untracked 
|1079|0x0000000743700000, 0x0000000743700000, 0x0000000743800000|  0%| F|  |TAMS 0x0000000743700000, 0x0000000743700000| Untracked 
|1080|0x0000000743800000, 0x0000000743800000, 0x0000000743900000|  0%| F|  |TAMS 0x0000000743800000, 0x0000000743800000| Untracked 
|1081|0x0000000743900000, 0x0000000743900000, 0x0000000743a00000|  0%| F|  |TAMS 0x0000000743900000, 0x0000000743900000| Untracked 
|1082|0x0000000743a00000, 0x0000000743a00000, 0x0000000743b00000|  0%| F|  |TAMS 0x0000000743a00000, 0x0000000743a00000| Untracked 
|1083|0x0000000743b00000, 0x0000000743b00000, 0x0000000743c00000|  0%| F|  |TAMS 0x0000000743b00000, 0x0000000743b00000| Untracked 
|1084|0x0000000743c00000, 0x0000000743c00000, 0x0000000743d00000|  0%| F|  |TAMS 0x0000000743c00000, 0x0000000743c00000| Untracked 
|1085|0x0000000743d00000, 0x0000000743d00000, 0x0000000743e00000|  0%| F|  |TAMS 0x0000000743d00000, 0x0000000743d00000| Untracked 
|1086|0x0000000743e00000, 0x0000000743e00000, 0x0000000743f00000|  0%| F|  |TAMS 0x0000000743e00000, 0x0000000743e00000| Untracked 
|1087|0x0000000743f00000, 0x0000000743f00000, 0x0000000744000000|  0%| F|  |TAMS 0x0000000743f00000, 0x0000000743f00000| Untracked 
|1088|0x0000000744000000, 0x0000000744000000, 0x0000000744100000|  0%| F|  |TAMS 0x0000000744000000, 0x0000000744000000| Untracked 
|1089|0x0000000744100000, 0x0000000744100000, 0x0000000744200000|  0%| F|  |TAMS 0x0000000744100000, 0x0000000744100000| Untracked 
|1090|0x0000000744200000, 0x0000000744200000, 0x0000000744300000|  0%| F|  |TAMS 0x0000000744200000, 0x0000000744200000| Untracked 
|1091|0x0000000744300000, 0x0000000744300000, 0x0000000744400000|  0%| F|  |TAMS 0x0000000744300000, 0x0000000744300000| Untracked 
|1092|0x0000000744400000, 0x0000000744400000, 0x0000000744500000|  0%| F|  |TAMS 0x0000000744400000, 0x0000000744400000| Untracked 
|1093|0x0000000744500000, 0x0000000744500000, 0x0000000744600000|  0%| F|  |TAMS 0x0000000744500000, 0x0000000744500000| Untracked 
|1094|0x0000000744600000, 0x0000000744600000, 0x0000000744700000|  0%| F|  |TAMS 0x0000000744600000, 0x0000000744600000| Untracked 
|1095|0x0000000744700000, 0x0000000744700000, 0x0000000744800000|  0%| F|  |TAMS 0x0000000744700000, 0x0000000744700000| Untracked 
|1096|0x0000000744800000, 0x0000000744800000, 0x0000000744900000|  0%| F|  |TAMS 0x0000000744800000, 0x0000000744800000| Untracked 
|1097|0x0000000744900000, 0x0000000744900000, 0x0000000744a00000|  0%| F|  |TAMS 0x0000000744900000, 0x0000000744900000| Untracked 
|1098|0x0000000744a00000, 0x0000000744a00000, 0x0000000744b00000|  0%| F|  |TAMS 0x0000000744a00000, 0x0000000744a00000| Untracked 
|1099|0x0000000744b00000, 0x0000000744b00000, 0x0000000744c00000|  0%| F|  |TAMS 0x0000000744b00000, 0x0000000744b00000| Untracked 
|1100|0x0000000744c00000, 0x0000000744c00000, 0x0000000744d00000|  0%| F|  |TAMS 0x0000000744c00000, 0x0000000744c00000| Untracked 
|1101|0x0000000744d00000, 0x0000000744d00000, 0x0000000744e00000|  0%| F|  |TAMS 0x0000000744d00000, 0x0000000744d00000| Untracked 
|1102|0x0000000744e00000, 0x0000000744e00000, 0x0000000744f00000|  0%| F|  |TAMS 0x0000000744e00000, 0x0000000744e00000| Untracked 
|1103|0x0000000744f00000, 0x0000000744f00000, 0x0000000745000000|  0%| F|  |TAMS 0x0000000744f00000, 0x0000000744f00000| Untracked 
|1104|0x0000000745000000, 0x0000000745000000, 0x0000000745100000|  0%| F|  |TAMS 0x0000000745000000, 0x0000000745000000| Untracked 
|1105|0x0000000745100000, 0x0000000745100000, 0x0000000745200000|  0%| F|  |TAMS 0x0000000745100000, 0x0000000745100000| Untracked 
|1106|0x0000000745200000, 0x0000000745200000, 0x0000000745300000|  0%| F|  |TAMS 0x0000000745200000, 0x0000000745200000| Untracked 
|1107|0x0000000745300000, 0x0000000745300000, 0x0000000745400000|  0%| F|  |TAMS 0x0000000745300000, 0x0000000745300000| Untracked 
|1108|0x0000000745400000, 0x0000000745400000, 0x0000000745500000|  0%| F|  |TAMS 0x0000000745400000, 0x0000000745400000| Untracked 
|1109|0x0000000745500000, 0x0000000745500000, 0x0000000745600000|  0%| F|  |TAMS 0x0000000745500000, 0x0000000745500000| Untracked 
|1110|0x0000000745600000, 0x0000000745600000, 0x0000000745700000|  0%| F|  |TAMS 0x0000000745600000, 0x0000000745600000| Untracked 
|1111|0x0000000745700000, 0x0000000745700000, 0x0000000745800000|  0%| F|  |TAMS 0x0000000745700000, 0x0000000745700000| Untracked 
|1112|0x0000000745800000, 0x0000000745800000, 0x0000000745900000|  0%| F|  |TAMS 0x0000000745800000, 0x0000000745800000| Untracked 
|1113|0x0000000745900000, 0x0000000745900000, 0x0000000745a00000|  0%| F|  |TAMS 0x0000000745900000, 0x0000000745900000| Untracked 
|1114|0x0000000745a00000, 0x0000000745a00000, 0x0000000745b00000|  0%| F|  |TAMS 0x0000000745a00000, 0x0000000745a00000| Untracked 
|1115|0x0000000745b00000, 0x0000000745b00000, 0x0000000745c00000|  0%| F|  |TAMS 0x0000000745b00000, 0x0000000745b00000| Untracked 
|1116|0x0000000745c00000, 0x0000000745c00000, 0x0000000745d00000|  0%| F|  |TAMS 0x0000000745c00000, 0x0000000745c00000| Untracked 
|1117|0x0000000745d00000, 0x0000000745d00000, 0x0000000745e00000|  0%| F|  |TAMS 0x0000000745d00000, 0x0000000745d00000| Untracked 
|1118|0x0000000745e00000, 0x0000000745e00000, 0x0000000745f00000|  0%| F|  |TAMS 0x0000000745e00000, 0x0000000745e00000| Untracked 
|1119|0x0000000745f00000, 0x0000000745f00000, 0x0000000746000000|  0%| F|  |TAMS 0x0000000745f00000, 0x0000000745f00000| Untracked 
|1120|0x0000000746000000, 0x0000000746000000, 0x0000000746100000|  0%| F|  |TAMS 0x0000000746000000, 0x0000000746000000| Untracked 
|1121|0x0000000746100000, 0x0000000746100000, 0x0000000746200000|  0%| F|  |TAMS 0x0000000746100000, 0x0000000746100000| Untracked 
|1122|0x0000000746200000, 0x0000000746200000, 0x0000000746300000|  0%| F|  |TAMS 0x0000000746200000, 0x0000000746200000| Untracked 
|1123|0x0000000746300000, 0x0000000746300000, 0x0000000746400000|  0%| F|  |TAMS 0x0000000746300000, 0x0000000746300000| Untracked 
|1124|0x0000000746400000, 0x0000000746400000, 0x0000000746500000|  0%| F|  |TAMS 0x0000000746400000, 0x0000000746400000| Untracked 
|1125|0x0000000746500000, 0x0000000746500000, 0x0000000746600000|  0%| F|  |TAMS 0x0000000746500000, 0x0000000746500000| Untracked 
|1126|0x0000000746600000, 0x0000000746600000, 0x0000000746700000|  0%| F|  |TAMS 0x0000000746600000, 0x0000000746600000| Untracked 
|1127|0x0000000746700000, 0x0000000746700000, 0x0000000746800000|  0%| F|  |TAMS 0x0000000746700000, 0x0000000746700000| Untracked 
|1128|0x0000000746800000, 0x0000000746800000, 0x0000000746900000|  0%| F|  |TAMS 0x0000000746800000, 0x0000000746800000| Untracked 
|1129|0x0000000746900000, 0x0000000746900000, 0x0000000746a00000|  0%| F|  |TAMS 0x0000000746900000, 0x0000000746900000| Untracked 
|1130|0x0000000746a00000, 0x0000000746a00000, 0x0000000746b00000|  0%| F|  |TAMS 0x0000000746a00000, 0x0000000746a00000| Untracked 
|1131|0x0000000746b00000, 0x0000000746b00000, 0x0000000746c00000|  0%| F|  |TAMS 0x0000000746b00000, 0x0000000746b00000| Untracked 
|1132|0x0000000746c00000, 0x0000000746c00000, 0x0000000746d00000|  0%| F|  |TAMS 0x0000000746c00000, 0x0000000746c00000| Untracked 
|1133|0x0000000746d00000, 0x0000000746d00000, 0x0000000746e00000|  0%| F|  |TAMS 0x0000000746d00000, 0x0000000746d00000| Untracked 
|1134|0x0000000746e00000, 0x0000000746e00000, 0x0000000746f00000|  0%| F|  |TAMS 0x0000000746e00000, 0x0000000746e00000| Untracked 
|1135|0x0000000746f00000, 0x0000000746f00000, 0x0000000747000000|  0%| F|  |TAMS 0x0000000746f00000, 0x0000000746f00000| Untracked 
|1136|0x0000000747000000, 0x0000000747000000, 0x0000000747100000|  0%| F|  |TAMS 0x0000000747000000, 0x0000000747000000| Untracked 
|1137|0x0000000747100000, 0x0000000747100000, 0x0000000747200000|  0%| F|  |TAMS 0x0000000747100000, 0x0000000747100000| Untracked 
|1138|0x0000000747200000, 0x0000000747200000, 0x0000000747300000|  0%| F|  |TAMS 0x0000000747200000, 0x0000000747200000| Untracked 
|1139|0x0000000747300000, 0x0000000747300000, 0x0000000747400000|  0%| F|  |TAMS 0x0000000747300000, 0x0000000747300000| Untracked 
|1140|0x0000000747400000, 0x0000000747400000, 0x0000000747500000|  0%| F|  |TAMS 0x0000000747400000, 0x0000000747400000| Untracked 
|1141|0x0000000747500000, 0x0000000747500000, 0x0000000747600000|  0%| F|  |TAMS 0x0000000747500000, 0x0000000747500000| Untracked 
|1142|0x0000000747600000, 0x0000000747600000, 0x0000000747700000|  0%| F|  |TAMS 0x0000000747600000, 0x0000000747600000| Untracked 
|1143|0x0000000747700000, 0x0000000747700000, 0x0000000747800000|  0%| F|  |TAMS 0x0000000747700000, 0x0000000747700000| Untracked 
|1144|0x0000000747800000, 0x0000000747800000, 0x0000000747900000|  0%| F|  |TAMS 0x0000000747800000, 0x0000000747800000| Untracked 
|1145|0x0000000747900000, 0x0000000747900000, 0x0000000747a00000|  0%| F|  |TAMS 0x0000000747900000, 0x0000000747900000| Untracked 
|1146|0x0000000747a00000, 0x0000000747a00000, 0x0000000747b00000|  0%| F|  |TAMS 0x0000000747a00000, 0x0000000747a00000| Untracked 
|1147|0x0000000747b00000, 0x0000000747b00000, 0x0000000747c00000|  0%| F|  |TAMS 0x0000000747b00000, 0x0000000747b00000| Untracked 
|1148|0x0000000747c00000, 0x0000000747c00000, 0x0000000747d00000|  0%| F|  |TAMS 0x0000000747c00000, 0x0000000747c00000| Untracked 
|1149|0x0000000747d00000, 0x0000000747d00000, 0x0000000747e00000|  0%| F|  |TAMS 0x0000000747d00000, 0x0000000747d00000| Untracked 
|1150|0x0000000747e00000, 0x0000000747e00000, 0x0000000747f00000|  0%| F|  |TAMS 0x0000000747e00000, 0x0000000747e00000| Untracked 
|1151|0x0000000747f00000, 0x0000000747f00000, 0x0000000748000000|  0%| F|  |TAMS 0x0000000747f00000, 0x0000000747f00000| Untracked 
|1152|0x0000000748000000, 0x0000000748000000, 0x0000000748100000|  0%| F|  |TAMS 0x0000000748000000, 0x0000000748000000| Untracked 
|1153|0x0000000748100000, 0x0000000748100000, 0x0000000748200000|  0%| F|  |TAMS 0x0000000748100000, 0x0000000748100000| Untracked 
|1154|0x0000000748200000, 0x0000000748200000, 0x0000000748300000|  0%| F|  |TAMS 0x0000000748200000, 0x0000000748200000| Untracked 
|1155|0x0000000748300000, 0x0000000748300000, 0x0000000748400000|  0%| F|  |TAMS 0x0000000748300000, 0x0000000748300000| Untracked 
|1156|0x0000000748400000, 0x0000000748400000, 0x0000000748500000|  0%| F|  |TAMS 0x0000000748400000, 0x0000000748400000| Untracked 
|1157|0x0000000748500000, 0x0000000748500000, 0x0000000748600000|  0%| F|  |TAMS 0x0000000748500000, 0x0000000748500000| Untracked 
|1158|0x0000000748600000, 0x0000000748600000, 0x0000000748700000|  0%| F|  |TAMS 0x0000000748600000, 0x0000000748600000| Untracked 
|1159|0x0000000748700000, 0x0000000748700000, 0x0000000748800000|  0%| F|  |TAMS 0x0000000748700000, 0x0000000748700000| Untracked 
|1160|0x0000000748800000, 0x0000000748800000, 0x0000000748900000|  0%| F|  |TAMS 0x0000000748800000, 0x0000000748800000| Untracked 
|1161|0x0000000748900000, 0x0000000748900000, 0x0000000748a00000|  0%| F|  |TAMS 0x0000000748900000, 0x0000000748900000| Untracked 
|1162|0x0000000748a00000, 0x0000000748a00000, 0x0000000748b00000|  0%| F|  |TAMS 0x0000000748a00000, 0x0000000748a00000| Untracked 
|1163|0x0000000748b00000, 0x0000000748b00000, 0x0000000748c00000|  0%| F|  |TAMS 0x0000000748b00000, 0x0000000748b00000| Untracked 
|1164|0x0000000748c00000, 0x0000000748c00000, 0x0000000748d00000|  0%| F|  |TAMS 0x0000000748c00000, 0x0000000748c00000| Untracked 
|1165|0x0000000748d00000, 0x0000000748d00000, 0x0000000748e00000|  0%| F|  |TAMS 0x0000000748d00000, 0x0000000748d00000| Untracked 
|1166|0x0000000748e00000, 0x0000000748e00000, 0x0000000748f00000|  0%| F|  |TAMS 0x0000000748e00000, 0x0000000748e00000| Untracked 
|1167|0x0000000748f00000, 0x0000000748f00000, 0x0000000749000000|  0%| F|  |TAMS 0x0000000748f00000, 0x0000000748f00000| Untracked 
|1168|0x0000000749000000, 0x0000000749000000, 0x0000000749100000|  0%| F|  |TAMS 0x0000000749000000, 0x0000000749000000| Untracked 
|1169|0x0000000749100000, 0x0000000749100000, 0x0000000749200000|  0%| F|  |TAMS 0x0000000749100000, 0x0000000749100000| Untracked 
|1170|0x0000000749200000, 0x0000000749200000, 0x0000000749300000|  0%| F|  |TAMS 0x0000000749200000, 0x0000000749200000| Untracked 
|1171|0x0000000749300000, 0x0000000749300000, 0x0000000749400000|  0%| F|  |TAMS 0x0000000749300000, 0x0000000749300000| Untracked 
|1172|0x0000000749400000, 0x0000000749400000, 0x0000000749500000|  0%| F|  |TAMS 0x0000000749400000, 0x0000000749400000| Untracked 
|1173|0x0000000749500000, 0x0000000749500000, 0x0000000749600000|  0%| F|  |TAMS 0x0000000749500000, 0x0000000749500000| Untracked 
|1174|0x0000000749600000, 0x0000000749600000, 0x0000000749700000|  0%| F|  |TAMS 0x0000000749600000, 0x0000000749600000| Untracked 
|1175|0x0000000749700000, 0x0000000749700000, 0x0000000749800000|  0%| F|  |TAMS 0x0000000749700000, 0x0000000749700000| Untracked 
|1176|0x0000000749800000, 0x0000000749800000, 0x0000000749900000|  0%| F|  |TAMS 0x0000000749800000, 0x0000000749800000| Untracked 
|1177|0x0000000749900000, 0x0000000749900000, 0x0000000749a00000|  0%| F|  |TAMS 0x0000000749900000, 0x0000000749900000| Untracked 
|1178|0x0000000749a00000, 0x0000000749a00000, 0x0000000749b00000|  0%| F|  |TAMS 0x0000000749a00000, 0x0000000749a00000| Untracked 
|1179|0x0000000749b00000, 0x0000000749b00000, 0x0000000749c00000|  0%| F|  |TAMS 0x0000000749b00000, 0x0000000749b00000| Untracked 
|1180|0x0000000749c00000, 0x0000000749c00000, 0x0000000749d00000|  0%| F|  |TAMS 0x0000000749c00000, 0x0000000749c00000| Untracked 
|1181|0x0000000749d00000, 0x0000000749d00000, 0x0000000749e00000|  0%| F|  |TAMS 0x0000000749d00000, 0x0000000749d00000| Untracked 
|1182|0x0000000749e00000, 0x0000000749e00000, 0x0000000749f00000|  0%| F|  |TAMS 0x0000000749e00000, 0x0000000749e00000| Untracked 
|1183|0x0000000749f00000, 0x0000000749f00000, 0x000000074a000000|  0%| F|  |TAMS 0x0000000749f00000, 0x0000000749f00000| Untracked 
|1184|0x000000074a000000, 0x000000074a000000, 0x000000074a100000|  0%| F|  |TAMS 0x000000074a000000, 0x000000074a000000| Untracked 
|1185|0x000000074a100000, 0x000000074a100000, 0x000000074a200000|  0%| F|  |TAMS 0x000000074a100000, 0x000000074a100000| Untracked 
|1186|0x000000074a200000, 0x000000074a200000, 0x000000074a300000|  0%| F|  |TAMS 0x000000074a200000, 0x000000074a200000| Untracked 
|1187|0x000000074a300000, 0x000000074a300000, 0x000000074a400000|  0%| F|  |TAMS 0x000000074a300000, 0x000000074a300000| Untracked 
|1188|0x000000074a400000, 0x000000074a400000, 0x000000074a500000|  0%| F|  |TAMS 0x000000074a400000, 0x000000074a400000| Untracked 
|1189|0x000000074a500000, 0x000000074a500000, 0x000000074a600000|  0%| F|  |TAMS 0x000000074a500000, 0x000000074a500000| Untracked 
|1190|0x000000074a600000, 0x000000074a600000, 0x000000074a700000|  0%| F|  |TAMS 0x000000074a600000, 0x000000074a600000| Untracked 
|1191|0x000000074a700000, 0x000000074a700000, 0x000000074a800000|  0%| F|  |TAMS 0x000000074a700000, 0x000000074a700000| Untracked 
|1192|0x000000074a800000, 0x000000074a800000, 0x000000074a900000|  0%| F|  |TAMS 0x000000074a800000, 0x000000074a800000| Untracked 
|1193|0x000000074a900000, 0x000000074a900000, 0x000000074aa00000|  0%| F|  |TAMS 0x000000074a900000, 0x000000074a900000| Untracked 
|1194|0x000000074aa00000, 0x000000074aa00000, 0x000000074ab00000|  0%| F|  |TAMS 0x000000074aa00000, 0x000000074aa00000| Untracked 
|1195|0x000000074ab00000, 0x000000074ab00000, 0x000000074ac00000|  0%| F|  |TAMS 0x000000074ab00000, 0x000000074ab00000| Untracked 
|1196|0x000000074ac00000, 0x000000074ac00000, 0x000000074ad00000|  0%| F|  |TAMS 0x000000074ac00000, 0x000000074ac00000| Untracked 
|1197|0x000000074ad00000, 0x000000074ad00000, 0x000000074ae00000|  0%| F|  |TAMS 0x000000074ad00000, 0x000000074ad00000| Untracked 
|1198|0x000000074ae00000, 0x000000074ae00000, 0x000000074af00000|  0%| F|  |TAMS 0x000000074ae00000, 0x000000074ae00000| Untracked 
|1199|0x000000074af00000, 0x000000074af00000, 0x000000074b000000|  0%| F|  |TAMS 0x000000074af00000, 0x000000074af00000| Untracked 
|1200|0x000000074b000000, 0x000000074b000000, 0x000000074b100000|  0%| F|  |TAMS 0x000000074b000000, 0x000000074b000000| Untracked 
|1201|0x000000074b100000, 0x000000074b100000, 0x000000074b200000|  0%| F|  |TAMS 0x000000074b100000, 0x000000074b100000| Untracked 
|1202|0x000000074b200000, 0x000000074b200000, 0x000000074b300000|  0%| F|  |TAMS 0x000000074b200000, 0x000000074b200000| Untracked 
|1203|0x000000074b300000, 0x000000074b300000, 0x000000074b400000|  0%| F|  |TAMS 0x000000074b300000, 0x000000074b300000| Untracked 
|1204|0x000000074b400000, 0x000000074b400000, 0x000000074b500000|  0%| F|  |TAMS 0x000000074b400000, 0x000000074b400000| Untracked 
|1205|0x000000074b500000, 0x000000074b500000, 0x000000074b600000|  0%| F|  |TAMS 0x000000074b500000, 0x000000074b500000| Untracked 
|1206|0x000000074b600000, 0x000000074b600000, 0x000000074b700000|  0%| F|  |TAMS 0x000000074b600000, 0x000000074b600000| Untracked 
|1207|0x000000074b700000, 0x000000074b700000, 0x000000074b800000|  0%| F|  |TAMS 0x000000074b700000, 0x000000074b700000| Untracked 
|1208|0x000000074b800000, 0x000000074b800000, 0x000000074b900000|  0%| F|  |TAMS 0x000000074b800000, 0x000000074b800000| Untracked 
|1209|0x000000074b900000, 0x000000074b900000, 0x000000074ba00000|  0%| F|  |TAMS 0x000000074b900000, 0x000000074b900000| Untracked 
|1210|0x000000074ba00000, 0x000000074ba00000, 0x000000074bb00000|  0%| F|  |TAMS 0x000000074ba00000, 0x000000074ba00000| Untracked 
|1211|0x000000074bb00000, 0x000000074bb00000, 0x000000074bc00000|  0%| F|  |TAMS 0x000000074bb00000, 0x000000074bb00000| Untracked 
|1212|0x000000074bc00000, 0x000000074bc00000, 0x000000074bd00000|  0%| F|  |TAMS 0x000000074bc00000, 0x000000074bc00000| Untracked 
|1213|0x000000074bd00000, 0x000000074bd00000, 0x000000074be00000|  0%| F|  |TAMS 0x000000074bd00000, 0x000000074bd00000| Untracked 
|1214|0x000000074be00000, 0x000000074be00000, 0x000000074bf00000|  0%| F|  |TAMS 0x000000074be00000, 0x000000074be00000| Untracked 
|1215|0x000000074bf00000, 0x000000074bf00000, 0x000000074c000000|  0%| F|  |TAMS 0x000000074bf00000, 0x000000074bf00000| Untracked 
|1216|0x000000074c000000, 0x000000074c000000, 0x000000074c100000|  0%| F|  |TAMS 0x000000074c000000, 0x000000074c000000| Untracked 
|1217|0x000000074c100000, 0x000000074c100000, 0x000000074c200000|  0%| F|  |TAMS 0x000000074c100000, 0x000000074c100000| Untracked 
|1218|0x000000074c200000, 0x000000074c200000, 0x000000074c300000|  0%| F|  |TAMS 0x000000074c200000, 0x000000074c200000| Untracked 
|1219|0x000000074c300000, 0x000000074c300000, 0x000000074c400000|  0%| F|  |TAMS 0x000000074c300000, 0x000000074c300000| Untracked 
|1220|0x000000074c400000, 0x000000074c400000, 0x000000074c500000|  0%| F|  |TAMS 0x000000074c400000, 0x000000074c400000| Untracked 
|1221|0x000000074c500000, 0x000000074c500000, 0x000000074c600000|  0%| F|  |TAMS 0x000000074c500000, 0x000000074c500000| Untracked 
|1222|0x000000074c600000, 0x000000074c600000, 0x000000074c700000|  0%| F|  |TAMS 0x000000074c600000, 0x000000074c600000| Untracked 
|1223|0x000000074c700000, 0x000000074c700000, 0x000000074c800000|  0%| F|  |TAMS 0x000000074c700000, 0x000000074c700000| Untracked 
|1224|0x000000074c800000, 0x000000074c800000, 0x000000074c900000|  0%| F|  |TAMS 0x000000074c800000, 0x000000074c800000| Untracked 
|1225|0x000000074c900000, 0x000000074c900000, 0x000000074ca00000|  0%| F|  |TAMS 0x000000074c900000, 0x000000074c900000| Untracked 
|1226|0x000000074ca00000, 0x000000074ca00000, 0x000000074cb00000|  0%| F|  |TAMS 0x000000074ca00000, 0x000000074ca00000| Untracked 
|1227|0x000000074cb00000, 0x000000074cb00000, 0x000000074cc00000|  0%| F|  |TAMS 0x000000074cb00000, 0x000000074cb00000| Untracked 
|1228|0x000000074cc00000, 0x000000074cc00000, 0x000000074cd00000|  0%| F|  |TAMS 0x000000074cc00000, 0x000000074cc00000| Untracked 
|1229|0x000000074cd00000, 0x000000074cd00000, 0x000000074ce00000|  0%| F|  |TAMS 0x000000074cd00000, 0x000000074cd00000| Untracked 
|1230|0x000000074ce00000, 0x000000074ce00000, 0x000000074cf00000|  0%| F|  |TAMS 0x000000074ce00000, 0x000000074ce00000| Untracked 
|1231|0x000000074cf00000, 0x000000074cf00000, 0x000000074d000000|  0%| F|  |TAMS 0x000000074cf00000, 0x000000074cf00000| Untracked 
|1232|0x000000074d000000, 0x000000074d000000, 0x000000074d100000|  0%| F|  |TAMS 0x000000074d000000, 0x000000074d000000| Untracked 
|1233|0x000000074d100000, 0x000000074d100000, 0x000000074d200000|  0%| F|  |TAMS 0x000000074d100000, 0x000000074d100000| Untracked 
|1234|0x000000074d200000, 0x000000074d200000, 0x000000074d300000|  0%| F|  |TAMS 0x000000074d200000, 0x000000074d200000| Untracked 
|1235|0x000000074d300000, 0x000000074d300000, 0x000000074d400000|  0%| F|  |TAMS 0x000000074d300000, 0x000000074d300000| Untracked 
|1236|0x000000074d400000, 0x000000074d400000, 0x000000074d500000|  0%| F|  |TAMS 0x000000074d400000, 0x000000074d400000| Untracked 
|1237|0x000000074d500000, 0x000000074d500000, 0x000000074d600000|  0%| F|  |TAMS 0x000000074d500000, 0x000000074d500000| Untracked 
|1238|0x000000074d600000, 0x000000074d600000, 0x000000074d700000|  0%| F|  |TAMS 0x000000074d600000, 0x000000074d600000| Untracked 
|1239|0x000000074d700000, 0x000000074d700000, 0x000000074d800000|  0%| F|  |TAMS 0x000000074d700000, 0x000000074d700000| Untracked 
|1240|0x000000074d800000, 0x000000074d800000, 0x000000074d900000|  0%| F|  |TAMS 0x000000074d800000, 0x000000074d800000| Untracked 
|1241|0x000000074d900000, 0x000000074d900000, 0x000000074da00000|  0%| F|  |TAMS 0x000000074d900000, 0x000000074d900000| Untracked 
|1242|0x000000074da00000, 0x000000074da00000, 0x000000074db00000|  0%| F|  |TAMS 0x000000074da00000, 0x000000074da00000| Untracked 
|1243|0x000000074db00000, 0x000000074db00000, 0x000000074dc00000|  0%| F|  |TAMS 0x000000074db00000, 0x000000074db00000| Untracked 
|1244|0x000000074dc00000, 0x000000074dc00000, 0x000000074dd00000|  0%| F|  |TAMS 0x000000074dc00000, 0x000000074dc00000| Untracked 
|1245|0x000000074dd00000, 0x000000074dd00000, 0x000000074de00000|  0%| F|  |TAMS 0x000000074dd00000, 0x000000074dd00000| Untracked 
|1246|0x000000074de00000, 0x000000074de00000, 0x000000074df00000|  0%| F|  |TAMS 0x000000074de00000, 0x000000074de00000| Untracked 
|1247|0x000000074df00000, 0x000000074df00000, 0x000000074e000000|  0%| F|  |TAMS 0x000000074df00000, 0x000000074df00000| Untracked 
|1248|0x000000074e000000, 0x000000074e000000, 0x000000074e100000|  0%| F|  |TAMS 0x000000074e000000, 0x000000074e000000| Untracked 
|1249|0x000000074e100000, 0x000000074e100000, 0x000000074e200000|  0%| F|  |TAMS 0x000000074e100000, 0x000000074e100000| Untracked 
|1250|0x000000074e200000, 0x000000074e200000, 0x000000074e300000|  0%| F|  |TAMS 0x000000074e200000, 0x000000074e200000| Untracked 
|1251|0x000000074e300000, 0x000000074e300000, 0x000000074e400000|  0%| F|  |TAMS 0x000000074e300000, 0x000000074e300000| Untracked 
|1252|0x000000074e400000, 0x000000074e400000, 0x000000074e500000|  0%| F|  |TAMS 0x000000074e400000, 0x000000074e400000| Untracked 
|1253|0x000000074e500000, 0x000000074e500000, 0x000000074e600000|  0%| F|  |TAMS 0x000000074e500000, 0x000000074e500000| Untracked 
|1254|0x000000074e600000, 0x000000074e600000, 0x000000074e700000|  0%| F|  |TAMS 0x000000074e600000, 0x000000074e600000| Untracked 
|1255|0x000000074e700000, 0x000000074e700000, 0x000000074e800000|  0%| F|  |TAMS 0x000000074e700000, 0x000000074e700000| Untracked 
|1256|0x000000074e800000, 0x000000074e800000, 0x000000074e900000|  0%| F|  |TAMS 0x000000074e800000, 0x000000074e800000| Untracked 
|1257|0x000000074e900000, 0x000000074e900000, 0x000000074ea00000|  0%| F|  |TAMS 0x000000074e900000, 0x000000074e900000| Untracked 
|1258|0x000000074ea00000, 0x000000074ea00000, 0x000000074eb00000|  0%| F|  |TAMS 0x000000074ea00000, 0x000000074ea00000| Untracked 
|1259|0x000000074eb00000, 0x000000074eb00000, 0x000000074ec00000|  0%| F|  |TAMS 0x000000074eb00000, 0x000000074eb00000| Untracked 
|1260|0x000000074ec00000, 0x000000074ec00000, 0x000000074ed00000|  0%| F|  |TAMS 0x000000074ec00000, 0x000000074ec00000| Untracked 
|1261|0x000000074ed00000, 0x000000074ed00000, 0x000000074ee00000|  0%| F|  |TAMS 0x000000074ed00000, 0x000000074ed00000| Untracked 
|1262|0x000000074ee00000, 0x000000074ee00000, 0x000000074ef00000|  0%| F|  |TAMS 0x000000074ee00000, 0x000000074ee00000| Untracked 
|1263|0x000000074ef00000, 0x000000074ef00000, 0x000000074f000000|  0%| F|  |TAMS 0x000000074ef00000, 0x000000074ef00000| Untracked 
|1264|0x000000074f000000, 0x000000074f000000, 0x000000074f100000|  0%| F|  |TAMS 0x000000074f000000, 0x000000074f000000| Untracked 
|1265|0x000000074f100000, 0x000000074f100000, 0x000000074f200000|  0%| F|  |TAMS 0x000000074f100000, 0x000000074f100000| Untracked 
|1266|0x000000074f200000, 0x000000074f200000, 0x000000074f300000|  0%| F|  |TAMS 0x000000074f200000, 0x000000074f200000| Untracked 
|1267|0x000000074f300000, 0x000000074f300000, 0x000000074f400000|  0%| F|  |TAMS 0x000000074f300000, 0x000000074f300000| Untracked 
|1268|0x000000074f400000, 0x000000074f400000, 0x000000074f500000|  0%| F|  |TAMS 0x000000074f400000, 0x000000074f400000| Untracked 
|1269|0x000000074f500000, 0x000000074f500000, 0x000000074f600000|  0%| F|  |TAMS 0x000000074f500000, 0x000000074f500000| Untracked 
|1270|0x000000074f600000, 0x000000074f600000, 0x000000074f700000|  0%| F|  |TAMS 0x000000074f600000, 0x000000074f600000| Untracked 
|1271|0x000000074f700000, 0x000000074f700000, 0x000000074f800000|  0%| F|  |TAMS 0x000000074f700000, 0x000000074f700000| Untracked 
|1272|0x000000074f800000, 0x000000074f800000, 0x000000074f900000|  0%| F|  |TAMS 0x000000074f800000, 0x000000074f800000| Untracked 
|1273|0x000000074f900000, 0x000000074f900000, 0x000000074fa00000|  0%| F|  |TAMS 0x000000074f900000, 0x000000074f900000| Untracked 
|1274|0x000000074fa00000, 0x000000074fa00000, 0x000000074fb00000|  0%| F|  |TAMS 0x000000074fa00000, 0x000000074fa00000| Untracked 
|1275|0x000000074fb00000, 0x000000074fb00000, 0x000000074fc00000|  0%| F|  |TAMS 0x000000074fb00000, 0x000000074fb00000| Untracked 
|1276|0x000000074fc00000, 0x000000074fc00000, 0x000000074fd00000|  0%| F|  |TAMS 0x000000074fc00000, 0x000000074fc00000| Untracked 
|1277|0x000000074fd00000, 0x000000074fd00000, 0x000000074fe00000|  0%| F|  |TAMS 0x000000074fd00000, 0x000000074fd00000| Untracked 
|1278|0x000000074fe00000, 0x000000074fe00000, 0x000000074ff00000|  0%| F|  |TAMS 0x000000074fe00000, 0x000000074fe00000| Untracked 
|1279|0x000000074ff00000, 0x000000074ff00000, 0x0000000750000000|  0%| F|  |TAMS 0x000000074ff00000, 0x000000074ff00000| Untracked 
|1280|0x0000000750000000, 0x0000000750000000, 0x0000000750100000|  0%| F|  |TAMS 0x0000000750000000, 0x0000000750000000| Untracked 
|1281|0x0000000750100000, 0x0000000750100000, 0x0000000750200000|  0%| F|  |TAMS 0x0000000750100000, 0x0000000750100000| Untracked 
|1282|0x0000000750200000, 0x0000000750200000, 0x0000000750300000|  0%| F|  |TAMS 0x0000000750200000, 0x0000000750200000| Untracked 
|1283|0x0000000750300000, 0x0000000750300000, 0x0000000750400000|  0%| F|  |TAMS 0x0000000750300000, 0x0000000750300000| Untracked 
|1284|0x0000000750400000, 0x0000000750400000, 0x0000000750500000|  0%| F|  |TAMS 0x0000000750400000, 0x0000000750400000| Untracked 
|1285|0x0000000750500000, 0x0000000750500000, 0x0000000750600000|  0%| F|  |TAMS 0x0000000750500000, 0x0000000750500000| Untracked 
|1286|0x0000000750600000, 0x0000000750600000, 0x0000000750700000|  0%| F|  |TAMS 0x0000000750600000, 0x0000000750600000| Untracked 
|1287|0x0000000750700000, 0x0000000750700000, 0x0000000750800000|  0%| F|  |TAMS 0x0000000750700000, 0x0000000750700000| Untracked 
|1288|0x0000000750800000, 0x0000000750800000, 0x0000000750900000|  0%| F|  |TAMS 0x0000000750800000, 0x0000000750800000| Untracked 
|1289|0x0000000750900000, 0x0000000750900000, 0x0000000750a00000|  0%| F|  |TAMS 0x0000000750900000, 0x0000000750900000| Untracked 
|1290|0x0000000750a00000, 0x0000000750a00000, 0x0000000750b00000|  0%| F|  |TAMS 0x0000000750a00000, 0x0000000750a00000| Untracked 
|1291|0x0000000750b00000, 0x0000000750b00000, 0x0000000750c00000|  0%| F|  |TAMS 0x0000000750b00000, 0x0000000750b00000| Untracked 
|1292|0x0000000750c00000, 0x0000000750c00000, 0x0000000750d00000|  0%| F|  |TAMS 0x0000000750c00000, 0x0000000750c00000| Untracked 
|1293|0x0000000750d00000, 0x0000000750d00000, 0x0000000750e00000|  0%| F|  |TAMS 0x0000000750d00000, 0x0000000750d00000| Untracked 
|1294|0x0000000750e00000, 0x0000000750e00000, 0x0000000750f00000|  0%| F|  |TAMS 0x0000000750e00000, 0x0000000750e00000| Untracked 
|1295|0x0000000750f00000, 0x0000000750f00000, 0x0000000751000000|  0%| F|  |TAMS 0x0000000750f00000, 0x0000000750f00000| Untracked 
|1296|0x0000000751000000, 0x0000000751000000, 0x0000000751100000|  0%| F|  |TAMS 0x0000000751000000, 0x0000000751000000| Untracked 
|1297|0x0000000751100000, 0x0000000751100000, 0x0000000751200000|  0%| F|  |TAMS 0x0000000751100000, 0x0000000751100000| Untracked 
|1298|0x0000000751200000, 0x0000000751200000, 0x0000000751300000|  0%| F|  |TAMS 0x0000000751200000, 0x0000000751200000| Untracked 
|1299|0x0000000751300000, 0x0000000751300000, 0x0000000751400000|  0%| F|  |TAMS 0x0000000751300000, 0x0000000751300000| Untracked 
|1300|0x0000000751400000, 0x0000000751400000, 0x0000000751500000|  0%| F|  |TAMS 0x0000000751400000, 0x0000000751400000| Untracked 
|1301|0x0000000751500000, 0x0000000751500000, 0x0000000751600000|  0%| F|  |TAMS 0x0000000751500000, 0x0000000751500000| Untracked 
|1302|0x0000000751600000, 0x0000000751600000, 0x0000000751700000|  0%| F|  |TAMS 0x0000000751600000, 0x0000000751600000| Untracked 
|1303|0x0000000751700000, 0x0000000751700000, 0x0000000751800000|  0%| F|  |TAMS 0x0000000751700000, 0x0000000751700000| Untracked 
|1304|0x0000000751800000, 0x0000000751800000, 0x0000000751900000|  0%| F|  |TAMS 0x0000000751800000, 0x0000000751800000| Untracked 
|1305|0x0000000751900000, 0x0000000751900000, 0x0000000751a00000|  0%| F|  |TAMS 0x0000000751900000, 0x0000000751900000| Untracked 
|1306|0x0000000751a00000, 0x0000000751a00000, 0x0000000751b00000|  0%| F|  |TAMS 0x0000000751a00000, 0x0000000751a00000| Untracked 
|1307|0x0000000751b00000, 0x0000000751b00000, 0x0000000751c00000|  0%| F|  |TAMS 0x0000000751b00000, 0x0000000751b00000| Untracked 
|1308|0x0000000751c00000, 0x0000000751c00000, 0x0000000751d00000|  0%| F|  |TAMS 0x0000000751c00000, 0x0000000751c00000| Untracked 
|1309|0x0000000751d00000, 0x0000000751d00000, 0x0000000751e00000|  0%| F|  |TAMS 0x0000000751d00000, 0x0000000751d00000| Untracked 
|1310|0x0000000751e00000, 0x0000000751e00000, 0x0000000751f00000|  0%| F|  |TAMS 0x0000000751e00000, 0x0000000751e00000| Untracked 
|1311|0x0000000751f00000, 0x0000000751f00000, 0x0000000752000000|  0%| F|  |TAMS 0x0000000751f00000, 0x0000000751f00000| Untracked 
|1312|0x0000000752000000, 0x0000000752000000, 0x0000000752100000|  0%| F|  |TAMS 0x0000000752000000, 0x0000000752000000| Untracked 
|1313|0x0000000752100000, 0x0000000752100000, 0x0000000752200000|  0%| F|  |TAMS 0x0000000752100000, 0x0000000752100000| Untracked 
|1314|0x0000000752200000, 0x0000000752200000, 0x0000000752300000|  0%| F|  |TAMS 0x0000000752200000, 0x0000000752200000| Untracked 
|1315|0x0000000752300000, 0x0000000752300000, 0x0000000752400000|  0%| F|  |TAMS 0x0000000752300000, 0x0000000752300000| Untracked 
|1316|0x0000000752400000, 0x0000000752400000, 0x0000000752500000|  0%| F|  |TAMS 0x0000000752400000, 0x0000000752400000| Untracked 
|1317|0x0000000752500000, 0x0000000752500000, 0x0000000752600000|  0%| F|  |TAMS 0x0000000752500000, 0x0000000752500000| Untracked 
|1318|0x0000000752600000, 0x0000000752600000, 0x0000000752700000|  0%| F|  |TAMS 0x0000000752600000, 0x0000000752600000| Untracked 
|1319|0x0000000752700000, 0x0000000752700000, 0x0000000752800000|  0%| F|  |TAMS 0x0000000752700000, 0x0000000752700000| Untracked 
|1320|0x0000000752800000, 0x0000000752800000, 0x0000000752900000|  0%| F|  |TAMS 0x0000000752800000, 0x0000000752800000| Untracked 
|1321|0x0000000752900000, 0x0000000752900000, 0x0000000752a00000|  0%| F|  |TAMS 0x0000000752900000, 0x0000000752900000| Untracked 
|1322|0x0000000752a00000, 0x0000000752a00000, 0x0000000752b00000|  0%| F|  |TAMS 0x0000000752a00000, 0x0000000752a00000| Untracked 
|1323|0x0000000752b00000, 0x0000000752b00000, 0x0000000752c00000|  0%| F|  |TAMS 0x0000000752b00000, 0x0000000752b00000| Untracked 
|1324|0x0000000752c00000, 0x0000000752c00000, 0x0000000752d00000|  0%| F|  |TAMS 0x0000000752c00000, 0x0000000752c00000| Untracked 
|1325|0x0000000752d00000, 0x0000000752d00000, 0x0000000752e00000|  0%| F|  |TAMS 0x0000000752d00000, 0x0000000752d00000| Untracked 
|1326|0x0000000752e00000, 0x0000000752e00000, 0x0000000752f00000|  0%| F|  |TAMS 0x0000000752e00000, 0x0000000752e00000| Untracked 
|1327|0x0000000752f00000, 0x0000000752f00000, 0x0000000753000000|  0%| F|  |TAMS 0x0000000752f00000, 0x0000000752f00000| Untracked 
|1328|0x0000000753000000, 0x0000000753000000, 0x0000000753100000|  0%| F|  |TAMS 0x0000000753000000, 0x0000000753000000| Untracked 
|1329|0x0000000753100000, 0x0000000753100000, 0x0000000753200000|  0%| F|  |TAMS 0x0000000753100000, 0x0000000753100000| Untracked 
|1330|0x0000000753200000, 0x0000000753200000, 0x0000000753300000|  0%| F|  |TAMS 0x0000000753200000, 0x0000000753200000| Untracked 
|1331|0x0000000753300000, 0x0000000753300000, 0x0000000753400000|  0%| F|  |TAMS 0x0000000753300000, 0x0000000753300000| Untracked 
|1332|0x0000000753400000, 0x0000000753400000, 0x0000000753500000|  0%| F|  |TAMS 0x0000000753400000, 0x0000000753400000| Untracked 
|1333|0x0000000753500000, 0x0000000753500000, 0x0000000753600000|  0%| F|  |TAMS 0x0000000753500000, 0x0000000753500000| Untracked 
|1334|0x0000000753600000, 0x0000000753600000, 0x0000000753700000|  0%| F|  |TAMS 0x0000000753600000, 0x0000000753600000| Untracked 
|1335|0x0000000753700000, 0x0000000753700000, 0x0000000753800000|  0%| F|  |TAMS 0x0000000753700000, 0x0000000753700000| Untracked 
|1336|0x0000000753800000, 0x0000000753800000, 0x0000000753900000|  0%| F|  |TAMS 0x0000000753800000, 0x0000000753800000| Untracked 
|1337|0x0000000753900000, 0x0000000753900000, 0x0000000753a00000|  0%| F|  |TAMS 0x0000000753900000, 0x0000000753900000| Untracked 
|1338|0x0000000753a00000, 0x0000000753a00000, 0x0000000753b00000|  0%| F|  |TAMS 0x0000000753a00000, 0x0000000753a00000| Untracked 
|1339|0x0000000753b00000, 0x0000000753b00000, 0x0000000753c00000|  0%| F|  |TAMS 0x0000000753b00000, 0x0000000753b00000| Untracked 
|1340|0x0000000753c00000, 0x0000000753c00000, 0x0000000753d00000|  0%| F|  |TAMS 0x0000000753c00000, 0x0000000753c00000| Untracked 
|1341|0x0000000753d00000, 0x0000000753d00000, 0x0000000753e00000|  0%| F|  |TAMS 0x0000000753d00000, 0x0000000753d00000| Untracked 
|1342|0x0000000753e00000, 0x0000000753e00000, 0x0000000753f00000|  0%| F|  |TAMS 0x0000000753e00000, 0x0000000753e00000| Untracked 
|1343|0x0000000753f00000, 0x0000000753f00000, 0x0000000754000000|  0%| F|  |TAMS 0x0000000753f00000, 0x0000000753f00000| Untracked 
|1344|0x0000000754000000, 0x0000000754000000, 0x0000000754100000|  0%| F|  |TAMS 0x0000000754000000, 0x0000000754000000| Untracked 
|1345|0x0000000754100000, 0x0000000754100000, 0x0000000754200000|  0%| F|  |TAMS 0x0000000754100000, 0x0000000754100000| Untracked 
|1346|0x0000000754200000, 0x0000000754200000, 0x0000000754300000|  0%| F|  |TAMS 0x0000000754200000, 0x0000000754200000| Untracked 
|1347|0x0000000754300000, 0x0000000754300000, 0x0000000754400000|  0%| F|  |TAMS 0x0000000754300000, 0x0000000754300000| Untracked 
|1348|0x0000000754400000, 0x0000000754400000, 0x0000000754500000|  0%| F|  |TAMS 0x0000000754400000, 0x0000000754400000| Untracked 
|1349|0x0000000754500000, 0x0000000754500000, 0x0000000754600000|  0%| F|  |TAMS 0x0000000754500000, 0x0000000754500000| Untracked 
|1350|0x0000000754600000, 0x0000000754600000, 0x0000000754700000|  0%| F|  |TAMS 0x0000000754600000, 0x0000000754600000| Untracked 
|1351|0x0000000754700000, 0x0000000754700000, 0x0000000754800000|  0%| F|  |TAMS 0x0000000754700000, 0x0000000754700000| Untracked 
|1352|0x0000000754800000, 0x0000000754800000, 0x0000000754900000|  0%| F|  |TAMS 0x0000000754800000, 0x0000000754800000| Untracked 
|1353|0x0000000754900000, 0x0000000754900000, 0x0000000754a00000|  0%| F|  |TAMS 0x0000000754900000, 0x0000000754900000| Untracked 
|1354|0x0000000754a00000, 0x0000000754a00000, 0x0000000754b00000|  0%| F|  |TAMS 0x0000000754a00000, 0x0000000754a00000| Untracked 
|1355|0x0000000754b00000, 0x0000000754b00000, 0x0000000754c00000|  0%| F|  |TAMS 0x0000000754b00000, 0x0000000754b00000| Untracked 
|1356|0x0000000754c00000, 0x0000000754c00000, 0x0000000754d00000|  0%| F|  |TAMS 0x0000000754c00000, 0x0000000754c00000| Untracked 
|1357|0x0000000754d00000, 0x0000000754d00000, 0x0000000754e00000|  0%| F|  |TAMS 0x0000000754d00000, 0x0000000754d00000| Untracked 
|1358|0x0000000754e00000, 0x0000000754e00000, 0x0000000754f00000|  0%| F|  |TAMS 0x0000000754e00000, 0x0000000754e00000| Untracked 
|1359|0x0000000754f00000, 0x0000000754f00000, 0x0000000755000000|  0%| F|  |TAMS 0x0000000754f00000, 0x0000000754f00000| Untracked 
|1360|0x0000000755000000, 0x0000000755000000, 0x0000000755100000|  0%| F|  |TAMS 0x0000000755000000, 0x0000000755000000| Untracked 
|1361|0x0000000755100000, 0x0000000755100000, 0x0000000755200000|  0%| F|  |TAMS 0x0000000755100000, 0x0000000755100000| Untracked 
|1362|0x0000000755200000, 0x0000000755200000, 0x0000000755300000|  0%| F|  |TAMS 0x0000000755200000, 0x0000000755200000| Untracked 
|1363|0x0000000755300000, 0x0000000755300000, 0x0000000755400000|  0%| F|  |TAMS 0x0000000755300000, 0x0000000755300000| Untracked 
|1364|0x0000000755400000, 0x0000000755400000, 0x0000000755500000|  0%| F|  |TAMS 0x0000000755400000, 0x0000000755400000| Untracked 
|1365|0x0000000755500000, 0x0000000755500000, 0x0000000755600000|  0%| F|  |TAMS 0x0000000755500000, 0x0000000755500000| Untracked 
|1366|0x0000000755600000, 0x0000000755600000, 0x0000000755700000|  0%| F|  |TAMS 0x0000000755600000, 0x0000000755600000| Untracked 
|1367|0x0000000755700000, 0x0000000755700000, 0x0000000755800000|  0%| F|  |TAMS 0x0000000755700000, 0x0000000755700000| Untracked 
|1368|0x0000000755800000, 0x0000000755800000, 0x0000000755900000|  0%| F|  |TAMS 0x0000000755800000, 0x0000000755800000| Untracked 
|1369|0x0000000755900000, 0x0000000755900000, 0x0000000755a00000|  0%| F|  |TAMS 0x0000000755900000, 0x0000000755900000| Untracked 
|1370|0x0000000755a00000, 0x0000000755a00000, 0x0000000755b00000|  0%| F|  |TAMS 0x0000000755a00000, 0x0000000755a00000| Untracked 
|1371|0x0000000755b00000, 0x0000000755b00000, 0x0000000755c00000|  0%| F|  |TAMS 0x0000000755b00000, 0x0000000755b00000| Untracked 
|1372|0x0000000755c00000, 0x0000000755c00000, 0x0000000755d00000|  0%| F|  |TAMS 0x0000000755c00000, 0x0000000755c00000| Untracked 
|1373|0x0000000755d00000, 0x0000000755d00000, 0x0000000755e00000|  0%| F|  |TAMS 0x0000000755d00000, 0x0000000755d00000| Untracked 
|1374|0x0000000755e00000, 0x0000000755e00000, 0x0000000755f00000|  0%| F|  |TAMS 0x0000000755e00000, 0x0000000755e00000| Untracked 
|1375|0x0000000755f00000, 0x0000000755f00000, 0x0000000756000000|  0%| F|  |TAMS 0x0000000755f00000, 0x0000000755f00000| Untracked 
|1376|0x0000000756000000, 0x0000000756000000, 0x0000000756100000|  0%| F|  |TAMS 0x0000000756000000, 0x0000000756000000| Untracked 
|1377|0x0000000756100000, 0x0000000756100000, 0x0000000756200000|  0%| F|  |TAMS 0x0000000756100000, 0x0000000756100000| Untracked 
|1378|0x0000000756200000, 0x0000000756200000, 0x0000000756300000|  0%| F|  |TAMS 0x0000000756200000, 0x0000000756200000| Untracked 
|1379|0x0000000756300000, 0x0000000756300000, 0x0000000756400000|  0%| F|  |TAMS 0x0000000756300000, 0x0000000756300000| Untracked 
|1380|0x0000000756400000, 0x0000000756400000, 0x0000000756500000|  0%| F|  |TAMS 0x0000000756400000, 0x0000000756400000| Untracked 
|1381|0x0000000756500000, 0x0000000756500000, 0x0000000756600000|  0%| F|  |TAMS 0x0000000756500000, 0x0000000756500000| Untracked 
|1382|0x0000000756600000, 0x0000000756600000, 0x0000000756700000|  0%| F|  |TAMS 0x0000000756600000, 0x0000000756600000| Untracked 
|1383|0x0000000756700000, 0x0000000756700000, 0x0000000756800000|  0%| F|  |TAMS 0x0000000756700000, 0x0000000756700000| Untracked 
|1384|0x0000000756800000, 0x0000000756800000, 0x0000000756900000|  0%| F|  |TAMS 0x0000000756800000, 0x0000000756800000| Untracked 
|1385|0x0000000756900000, 0x0000000756900000, 0x0000000756a00000|  0%| F|  |TAMS 0x0000000756900000, 0x0000000756900000| Untracked 
|1386|0x0000000756a00000, 0x0000000756a00000, 0x0000000756b00000|  0%| F|  |TAMS 0x0000000756a00000, 0x0000000756a00000| Untracked 
|1387|0x0000000756b00000, 0x0000000756b00000, 0x0000000756c00000|  0%| F|  |TAMS 0x0000000756b00000, 0x0000000756b00000| Untracked 
|1388|0x0000000756c00000, 0x0000000756c00000, 0x0000000756d00000|  0%| F|  |TAMS 0x0000000756c00000, 0x0000000756c00000| Untracked 
|1389|0x0000000756d00000, 0x0000000756d00000, 0x0000000756e00000|  0%| F|  |TAMS 0x0000000756d00000, 0x0000000756d00000| Untracked 
|1390|0x0000000756e00000, 0x0000000756e00000, 0x0000000756f00000|  0%| F|  |TAMS 0x0000000756e00000, 0x0000000756e00000| Untracked 
|1391|0x0000000756f00000, 0x0000000756f00000, 0x0000000757000000|  0%| F|  |TAMS 0x0000000756f00000, 0x0000000756f00000| Untracked 
|1392|0x0000000757000000, 0x0000000757000000, 0x0000000757100000|  0%| F|  |TAMS 0x0000000757000000, 0x0000000757000000| Untracked 
|1393|0x0000000757100000, 0x0000000757100000, 0x0000000757200000|  0%| F|  |TAMS 0x0000000757100000, 0x0000000757100000| Untracked 
|1394|0x0000000757200000, 0x0000000757200000, 0x0000000757300000|  0%| F|  |TAMS 0x0000000757200000, 0x0000000757200000| Untracked 
|1395|0x0000000757300000, 0x0000000757300000, 0x0000000757400000|  0%| F|  |TAMS 0x0000000757300000, 0x0000000757300000| Untracked 
|1396|0x0000000757400000, 0x0000000757400000, 0x0000000757500000|  0%| F|  |TAMS 0x0000000757400000, 0x0000000757400000| Untracked 
|1397|0x0000000757500000, 0x0000000757500000, 0x0000000757600000|  0%| F|  |TAMS 0x0000000757500000, 0x0000000757500000| Untracked 
|1398|0x0000000757600000, 0x0000000757600000, 0x0000000757700000|  0%| F|  |TAMS 0x0000000757600000, 0x0000000757600000| Untracked 
|1399|0x0000000757700000, 0x0000000757700000, 0x0000000757800000|  0%| F|  |TAMS 0x0000000757700000, 0x0000000757700000| Untracked 
|1400|0x0000000757800000, 0x0000000757800000, 0x0000000757900000|  0%| F|  |TAMS 0x0000000757800000, 0x0000000757800000| Untracked 
|1401|0x0000000757900000, 0x0000000757900000, 0x0000000757a00000|  0%| F|  |TAMS 0x0000000757900000, 0x0000000757900000| Untracked 
|1402|0x0000000757a00000, 0x0000000757a00000, 0x0000000757b00000|  0%| F|  |TAMS 0x0000000757a00000, 0x0000000757a00000| Untracked 
|1403|0x0000000757b00000, 0x0000000757b00000, 0x0000000757c00000|  0%| F|  |TAMS 0x0000000757b00000, 0x0000000757b00000| Untracked 
|1404|0x0000000757c00000, 0x0000000757c00000, 0x0000000757d00000|  0%| F|  |TAMS 0x0000000757c00000, 0x0000000757c00000| Untracked 
|1405|0x0000000757d00000, 0x0000000757d00000, 0x0000000757e00000|  0%| F|  |TAMS 0x0000000757d00000, 0x0000000757d00000| Untracked 
|1406|0x0000000757e00000, 0x0000000757e00000, 0x0000000757f00000|  0%| F|  |TAMS 0x0000000757e00000, 0x0000000757e00000| Untracked 
|1407|0x0000000757f00000, 0x0000000757f00000, 0x0000000758000000|  0%| F|  |TAMS 0x0000000757f00000, 0x0000000757f00000| Untracked 
|1408|0x0000000758000000, 0x0000000758000000, 0x0000000758100000|  0%| F|  |TAMS 0x0000000758000000, 0x0000000758000000| Untracked 
|1409|0x0000000758100000, 0x0000000758100000, 0x0000000758200000|  0%| F|  |TAMS 0x0000000758100000, 0x0000000758100000| Untracked 
|1410|0x0000000758200000, 0x0000000758200000, 0x0000000758300000|  0%| F|  |TAMS 0x0000000758200000, 0x0000000758200000| Untracked 
|1411|0x0000000758300000, 0x0000000758300000, 0x0000000758400000|  0%| F|  |TAMS 0x0000000758300000, 0x0000000758300000| Untracked 
|1412|0x0000000758400000, 0x0000000758400000, 0x0000000758500000|  0%| F|  |TAMS 0x0000000758400000, 0x0000000758400000| Untracked 
|1413|0x0000000758500000, 0x0000000758500000, 0x0000000758600000|  0%| F|  |TAMS 0x0000000758500000, 0x0000000758500000| Untracked 
|1414|0x0000000758600000, 0x0000000758600000, 0x0000000758700000|  0%| F|  |TAMS 0x0000000758600000, 0x0000000758600000| Untracked 
|1415|0x0000000758700000, 0x0000000758700000, 0x0000000758800000|  0%| F|  |TAMS 0x0000000758700000, 0x0000000758700000| Untracked 
|1416|0x0000000758800000, 0x0000000758800000, 0x0000000758900000|  0%| F|  |TAMS 0x0000000758800000, 0x0000000758800000| Untracked 
|1417|0x0000000758900000, 0x0000000758900000, 0x0000000758a00000|  0%| F|  |TAMS 0x0000000758900000, 0x0000000758900000| Untracked 
|1418|0x0000000758a00000, 0x0000000758a00000, 0x0000000758b00000|  0%| F|  |TAMS 0x0000000758a00000, 0x0000000758a00000| Untracked 
|1419|0x0000000758b00000, 0x0000000758b00000, 0x0000000758c00000|  0%| F|  |TAMS 0x0000000758b00000, 0x0000000758b00000| Untracked 
|1420|0x0000000758c00000, 0x0000000758c00000, 0x0000000758d00000|  0%| F|  |TAMS 0x0000000758c00000, 0x0000000758c00000| Untracked 
|1421|0x0000000758d00000, 0x0000000758d00000, 0x0000000758e00000|  0%| F|  |TAMS 0x0000000758d00000, 0x0000000758d00000| Untracked 
|1422|0x0000000758e00000, 0x0000000758e00000, 0x0000000758f00000|  0%| F|  |TAMS 0x0000000758e00000, 0x0000000758e00000| Untracked 
|1423|0x0000000758f00000, 0x0000000758f00000, 0x0000000759000000|  0%| F|  |TAMS 0x0000000758f00000, 0x0000000758f00000| Untracked 
|1424|0x0000000759000000, 0x0000000759000000, 0x0000000759100000|  0%| F|  |TAMS 0x0000000759000000, 0x0000000759000000| Untracked 
|1425|0x0000000759100000, 0x0000000759100000, 0x0000000759200000|  0%| F|  |TAMS 0x0000000759100000, 0x0000000759100000| Untracked 
|1426|0x0000000759200000, 0x0000000759200000, 0x0000000759300000|  0%| F|  |TAMS 0x0000000759200000, 0x0000000759200000| Untracked 
|1427|0x0000000759300000, 0x0000000759300000, 0x0000000759400000|  0%| F|  |TAMS 0x0000000759300000, 0x0000000759300000| Untracked 
|1428|0x0000000759400000, 0x0000000759400000, 0x0000000759500000|  0%| F|  |TAMS 0x0000000759400000, 0x0000000759400000| Untracked 
|1429|0x0000000759500000, 0x0000000759500000, 0x0000000759600000|  0%| F|  |TAMS 0x0000000759500000, 0x0000000759500000| Untracked 
|1430|0x0000000759600000, 0x0000000759600000, 0x0000000759700000|  0%| F|  |TAMS 0x0000000759600000, 0x0000000759600000| Untracked 
|1431|0x0000000759700000, 0x0000000759700000, 0x0000000759800000|  0%| F|  |TAMS 0x0000000759700000, 0x0000000759700000| Untracked 
|1432|0x0000000759800000, 0x0000000759800000, 0x0000000759900000|  0%| F|  |TAMS 0x0000000759800000, 0x0000000759800000| Untracked 
|1433|0x0000000759900000, 0x0000000759900000, 0x0000000759a00000|  0%| F|  |TAMS 0x0000000759900000, 0x0000000759900000| Untracked 
|1434|0x0000000759a00000, 0x0000000759a00000, 0x0000000759b00000|  0%| F|  |TAMS 0x0000000759a00000, 0x0000000759a00000| Untracked 
|1435|0x0000000759b00000, 0x0000000759b00000, 0x0000000759c00000|  0%| F|  |TAMS 0x0000000759b00000, 0x0000000759b00000| Untracked 
|1436|0x0000000759c00000, 0x0000000759c00000, 0x0000000759d00000|  0%| F|  |TAMS 0x0000000759c00000, 0x0000000759c00000| Untracked 
|1437|0x0000000759d00000, 0x0000000759d00000, 0x0000000759e00000|  0%| F|  |TAMS 0x0000000759d00000, 0x0000000759d00000| Untracked 
|1438|0x0000000759e00000, 0x0000000759e00000, 0x0000000759f00000|  0%| F|  |TAMS 0x0000000759e00000, 0x0000000759e00000| Untracked 
|1439|0x0000000759f00000, 0x0000000759f00000, 0x000000075a000000|  0%| F|  |TAMS 0x0000000759f00000, 0x0000000759f00000| Untracked 
|1440|0x000000075a000000, 0x000000075a000000, 0x000000075a100000|  0%| F|  |TAMS 0x000000075a000000, 0x000000075a000000| Untracked 
|1441|0x000000075a100000, 0x000000075a100000, 0x000000075a200000|  0%| F|  |TAMS 0x000000075a100000, 0x000000075a100000| Untracked 
|1442|0x000000075a200000, 0x000000075a200000, 0x000000075a300000|  0%| F|  |TAMS 0x000000075a200000, 0x000000075a200000| Untracked 
|1443|0x000000075a300000, 0x000000075a300000, 0x000000075a400000|  0%| F|  |TAMS 0x000000075a300000, 0x000000075a300000| Untracked 
|1444|0x000000075a400000, 0x000000075a400000, 0x000000075a500000|  0%| F|  |TAMS 0x000000075a400000, 0x000000075a400000| Untracked 
|1445|0x000000075a500000, 0x000000075a500000, 0x000000075a600000|  0%| F|  |TAMS 0x000000075a500000, 0x000000075a500000| Untracked 
|1446|0x000000075a600000, 0x000000075a600000, 0x000000075a700000|  0%| F|  |TAMS 0x000000075a600000, 0x000000075a600000| Untracked 
|1447|0x000000075a700000, 0x000000075a700000, 0x000000075a800000|  0%| F|  |TAMS 0x000000075a700000, 0x000000075a700000| Untracked 
|1448|0x000000075a800000, 0x000000075a800000, 0x000000075a900000|  0%| F|  |TAMS 0x000000075a800000, 0x000000075a800000| Untracked 
|1449|0x000000075a900000, 0x000000075a900000, 0x000000075aa00000|  0%| F|  |TAMS 0x000000075a900000, 0x000000075a900000| Untracked 
|1450|0x000000075aa00000, 0x000000075aa00000, 0x000000075ab00000|  0%| F|  |TAMS 0x000000075aa00000, 0x000000075aa00000| Untracked 
|1451|0x000000075ab00000, 0x000000075ab00000, 0x000000075ac00000|  0%| F|  |TAMS 0x000000075ab00000, 0x000000075ab00000| Untracked 
|1452|0x000000075ac00000, 0x000000075ac00000, 0x000000075ad00000|  0%| F|  |TAMS 0x000000075ac00000, 0x000000075ac00000| Untracked 
|1453|0x000000075ad00000, 0x000000075ad00000, 0x000000075ae00000|  0%| F|  |TAMS 0x000000075ad00000, 0x000000075ad00000| Untracked 
|1454|0x000000075ae00000, 0x000000075ae00000, 0x000000075af00000|  0%| F|  |TAMS 0x000000075ae00000, 0x000000075ae00000| Untracked 
|1455|0x000000075af00000, 0x000000075af00000, 0x000000075b000000|  0%| F|  |TAMS 0x000000075af00000, 0x000000075af00000| Untracked 
|1456|0x000000075b000000, 0x000000075b000000, 0x000000075b100000|  0%| F|  |TAMS 0x000000075b000000, 0x000000075b000000| Untracked 
|1457|0x000000075b100000, 0x000000075b100000, 0x000000075b200000|  0%| F|  |TAMS 0x000000075b100000, 0x000000075b100000| Untracked 
|1458|0x000000075b200000, 0x000000075b200000, 0x000000075b300000|  0%| F|  |TAMS 0x000000075b200000, 0x000000075b200000| Untracked 
|1459|0x000000075b300000, 0x000000075b300000, 0x000000075b400000|  0%| F|  |TAMS 0x000000075b300000, 0x000000075b300000| Untracked 
|1460|0x000000075b400000, 0x000000075b400000, 0x000000075b500000|  0%| F|  |TAMS 0x000000075b400000, 0x000000075b400000| Untracked 
|1461|0x000000075b500000, 0x000000075b500000, 0x000000075b600000|  0%| F|  |TAMS 0x000000075b500000, 0x000000075b500000| Untracked 
|1462|0x000000075b600000, 0x000000075b600000, 0x000000075b700000|  0%| F|  |TAMS 0x000000075b600000, 0x000000075b600000| Untracked 
|1463|0x000000075b700000, 0x000000075b700000, 0x000000075b800000|  0%| F|  |TAMS 0x000000075b700000, 0x000000075b700000| Untracked 
|1464|0x000000075b800000, 0x000000075b800000, 0x000000075b900000|  0%| F|  |TAMS 0x000000075b800000, 0x000000075b800000| Untracked 
|1465|0x000000075b900000, 0x000000075b900000, 0x000000075ba00000|  0%| F|  |TAMS 0x000000075b900000, 0x000000075b900000| Untracked 
|1466|0x000000075ba00000, 0x000000075ba00000, 0x000000075bb00000|  0%| F|  |TAMS 0x000000075ba00000, 0x000000075ba00000| Untracked 
|1467|0x000000075bb00000, 0x000000075bb00000, 0x000000075bc00000|  0%| F|  |TAMS 0x000000075bb00000, 0x000000075bb00000| Untracked 
|1468|0x000000075bc00000, 0x000000075bc00000, 0x000000075bd00000|  0%| F|  |TAMS 0x000000075bc00000, 0x000000075bc00000| Untracked 
|1469|0x000000075bd00000, 0x000000075bd00000, 0x000000075be00000|  0%| F|  |TAMS 0x000000075bd00000, 0x000000075bd00000| Untracked 
|1470|0x000000075be00000, 0x000000075be00000, 0x000000075bf00000|  0%| F|  |TAMS 0x000000075be00000, 0x000000075be00000| Untracked 
|1471|0x000000075bf00000, 0x000000075bf00000, 0x000000075c000000|  0%| F|  |TAMS 0x000000075bf00000, 0x000000075bf00000| Untracked 
|1472|0x000000075c000000, 0x000000075c000000, 0x000000075c100000|  0%| F|  |TAMS 0x000000075c000000, 0x000000075c000000| Untracked 
|1473|0x000000075c100000, 0x000000075c100000, 0x000000075c200000|  0%| F|  |TAMS 0x000000075c100000, 0x000000075c100000| Untracked 
|1474|0x000000075c200000, 0x000000075c200000, 0x000000075c300000|  0%| F|  |TAMS 0x000000075c200000, 0x000000075c200000| Untracked 
|1475|0x000000075c300000, 0x000000075c300000, 0x000000075c400000|  0%| F|  |TAMS 0x000000075c300000, 0x000000075c300000| Untracked 
|1476|0x000000075c400000, 0x000000075c400000, 0x000000075c500000|  0%| F|  |TAMS 0x000000075c400000, 0x000000075c400000| Untracked 
|1477|0x000000075c500000, 0x000000075c500000, 0x000000075c600000|  0%| F|  |TAMS 0x000000075c500000, 0x000000075c500000| Untracked 
|1478|0x000000075c600000, 0x000000075c600000, 0x000000075c700000|  0%| F|  |TAMS 0x000000075c600000, 0x000000075c600000| Untracked 
|1479|0x000000075c700000, 0x000000075c700000, 0x000000075c800000|  0%| F|  |TAMS 0x000000075c700000, 0x000000075c700000| Untracked 
|1480|0x000000075c800000, 0x000000075c800000, 0x000000075c900000|  0%| F|  |TAMS 0x000000075c800000, 0x000000075c800000| Untracked 
|1481|0x000000075c900000, 0x000000075c900000, 0x000000075ca00000|  0%| F|  |TAMS 0x000000075c900000, 0x000000075c900000| Untracked 
|1482|0x000000075ca00000, 0x000000075ca00000, 0x000000075cb00000|  0%| F|  |TAMS 0x000000075ca00000, 0x000000075ca00000| Untracked 
|1483|0x000000075cb00000, 0x000000075cb00000, 0x000000075cc00000|  0%| F|  |TAMS 0x000000075cb00000, 0x000000075cb00000| Untracked 
|1484|0x000000075cc00000, 0x000000075cc00000, 0x000000075cd00000|  0%| F|  |TAMS 0x000000075cc00000, 0x000000075cc00000| Untracked 
|1485|0x000000075cd00000, 0x000000075cd00000, 0x000000075ce00000|  0%| F|  |TAMS 0x000000075cd00000, 0x000000075cd00000| Untracked 
|1486|0x000000075ce00000, 0x000000075ce00000, 0x000000075cf00000|  0%| F|  |TAMS 0x000000075ce00000, 0x000000075ce00000| Untracked 
|1487|0x000000075cf00000, 0x000000075cf00000, 0x000000075d000000|  0%| F|  |TAMS 0x000000075cf00000, 0x000000075cf00000| Untracked 
|1488|0x000000075d000000, 0x000000075d000000, 0x000000075d100000|  0%| F|  |TAMS 0x000000075d000000, 0x000000075d000000| Untracked 
|1489|0x000000075d100000, 0x000000075d100000, 0x000000075d200000|  0%| F|  |TAMS 0x000000075d100000, 0x000000075d100000| Untracked 
|1490|0x000000075d200000, 0x000000075d200000, 0x000000075d300000|  0%| F|  |TAMS 0x000000075d200000, 0x000000075d200000| Untracked 
|1491|0x000000075d300000, 0x000000075d300000, 0x000000075d400000|  0%| F|  |TAMS 0x000000075d300000, 0x000000075d300000| Untracked 
|1492|0x000000075d400000, 0x000000075d400000, 0x000000075d500000|  0%| F|  |TAMS 0x000000075d400000, 0x000000075d400000| Untracked 
|1493|0x000000075d500000, 0x000000075d500000, 0x000000075d600000|  0%| F|  |TAMS 0x000000075d500000, 0x000000075d500000| Untracked 
|1494|0x000000075d600000, 0x000000075d600000, 0x000000075d700000|  0%| F|  |TAMS 0x000000075d600000, 0x000000075d600000| Untracked 
|1495|0x000000075d700000, 0x000000075d700000, 0x000000075d800000|  0%| F|  |TAMS 0x000000075d700000, 0x000000075d700000| Untracked 
|1496|0x000000075d800000, 0x000000075d800000, 0x000000075d900000|  0%| F|  |TAMS 0x000000075d800000, 0x000000075d800000| Untracked 
|1497|0x000000075d900000, 0x000000075d900000, 0x000000075da00000|  0%| F|  |TAMS 0x000000075d900000, 0x000000075d900000| Untracked 
|1498|0x000000075da00000, 0x000000075da00000, 0x000000075db00000|  0%| F|  |TAMS 0x000000075da00000, 0x000000075da00000| Untracked 
|1499|0x000000075db00000, 0x000000075db00000, 0x000000075dc00000|  0%| F|  |TAMS 0x000000075db00000, 0x000000075db00000| Untracked 
|1500|0x000000075dc00000, 0x000000075dc00000, 0x000000075dd00000|  0%| F|  |TAMS 0x000000075dc00000, 0x000000075dc00000| Untracked 
|1501|0x000000075dd00000, 0x000000075dd00000, 0x000000075de00000|  0%| F|  |TAMS 0x000000075dd00000, 0x000000075dd00000| Untracked 
|1502|0x000000075de00000, 0x000000075de00000, 0x000000075df00000|  0%| F|  |TAMS 0x000000075de00000, 0x000000075de00000| Untracked 
|1503|0x000000075df00000, 0x000000075df00000, 0x000000075e000000|  0%| F|  |TAMS 0x000000075df00000, 0x000000075df00000| Untracked 
|1504|0x000000075e000000, 0x000000075e000000, 0x000000075e100000|  0%| F|  |TAMS 0x000000075e000000, 0x000000075e000000| Untracked 
|1505|0x000000075e100000, 0x000000075e100000, 0x000000075e200000|  0%| F|  |TAMS 0x000000075e100000, 0x000000075e100000| Untracked 
|1506|0x000000075e200000, 0x000000075e200000, 0x000000075e300000|  0%| F|  |TAMS 0x000000075e200000, 0x000000075e200000| Untracked 
|1507|0x000000075e300000, 0x000000075e300000, 0x000000075e400000|  0%| F|  |TAMS 0x000000075e300000, 0x000000075e300000| Untracked 
|1508|0x000000075e400000, 0x000000075e400000, 0x000000075e500000|  0%| F|  |TAMS 0x000000075e400000, 0x000000075e400000| Untracked 
|1509|0x000000075e500000, 0x000000075e500000, 0x000000075e600000|  0%| F|  |TAMS 0x000000075e500000, 0x000000075e500000| Untracked 
|1510|0x000000075e600000, 0x000000075e600000, 0x000000075e700000|  0%| F|  |TAMS 0x000000075e600000, 0x000000075e600000| Untracked 
|1511|0x000000075e700000, 0x000000075e700000, 0x000000075e800000|  0%| F|  |TAMS 0x000000075e700000, 0x000000075e700000| Untracked 
|1512|0x000000075e800000, 0x000000075e800000, 0x000000075e900000|  0%| F|  |TAMS 0x000000075e800000, 0x000000075e800000| Untracked 
|1513|0x000000075e900000, 0x000000075e900000, 0x000000075ea00000|  0%| F|  |TAMS 0x000000075e900000, 0x000000075e900000| Untracked 
|1514|0x000000075ea00000, 0x000000075ea00000, 0x000000075eb00000|  0%| F|  |TAMS 0x000000075ea00000, 0x000000075ea00000| Untracked 
|1515|0x000000075eb00000, 0x000000075eb00000, 0x000000075ec00000|  0%| F|  |TAMS 0x000000075eb00000, 0x000000075eb00000| Untracked 
|1516|0x000000075ec00000, 0x000000075ec00000, 0x000000075ed00000|  0%| F|  |TAMS 0x000000075ec00000, 0x000000075ec00000| Untracked 
|1517|0x000000075ed00000, 0x000000075ed00000, 0x000000075ee00000|  0%| F|  |TAMS 0x000000075ed00000, 0x000000075ed00000| Untracked 
|1518|0x000000075ee00000, 0x000000075ee00000, 0x000000075ef00000|  0%| F|  |TAMS 0x000000075ee00000, 0x000000075ee00000| Untracked 
|1519|0x000000075ef00000, 0x000000075ef00000, 0x000000075f000000|  0%| F|  |TAMS 0x000000075ef00000, 0x000000075ef00000| Untracked 
|1520|0x000000075f000000, 0x000000075f000000, 0x000000075f100000|  0%| F|  |TAMS 0x000000075f000000, 0x000000075f000000| Untracked 
|1521|0x000000075f100000, 0x000000075f100000, 0x000000075f200000|  0%| F|  |TAMS 0x000000075f100000, 0x000000075f100000| Untracked 
|1522|0x000000075f200000, 0x000000075f200000, 0x000000075f300000|  0%| F|  |TAMS 0x000000075f200000, 0x000000075f200000| Untracked 
|1523|0x000000075f300000, 0x000000075f300000, 0x000000075f400000|  0%| F|  |TAMS 0x000000075f300000, 0x000000075f300000| Untracked 
|1524|0x000000075f400000, 0x000000075f400000, 0x000000075f500000|  0%| F|  |TAMS 0x000000075f400000, 0x000000075f400000| Untracked 
|1525|0x000000075f500000, 0x000000075f500000, 0x000000075f600000|  0%| F|  |TAMS 0x000000075f500000, 0x000000075f500000| Untracked 
|1526|0x000000075f600000, 0x000000075f600000, 0x000000075f700000|  0%| F|  |TAMS 0x000000075f600000, 0x000000075f600000| Untracked 
|1527|0x000000075f700000, 0x000000075f700000, 0x000000075f800000|  0%| F|  |TAMS 0x000000075f700000, 0x000000075f700000| Untracked 
|1528|0x000000075f800000, 0x000000075f800000, 0x000000075f900000|  0%| F|  |TAMS 0x000000075f800000, 0x000000075f800000| Untracked 
|1529|0x000000075f900000, 0x000000075f900000, 0x000000075fa00000|  0%| F|  |TAMS 0x000000075f900000, 0x000000075f900000| Untracked 
|1530|0x000000075fa00000, 0x000000075fa00000, 0x000000075fb00000|  0%| F|  |TAMS 0x000000075fa00000, 0x000000075fa00000| Untracked 
|1531|0x000000075fb00000, 0x000000075fb00000, 0x000000075fc00000|  0%| F|  |TAMS 0x000000075fb00000, 0x000000075fb00000| Untracked 
|1532|0x000000075fc00000, 0x000000075fc00000, 0x000000075fd00000|  0%| F|  |TAMS 0x000000075fc00000, 0x000000075fc00000| Untracked 
|1533|0x000000075fd00000, 0x000000075fd00000, 0x000000075fe00000|  0%| F|  |TAMS 0x000000075fd00000, 0x000000075fd00000| Untracked 
|1534|0x000000075fe00000, 0x000000075fe00000, 0x000000075ff00000|  0%| F|  |TAMS 0x000000075fe00000, 0x000000075fe00000| Untracked 
|1535|0x000000075ff00000, 0x000000075ff00000, 0x0000000760000000|  0%| F|  |TAMS 0x000000075ff00000, 0x000000075ff00000| Untracked 
|1536|0x0000000760000000, 0x0000000760000000, 0x0000000760100000|  0%| F|  |TAMS 0x0000000760000000, 0x0000000760000000| Untracked 
|1537|0x0000000760100000, 0x0000000760100000, 0x0000000760200000|  0%| F|  |TAMS 0x0000000760100000, 0x0000000760100000| Untracked 
|1538|0x0000000760200000, 0x0000000760200000, 0x0000000760300000|  0%| F|  |TAMS 0x0000000760200000, 0x0000000760200000| Untracked 
|1539|0x0000000760300000, 0x0000000760300000, 0x0000000760400000|  0%| F|  |TAMS 0x0000000760300000, 0x0000000760300000| Untracked 
|1540|0x0000000760400000, 0x0000000760400000, 0x0000000760500000|  0%| F|  |TAMS 0x0000000760400000, 0x0000000760400000| Untracked 
|1541|0x0000000760500000, 0x0000000760500000, 0x0000000760600000|  0%| F|  |TAMS 0x0000000760500000, 0x0000000760500000| Untracked 
|1542|0x0000000760600000, 0x0000000760600000, 0x0000000760700000|  0%| F|  |TAMS 0x0000000760600000, 0x0000000760600000| Untracked 
|1543|0x0000000760700000, 0x0000000760700000, 0x0000000760800000|  0%| F|  |TAMS 0x0000000760700000, 0x0000000760700000| Untracked 
|1544|0x0000000760800000, 0x0000000760800000, 0x0000000760900000|  0%| F|  |TAMS 0x0000000760800000, 0x0000000760800000| Untracked 
|1545|0x0000000760900000, 0x0000000760900000, 0x0000000760a00000|  0%| F|  |TAMS 0x0000000760900000, 0x0000000760900000| Untracked 
|1546|0x0000000760a00000, 0x0000000760a00000, 0x0000000760b00000|  0%| F|  |TAMS 0x0000000760a00000, 0x0000000760a00000| Untracked 
|1547|0x0000000760b00000, 0x0000000760b00000, 0x0000000760c00000|  0%| F|  |TAMS 0x0000000760b00000, 0x0000000760b00000| Untracked 
|1548|0x0000000760c00000, 0x0000000760c00000, 0x0000000760d00000|  0%| F|  |TAMS 0x0000000760c00000, 0x0000000760c00000| Untracked 
|1549|0x0000000760d00000, 0x0000000760d00000, 0x0000000760e00000|  0%| F|  |TAMS 0x0000000760d00000, 0x0000000760d00000| Untracked 
|1550|0x0000000760e00000, 0x0000000760e00000, 0x0000000760f00000|  0%| F|  |TAMS 0x0000000760e00000, 0x0000000760e00000| Untracked 
|1551|0x0000000760f00000, 0x0000000760f00000, 0x0000000761000000|  0%| F|  |TAMS 0x0000000760f00000, 0x0000000760f00000| Untracked 
|1552|0x0000000761000000, 0x0000000761000000, 0x0000000761100000|  0%| F|  |TAMS 0x0000000761000000, 0x0000000761000000| Untracked 
|1553|0x0000000761100000, 0x0000000761100000, 0x0000000761200000|  0%| F|  |TAMS 0x0000000761100000, 0x0000000761100000| Untracked 
|1554|0x0000000761200000, 0x0000000761200000, 0x0000000761300000|  0%| F|  |TAMS 0x0000000761200000, 0x0000000761200000| Untracked 
|1555|0x0000000761300000, 0x0000000761300000, 0x0000000761400000|  0%| F|  |TAMS 0x0000000761300000, 0x0000000761300000| Untracked 
|1556|0x0000000761400000, 0x0000000761400000, 0x0000000761500000|  0%| F|  |TAMS 0x0000000761400000, 0x0000000761400000| Untracked 
|1557|0x0000000761500000, 0x0000000761500000, 0x0000000761600000|  0%| F|  |TAMS 0x0000000761500000, 0x0000000761500000| Untracked 
|1558|0x0000000761600000, 0x0000000761600000, 0x0000000761700000|  0%| F|  |TAMS 0x0000000761600000, 0x0000000761600000| Untracked 
|1559|0x0000000761700000, 0x0000000761700000, 0x0000000761800000|  0%| F|  |TAMS 0x0000000761700000, 0x0000000761700000| Untracked 
|1560|0x0000000761800000, 0x0000000761800000, 0x0000000761900000|  0%| F|  |TAMS 0x0000000761800000, 0x0000000761800000| Untracked 
|1561|0x0000000761900000, 0x0000000761900000, 0x0000000761a00000|  0%| F|  |TAMS 0x0000000761900000, 0x0000000761900000| Untracked 
|1562|0x0000000761a00000, 0x0000000761a00000, 0x0000000761b00000|  0%| F|  |TAMS 0x0000000761a00000, 0x0000000761a00000| Untracked 
|1563|0x0000000761b00000, 0x0000000761b00000, 0x0000000761c00000|  0%| F|  |TAMS 0x0000000761b00000, 0x0000000761b00000| Untracked 
|1564|0x0000000761c00000, 0x0000000761c00000, 0x0000000761d00000|  0%| F|  |TAMS 0x0000000761c00000, 0x0000000761c00000| Untracked 
|1565|0x0000000761d00000, 0x0000000761d00000, 0x0000000761e00000|  0%| F|  |TAMS 0x0000000761d00000, 0x0000000761d00000| Untracked 
|1566|0x0000000761e00000, 0x0000000761e00000, 0x0000000761f00000|  0%| F|  |TAMS 0x0000000761e00000, 0x0000000761e00000| Untracked 
|1567|0x0000000761f00000, 0x0000000761f00000, 0x0000000762000000|  0%| F|  |TAMS 0x0000000761f00000, 0x0000000761f00000| Untracked 
|1568|0x0000000762000000, 0x0000000762000000, 0x0000000762100000|  0%| F|  |TAMS 0x0000000762000000, 0x0000000762000000| Untracked 
|1569|0x0000000762100000, 0x0000000762100000, 0x0000000762200000|  0%| F|  |TAMS 0x0000000762100000, 0x0000000762100000| Untracked 
|1570|0x0000000762200000, 0x0000000762200000, 0x0000000762300000|  0%| F|  |TAMS 0x0000000762200000, 0x0000000762200000| Untracked 
|1571|0x0000000762300000, 0x0000000762300000, 0x0000000762400000|  0%| F|  |TAMS 0x0000000762300000, 0x0000000762300000| Untracked 
|1572|0x0000000762400000, 0x0000000762400000, 0x0000000762500000|  0%| F|  |TAMS 0x0000000762400000, 0x0000000762400000| Untracked 
|1573|0x0000000762500000, 0x0000000762500000, 0x0000000762600000|  0%| F|  |TAMS 0x0000000762500000, 0x0000000762500000| Untracked 
|1574|0x0000000762600000, 0x0000000762600000, 0x0000000762700000|  0%| F|  |TAMS 0x0000000762600000, 0x0000000762600000| Untracked 
|1575|0x0000000762700000, 0x0000000762700000, 0x0000000762800000|  0%| F|  |TAMS 0x0000000762700000, 0x0000000762700000| Untracked 
|1576|0x0000000762800000, 0x0000000762800000, 0x0000000762900000|  0%| F|  |TAMS 0x0000000762800000, 0x0000000762800000| Untracked 
|1577|0x0000000762900000, 0x0000000762900000, 0x0000000762a00000|  0%| F|  |TAMS 0x0000000762900000, 0x0000000762900000| Untracked 
|1578|0x0000000762a00000, 0x0000000762a00000, 0x0000000762b00000|  0%| F|  |TAMS 0x0000000762a00000, 0x0000000762a00000| Untracked 
|1579|0x0000000762b00000, 0x0000000762b00000, 0x0000000762c00000|  0%| F|  |TAMS 0x0000000762b00000, 0x0000000762b00000| Untracked 
|1580|0x0000000762c00000, 0x0000000762c00000, 0x0000000762d00000|  0%| F|  |TAMS 0x0000000762c00000, 0x0000000762c00000| Untracked 
|1581|0x0000000762d00000, 0x0000000762d00000, 0x0000000762e00000|  0%| F|  |TAMS 0x0000000762d00000, 0x0000000762d00000| Untracked 
|1582|0x0000000762e00000, 0x0000000762e00000, 0x0000000762f00000|  0%| F|  |TAMS 0x0000000762e00000, 0x0000000762e00000| Untracked 
|1583|0x0000000762f00000, 0x0000000762f00000, 0x0000000763000000|  0%| F|  |TAMS 0x0000000762f00000, 0x0000000762f00000| Untracked 
|1584|0x0000000763000000, 0x0000000763000000, 0x0000000763100000|  0%| F|  |TAMS 0x0000000763000000, 0x0000000763000000| Untracked 
|1585|0x0000000763100000, 0x0000000763100000, 0x0000000763200000|  0%| F|  |TAMS 0x0000000763100000, 0x0000000763100000| Untracked 
|1586|0x0000000763200000, 0x0000000763200000, 0x0000000763300000|  0%| F|  |TAMS 0x0000000763200000, 0x0000000763200000| Untracked 
|1587|0x0000000763300000, 0x0000000763300000, 0x0000000763400000|  0%| F|  |TAMS 0x0000000763300000, 0x0000000763300000| Untracked 
|1588|0x0000000763400000, 0x0000000763400000, 0x0000000763500000|  0%| F|  |TAMS 0x0000000763400000, 0x0000000763400000| Untracked 
|1589|0x0000000763500000, 0x0000000763500000, 0x0000000763600000|  0%| F|  |TAMS 0x0000000763500000, 0x0000000763500000| Untracked 
|1590|0x0000000763600000, 0x0000000763600000, 0x0000000763700000|  0%| F|  |TAMS 0x0000000763600000, 0x0000000763600000| Untracked 
|1591|0x0000000763700000, 0x0000000763700000, 0x0000000763800000|  0%| F|  |TAMS 0x0000000763700000, 0x0000000763700000| Untracked 
|1592|0x0000000763800000, 0x0000000763800000, 0x0000000763900000|  0%| F|  |TAMS 0x0000000763800000, 0x0000000763800000| Untracked 
|1593|0x0000000763900000, 0x0000000763900000, 0x0000000763a00000|  0%| F|  |TAMS 0x0000000763900000, 0x0000000763900000| Untracked 
|1594|0x0000000763a00000, 0x0000000763a00000, 0x0000000763b00000|  0%| F|  |TAMS 0x0000000763a00000, 0x0000000763a00000| Untracked 
|1595|0x0000000763b00000, 0x0000000763b00000, 0x0000000763c00000|  0%| F|  |TAMS 0x0000000763b00000, 0x0000000763b00000| Untracked 
|1596|0x0000000763c00000, 0x0000000763c00000, 0x0000000763d00000|  0%| F|  |TAMS 0x0000000763c00000, 0x0000000763c00000| Untracked 
|1597|0x0000000763d00000, 0x0000000763d00000, 0x0000000763e00000|  0%| F|  |TAMS 0x0000000763d00000, 0x0000000763d00000| Untracked 
|1598|0x0000000763e00000, 0x0000000763e00000, 0x0000000763f00000|  0%| F|  |TAMS 0x0000000763e00000, 0x0000000763e00000| Untracked 
|1599|0x0000000763f00000, 0x0000000763f00000, 0x0000000764000000|  0%| F|  |TAMS 0x0000000763f00000, 0x0000000763f00000| Untracked 
|1600|0x0000000764000000, 0x0000000764000000, 0x0000000764100000|  0%| F|  |TAMS 0x0000000764000000, 0x0000000764000000| Untracked 
|1601|0x0000000764100000, 0x0000000764100000, 0x0000000764200000|  0%| F|  |TAMS 0x0000000764100000, 0x0000000764100000| Untracked 
|1602|0x0000000764200000, 0x0000000764200000, 0x0000000764300000|  0%| F|  |TAMS 0x0000000764200000, 0x0000000764200000| Untracked 
|1603|0x0000000764300000, 0x0000000764300000, 0x0000000764400000|  0%| F|  |TAMS 0x0000000764300000, 0x0000000764300000| Untracked 
|1604|0x0000000764400000, 0x0000000764400000, 0x0000000764500000|  0%| F|  |TAMS 0x0000000764400000, 0x0000000764400000| Untracked 
|1605|0x0000000764500000, 0x0000000764500000, 0x0000000764600000|  0%| F|  |TAMS 0x0000000764500000, 0x0000000764500000| Untracked 
|1606|0x0000000764600000, 0x0000000764600000, 0x0000000764700000|  0%| F|  |TAMS 0x0000000764600000, 0x0000000764600000| Untracked 
|1607|0x0000000764700000, 0x0000000764700000, 0x0000000764800000|  0%| F|  |TAMS 0x0000000764700000, 0x0000000764700000| Untracked 
|1608|0x0000000764800000, 0x0000000764800000, 0x0000000764900000|  0%| F|  |TAMS 0x0000000764800000, 0x0000000764800000| Untracked 
|1609|0x0000000764900000, 0x0000000764900000, 0x0000000764a00000|  0%| F|  |TAMS 0x0000000764900000, 0x0000000764900000| Untracked 
|1610|0x0000000764a00000, 0x0000000764a00000, 0x0000000764b00000|  0%| F|  |TAMS 0x0000000764a00000, 0x0000000764a00000| Untracked 
|1611|0x0000000764b00000, 0x0000000764b00000, 0x0000000764c00000|  0%| F|  |TAMS 0x0000000764b00000, 0x0000000764b00000| Untracked 
|1612|0x0000000764c00000, 0x0000000764c00000, 0x0000000764d00000|  0%| F|  |TAMS 0x0000000764c00000, 0x0000000764c00000| Untracked 
|1613|0x0000000764d00000, 0x0000000764d00000, 0x0000000764e00000|  0%| F|  |TAMS 0x0000000764d00000, 0x0000000764d00000| Untracked 
|1614|0x0000000764e00000, 0x0000000764e00000, 0x0000000764f00000|  0%| F|  |TAMS 0x0000000764e00000, 0x0000000764e00000| Untracked 
|1615|0x0000000764f00000, 0x0000000764f00000, 0x0000000765000000|  0%| F|  |TAMS 0x0000000764f00000, 0x0000000764f00000| Untracked 
|1616|0x0000000765000000, 0x0000000765000000, 0x0000000765100000|  0%| F|  |TAMS 0x0000000765000000, 0x0000000765000000| Untracked 
|1617|0x0000000765100000, 0x0000000765100000, 0x0000000765200000|  0%| F|  |TAMS 0x0000000765100000, 0x0000000765100000| Untracked 
|1618|0x0000000765200000, 0x0000000765200000, 0x0000000765300000|  0%| F|  |TAMS 0x0000000765200000, 0x0000000765200000| Untracked 
|1619|0x0000000765300000, 0x0000000765300000, 0x0000000765400000|  0%| F|  |TAMS 0x0000000765300000, 0x0000000765300000| Untracked 
|1620|0x0000000765400000, 0x0000000765400000, 0x0000000765500000|  0%| F|  |TAMS 0x0000000765400000, 0x0000000765400000| Untracked 
|1621|0x0000000765500000, 0x0000000765500000, 0x0000000765600000|  0%| F|  |TAMS 0x0000000765500000, 0x0000000765500000| Untracked 
|1622|0x0000000765600000, 0x0000000765600000, 0x0000000765700000|  0%| F|  |TAMS 0x0000000765600000, 0x0000000765600000| Untracked 
|1623|0x0000000765700000, 0x0000000765700000, 0x0000000765800000|  0%| F|  |TAMS 0x0000000765700000, 0x0000000765700000| Untracked 
|1624|0x0000000765800000, 0x0000000765800000, 0x0000000765900000|  0%| F|  |TAMS 0x0000000765800000, 0x0000000765800000| Untracked 
|1625|0x0000000765900000, 0x0000000765900000, 0x0000000765a00000|  0%| F|  |TAMS 0x0000000765900000, 0x0000000765900000| Untracked 
|1626|0x0000000765a00000, 0x0000000765a00000, 0x0000000765b00000|  0%| F|  |TAMS 0x0000000765a00000, 0x0000000765a00000| Untracked 
|1627|0x0000000765b00000, 0x0000000765b00000, 0x0000000765c00000|  0%| F|  |TAMS 0x0000000765b00000, 0x0000000765b00000| Untracked 
|1628|0x0000000765c00000, 0x0000000765c00000, 0x0000000765d00000|  0%| F|  |TAMS 0x0000000765c00000, 0x0000000765c00000| Untracked 
|1629|0x0000000765d00000, 0x0000000765d00000, 0x0000000765e00000|  0%| F|  |TAMS 0x0000000765d00000, 0x0000000765d00000| Untracked 
|1630|0x0000000765e00000, 0x0000000765e00000, 0x0000000765f00000|  0%| F|  |TAMS 0x0000000765e00000, 0x0000000765e00000| Untracked 
|1631|0x0000000765f00000, 0x0000000765f00000, 0x0000000766000000|  0%| F|  |TAMS 0x0000000765f00000, 0x0000000765f00000| Untracked 
|1632|0x0000000766000000, 0x0000000766000000, 0x0000000766100000|  0%| F|  |TAMS 0x0000000766000000, 0x0000000766000000| Untracked 
|1633|0x0000000766100000, 0x0000000766100000, 0x0000000766200000|  0%| F|  |TAMS 0x0000000766100000, 0x0000000766100000| Untracked 
|1634|0x0000000766200000, 0x0000000766200000, 0x0000000766300000|  0%| F|  |TAMS 0x0000000766200000, 0x0000000766200000| Untracked 
|1635|0x0000000766300000, 0x0000000766300000, 0x0000000766400000|  0%| F|  |TAMS 0x0000000766300000, 0x0000000766300000| Untracked 
|1636|0x0000000766400000, 0x0000000766400000, 0x0000000766500000|  0%| F|  |TAMS 0x0000000766400000, 0x0000000766400000| Untracked 
|1637|0x0000000766500000, 0x0000000766500000, 0x0000000766600000|  0%| F|  |TAMS 0x0000000766500000, 0x0000000766500000| Untracked 
|1638|0x0000000766600000, 0x0000000766600000, 0x0000000766700000|  0%| F|  |TAMS 0x0000000766600000, 0x0000000766600000| Untracked 
|1639|0x0000000766700000, 0x0000000766700000, 0x0000000766800000|  0%| F|  |TAMS 0x0000000766700000, 0x0000000766700000| Untracked 
|1640|0x0000000766800000, 0x0000000766800000, 0x0000000766900000|  0%| F|  |TAMS 0x0000000766800000, 0x0000000766800000| Untracked 
|1641|0x0000000766900000, 0x0000000766900000, 0x0000000766a00000|  0%| F|  |TAMS 0x0000000766900000, 0x0000000766900000| Untracked 
|1642|0x0000000766a00000, 0x0000000766a00000, 0x0000000766b00000|  0%| F|  |TAMS 0x0000000766a00000, 0x0000000766a00000| Untracked 
|1643|0x0000000766b00000, 0x0000000766b00000, 0x0000000766c00000|  0%| F|  |TAMS 0x0000000766b00000, 0x0000000766b00000| Untracked 
|1644|0x0000000766c00000, 0x0000000766c00000, 0x0000000766d00000|  0%| F|  |TAMS 0x0000000766c00000, 0x0000000766c00000| Untracked 
|1645|0x0000000766d00000, 0x0000000766d00000, 0x0000000766e00000|  0%| F|  |TAMS 0x0000000766d00000, 0x0000000766d00000| Untracked 
|1646|0x0000000766e00000, 0x0000000766e00000, 0x0000000766f00000|  0%| F|  |TAMS 0x0000000766e00000, 0x0000000766e00000| Untracked 
|1647|0x0000000766f00000, 0x0000000766f00000, 0x0000000767000000|  0%| F|  |TAMS 0x0000000766f00000, 0x0000000766f00000| Untracked 
|1648|0x0000000767000000, 0x0000000767000000, 0x0000000767100000|  0%| F|  |TAMS 0x0000000767000000, 0x0000000767000000| Untracked 
|1649|0x0000000767100000, 0x0000000767100000, 0x0000000767200000|  0%| F|  |TAMS 0x0000000767100000, 0x0000000767100000| Untracked 
|1650|0x0000000767200000, 0x0000000767200000, 0x0000000767300000|  0%| F|  |TAMS 0x0000000767200000, 0x0000000767200000| Untracked 
|1651|0x0000000767300000, 0x0000000767300000, 0x0000000767400000|  0%| F|  |TAMS 0x0000000767300000, 0x0000000767300000| Untracked 
|1652|0x0000000767400000, 0x0000000767400000, 0x0000000767500000|  0%| F|  |TAMS 0x0000000767400000, 0x0000000767400000| Untracked 
|1653|0x0000000767500000, 0x0000000767500000, 0x0000000767600000|  0%| F|  |TAMS 0x0000000767500000, 0x0000000767500000| Untracked 
|1654|0x0000000767600000, 0x0000000767600000, 0x0000000767700000|  0%| F|  |TAMS 0x0000000767600000, 0x0000000767600000| Untracked 
|1655|0x0000000767700000, 0x0000000767700000, 0x0000000767800000|  0%| F|  |TAMS 0x0000000767700000, 0x0000000767700000| Untracked 
|1656|0x0000000767800000, 0x0000000767800000, 0x0000000767900000|  0%| F|  |TAMS 0x0000000767800000, 0x0000000767800000| Untracked 
|1657|0x0000000767900000, 0x0000000767900000, 0x0000000767a00000|  0%| F|  |TAMS 0x0000000767900000, 0x0000000767900000| Untracked 
|1658|0x0000000767a00000, 0x0000000767a00000, 0x0000000767b00000|  0%| F|  |TAMS 0x0000000767a00000, 0x0000000767a00000| Untracked 
|1659|0x0000000767b00000, 0x0000000767b00000, 0x0000000767c00000|  0%| F|  |TAMS 0x0000000767b00000, 0x0000000767b00000| Untracked 
|1660|0x0000000767c00000, 0x0000000767c00000, 0x0000000767d00000|  0%| F|  |TAMS 0x0000000767c00000, 0x0000000767c00000| Untracked 
|1661|0x0000000767d00000, 0x0000000767d00000, 0x0000000767e00000|  0%| F|  |TAMS 0x0000000767d00000, 0x0000000767d00000| Untracked 
|1662|0x0000000767e00000, 0x0000000767e00000, 0x0000000767f00000|  0%| F|  |TAMS 0x0000000767e00000, 0x0000000767e00000| Untracked 
|1663|0x0000000767f00000, 0x0000000767f00000, 0x0000000768000000|  0%| F|  |TAMS 0x0000000767f00000, 0x0000000767f00000| Untracked 
|1664|0x0000000768000000, 0x0000000768000000, 0x0000000768100000|  0%| F|  |TAMS 0x0000000768000000, 0x0000000768000000| Untracked 
|1665|0x0000000768100000, 0x0000000768100000, 0x0000000768200000|  0%| F|  |TAMS 0x0000000768100000, 0x0000000768100000| Untracked 
|1666|0x0000000768200000, 0x0000000768200000, 0x0000000768300000|  0%| F|  |TAMS 0x0000000768200000, 0x0000000768200000| Untracked 
|1667|0x0000000768300000, 0x0000000768300000, 0x0000000768400000|  0%| F|  |TAMS 0x0000000768300000, 0x0000000768300000| Untracked 
|1668|0x0000000768400000, 0x0000000768400000, 0x0000000768500000|  0%| F|  |TAMS 0x0000000768400000, 0x0000000768400000| Untracked 
|1669|0x0000000768500000, 0x0000000768500000, 0x0000000768600000|  0%| F|  |TAMS 0x0000000768500000, 0x0000000768500000| Untracked 
|1670|0x0000000768600000, 0x0000000768600000, 0x0000000768700000|  0%| F|  |TAMS 0x0000000768600000, 0x0000000768600000| Untracked 
|1671|0x0000000768700000, 0x0000000768700000, 0x0000000768800000|  0%| F|  |TAMS 0x0000000768700000, 0x0000000768700000| Untracked 
|1672|0x0000000768800000, 0x0000000768800000, 0x0000000768900000|  0%| F|  |TAMS 0x0000000768800000, 0x0000000768800000| Untracked 
|1673|0x0000000768900000, 0x0000000768900000, 0x0000000768a00000|  0%| F|  |TAMS 0x0000000768900000, 0x0000000768900000| Untracked 
|1674|0x0000000768a00000, 0x0000000768a00000, 0x0000000768b00000|  0%| F|  |TAMS 0x0000000768a00000, 0x0000000768a00000| Untracked 
|1675|0x0000000768b00000, 0x0000000768b00000, 0x0000000768c00000|  0%| F|  |TAMS 0x0000000768b00000, 0x0000000768b00000| Untracked 
|1676|0x0000000768c00000, 0x0000000768c00000, 0x0000000768d00000|  0%| F|  |TAMS 0x0000000768c00000, 0x0000000768c00000| Untracked 
|1677|0x0000000768d00000, 0x0000000768d00000, 0x0000000768e00000|  0%| F|  |TAMS 0x0000000768d00000, 0x0000000768d00000| Untracked 
|1678|0x0000000768e00000, 0x0000000768e00000, 0x0000000768f00000|  0%| F|  |TAMS 0x0000000768e00000, 0x0000000768e00000| Untracked 
|1679|0x0000000768f00000, 0x0000000768f00000, 0x0000000769000000|  0%| F|  |TAMS 0x0000000768f00000, 0x0000000768f00000| Untracked 
|1680|0x0000000769000000, 0x0000000769000000, 0x0000000769100000|  0%| F|  |TAMS 0x0000000769000000, 0x0000000769000000| Untracked 
|1681|0x0000000769100000, 0x0000000769100000, 0x0000000769200000|  0%| F|  |TAMS 0x0000000769100000, 0x0000000769100000| Untracked 
|1682|0x0000000769200000, 0x0000000769200000, 0x0000000769300000|  0%| F|  |TAMS 0x0000000769200000, 0x0000000769200000| Untracked 
|1683|0x0000000769300000, 0x0000000769300000, 0x0000000769400000|  0%| F|  |TAMS 0x0000000769300000, 0x0000000769300000| Untracked 
|1684|0x0000000769400000, 0x0000000769400000, 0x0000000769500000|  0%| F|  |TAMS 0x0000000769400000, 0x0000000769400000| Untracked 
|1685|0x0000000769500000, 0x0000000769500000, 0x0000000769600000|  0%| F|  |TAMS 0x0000000769500000, 0x0000000769500000| Untracked 
|1686|0x0000000769600000, 0x0000000769600000, 0x0000000769700000|  0%| F|  |TAMS 0x0000000769600000, 0x0000000769600000| Untracked 
|1687|0x0000000769700000, 0x0000000769700000, 0x0000000769800000|  0%| F|  |TAMS 0x0000000769700000, 0x0000000769700000| Untracked 
|1688|0x0000000769800000, 0x0000000769800000, 0x0000000769900000|  0%| F|  |TAMS 0x0000000769800000, 0x0000000769800000| Untracked 
|1689|0x0000000769900000, 0x0000000769900000, 0x0000000769a00000|  0%| F|  |TAMS 0x0000000769900000, 0x0000000769900000| Untracked 
|1690|0x0000000769a00000, 0x0000000769a00000, 0x0000000769b00000|  0%| F|  |TAMS 0x0000000769a00000, 0x0000000769a00000| Untracked 
|1691|0x0000000769b00000, 0x0000000769b00000, 0x0000000769c00000|  0%| F|  |TAMS 0x0000000769b00000, 0x0000000769b00000| Untracked 
|1692|0x0000000769c00000, 0x0000000769c00000, 0x0000000769d00000|  0%| F|  |TAMS 0x0000000769c00000, 0x0000000769c00000| Untracked 
|1693|0x0000000769d00000, 0x0000000769d00000, 0x0000000769e00000|  0%| F|  |TAMS 0x0000000769d00000, 0x0000000769d00000| Untracked 
|1694|0x0000000769e00000, 0x0000000769e00000, 0x0000000769f00000|  0%| F|  |TAMS 0x0000000769e00000, 0x0000000769e00000| Untracked 
|1695|0x0000000769f00000, 0x0000000769f00000, 0x000000076a000000|  0%| F|  |TAMS 0x0000000769f00000, 0x0000000769f00000| Untracked 
|1696|0x000000076a000000, 0x000000076a000000, 0x000000076a100000|  0%| F|  |TAMS 0x000000076a000000, 0x000000076a000000| Untracked 
|1697|0x000000076a100000, 0x000000076a100000, 0x000000076a200000|  0%| F|  |TAMS 0x000000076a100000, 0x000000076a100000| Untracked 
|1698|0x000000076a200000, 0x000000076a200000, 0x000000076a300000|  0%| F|  |TAMS 0x000000076a200000, 0x000000076a200000| Untracked 
|1699|0x000000076a300000, 0x000000076a300000, 0x000000076a400000|  0%| F|  |TAMS 0x000000076a300000, 0x000000076a300000| Untracked 
|1700|0x000000076a400000, 0x000000076a400000, 0x000000076a500000|  0%| F|  |TAMS 0x000000076a400000, 0x000000076a400000| Untracked 
|1701|0x000000076a500000, 0x000000076a500000, 0x000000076a600000|  0%| F|  |TAMS 0x000000076a500000, 0x000000076a500000| Untracked 
|1702|0x000000076a600000, 0x000000076a600000, 0x000000076a700000|  0%| F|  |TAMS 0x000000076a600000, 0x000000076a600000| Untracked 
|1703|0x000000076a700000, 0x000000076a700000, 0x000000076a800000|  0%| F|  |TAMS 0x000000076a700000, 0x000000076a700000| Untracked 
|1704|0x000000076a800000, 0x000000076a800000, 0x000000076a900000|  0%| F|  |TAMS 0x000000076a800000, 0x000000076a800000| Untracked 
|1705|0x000000076a900000, 0x000000076a900000, 0x000000076aa00000|  0%| F|  |TAMS 0x000000076a900000, 0x000000076a900000| Untracked 
|1706|0x000000076aa00000, 0x000000076aa00000, 0x000000076ab00000|  0%| F|  |TAMS 0x000000076aa00000, 0x000000076aa00000| Untracked 
|1707|0x000000076ab00000, 0x000000076ab00000, 0x000000076ac00000|  0%| F|  |TAMS 0x000000076ab00000, 0x000000076ab00000| Untracked 
|1708|0x000000076ac00000, 0x000000076ac00000, 0x000000076ad00000|  0%| F|  |TAMS 0x000000076ac00000, 0x000000076ac00000| Untracked 
|1709|0x000000076ad00000, 0x000000076ad00000, 0x000000076ae00000|  0%| F|  |TAMS 0x000000076ad00000, 0x000000076ad00000| Untracked 
|1710|0x000000076ae00000, 0x000000076ae00000, 0x000000076af00000|  0%| F|  |TAMS 0x000000076ae00000, 0x000000076ae00000| Untracked 
|1711|0x000000076af00000, 0x000000076af00000, 0x000000076b000000|  0%| F|  |TAMS 0x000000076af00000, 0x000000076af00000| Untracked 
|1712|0x000000076b000000, 0x000000076b000000, 0x000000076b100000|  0%| F|  |TAMS 0x000000076b000000, 0x000000076b000000| Untracked 
|1713|0x000000076b100000, 0x000000076b100000, 0x000000076b200000|  0%| F|  |TAMS 0x000000076b100000, 0x000000076b100000| Untracked 
|1714|0x000000076b200000, 0x000000076b200000, 0x000000076b300000|  0%| F|  |TAMS 0x000000076b200000, 0x000000076b200000| Untracked 
|1715|0x000000076b300000, 0x000000076b300000, 0x000000076b400000|  0%| F|  |TAMS 0x000000076b300000, 0x000000076b300000| Untracked 
|1716|0x000000076b400000, 0x000000076b400000, 0x000000076b500000|  0%| F|  |TAMS 0x000000076b400000, 0x000000076b400000| Untracked 
|1717|0x000000076b500000, 0x000000076b500000, 0x000000076b600000|  0%| F|  |TAMS 0x000000076b500000, 0x000000076b500000| Untracked 
|1718|0x000000076b600000, 0x000000076b600000, 0x000000076b700000|  0%| F|  |TAMS 0x000000076b600000, 0x000000076b600000| Untracked 
|1719|0x000000076b700000, 0x000000076b700000, 0x000000076b800000|  0%| F|  |TAMS 0x000000076b700000, 0x000000076b700000| Untracked 
|1720|0x000000076b800000, 0x000000076b800000, 0x000000076b900000|  0%| F|  |TAMS 0x000000076b800000, 0x000000076b800000| Untracked 
|1721|0x000000076b900000, 0x000000076b900000, 0x000000076ba00000|  0%| F|  |TAMS 0x000000076b900000, 0x000000076b900000| Untracked 
|1722|0x000000076ba00000, 0x000000076ba00000, 0x000000076bb00000|  0%| F|  |TAMS 0x000000076ba00000, 0x000000076ba00000| Untracked 
|1723|0x000000076bb00000, 0x000000076bb00000, 0x000000076bc00000|  0%| F|  |TAMS 0x000000076bb00000, 0x000000076bb00000| Untracked 
|1724|0x000000076bc00000, 0x000000076bc00000, 0x000000076bd00000|  0%| F|  |TAMS 0x000000076bc00000, 0x000000076bc00000| Untracked 
|1725|0x000000076bd00000, 0x000000076bd00000, 0x000000076be00000|  0%| F|  |TAMS 0x000000076bd00000, 0x000000076bd00000| Untracked 
|1726|0x000000076be00000, 0x000000076be00000, 0x000000076bf00000|  0%| F|  |TAMS 0x000000076be00000, 0x000000076be00000| Untracked 
|1727|0x000000076bf00000, 0x000000076bf00000, 0x000000076c000000|  0%| F|  |TAMS 0x000000076bf00000, 0x000000076bf00000| Untracked 
|1728|0x000000076c000000, 0x000000076c000000, 0x000000076c100000|  0%| F|  |TAMS 0x000000076c000000, 0x000000076c000000| Untracked 
|1729|0x000000076c100000, 0x000000076c100000, 0x000000076c200000|  0%| F|  |TAMS 0x000000076c100000, 0x000000076c100000| Untracked 
|1730|0x000000076c200000, 0x000000076c200000, 0x000000076c300000|  0%| F|  |TAMS 0x000000076c200000, 0x000000076c200000| Untracked 
|1731|0x000000076c300000, 0x000000076c300000, 0x000000076c400000|  0%| F|  |TAMS 0x000000076c300000, 0x000000076c300000| Untracked 
|1732|0x000000076c400000, 0x000000076c400000, 0x000000076c500000|  0%| F|  |TAMS 0x000000076c400000, 0x000000076c400000| Untracked 
|1733|0x000000076c500000, 0x000000076c500000, 0x000000076c600000|  0%| F|  |TAMS 0x000000076c500000, 0x000000076c500000| Untracked 
|1734|0x000000076c600000, 0x000000076c600000, 0x000000076c700000|  0%| F|  |TAMS 0x000000076c600000, 0x000000076c600000| Untracked 
|1735|0x000000076c700000, 0x000000076c700000, 0x000000076c800000|  0%| F|  |TAMS 0x000000076c700000, 0x000000076c700000| Untracked 
|1736|0x000000076c800000, 0x000000076c800000, 0x000000076c900000|  0%| F|  |TAMS 0x000000076c800000, 0x000000076c800000| Untracked 
|1737|0x000000076c900000, 0x000000076c900000, 0x000000076ca00000|  0%| F|  |TAMS 0x000000076c900000, 0x000000076c900000| Untracked 
|1738|0x000000076ca00000, 0x000000076ca00000, 0x000000076cb00000|  0%| F|  |TAMS 0x000000076ca00000, 0x000000076ca00000| Untracked 
|1739|0x000000076cb00000, 0x000000076cb00000, 0x000000076cc00000|  0%| F|  |TAMS 0x000000076cb00000, 0x000000076cb00000| Untracked 
|1740|0x000000076cc00000, 0x000000076cc00000, 0x000000076cd00000|  0%| F|  |TAMS 0x000000076cc00000, 0x000000076cc00000| Untracked 
|1741|0x000000076cd00000, 0x000000076cd00000, 0x000000076ce00000|  0%| F|  |TAMS 0x000000076cd00000, 0x000000076cd00000| Untracked 
|1742|0x000000076ce00000, 0x000000076ce00000, 0x000000076cf00000|  0%| F|  |TAMS 0x000000076ce00000, 0x000000076ce00000| Untracked 
|1743|0x000000076cf00000, 0x000000076cf00000, 0x000000076d000000|  0%| F|  |TAMS 0x000000076cf00000, 0x000000076cf00000| Untracked 
|1744|0x000000076d000000, 0x000000076d000000, 0x000000076d100000|  0%| F|  |TAMS 0x000000076d000000, 0x000000076d000000| Untracked 
|1745|0x000000076d100000, 0x000000076d100000, 0x000000076d200000|  0%| F|  |TAMS 0x000000076d100000, 0x000000076d100000| Untracked 
|1746|0x000000076d200000, 0x000000076d200000, 0x000000076d300000|  0%| F|  |TAMS 0x000000076d200000, 0x000000076d200000| Untracked 
|1747|0x000000076d300000, 0x000000076d300000, 0x000000076d400000|  0%| F|  |TAMS 0x000000076d300000, 0x000000076d300000| Untracked 
|1748|0x000000076d400000, 0x000000076d400000, 0x000000076d500000|  0%| F|  |TAMS 0x000000076d400000, 0x000000076d400000| Untracked 
|1749|0x000000076d500000, 0x000000076d500000, 0x000000076d600000|  0%| F|  |TAMS 0x000000076d500000, 0x000000076d500000| Untracked 
|1750|0x000000076d600000, 0x000000076d600000, 0x000000076d700000|  0%| F|  |TAMS 0x000000076d600000, 0x000000076d600000| Untracked 
|1751|0x000000076d700000, 0x000000076d700000, 0x000000076d800000|  0%| F|  |TAMS 0x000000076d700000, 0x000000076d700000| Untracked 
|1752|0x000000076d800000, 0x000000076d800000, 0x000000076d900000|  0%| F|  |TAMS 0x000000076d800000, 0x000000076d800000| Untracked 
|1753|0x000000076d900000, 0x000000076d900000, 0x000000076da00000|  0%| F|  |TAMS 0x000000076d900000, 0x000000076d900000| Untracked 
|1754|0x000000076da00000, 0x000000076da00000, 0x000000076db00000|  0%| F|  |TAMS 0x000000076da00000, 0x000000076da00000| Untracked 
|1755|0x000000076db00000, 0x000000076db00000, 0x000000076dc00000|  0%| F|  |TAMS 0x000000076db00000, 0x000000076db00000| Untracked 
|1756|0x000000076dc00000, 0x000000076dc00000, 0x000000076dd00000|  0%| F|  |TAMS 0x000000076dc00000, 0x000000076dc00000| Untracked 
|1757|0x000000076dd00000, 0x000000076dd00000, 0x000000076de00000|  0%| F|  |TAMS 0x000000076dd00000, 0x000000076dd00000| Untracked 
|1758|0x000000076de00000, 0x000000076de00000, 0x000000076df00000|  0%| F|  |TAMS 0x000000076de00000, 0x000000076de00000| Untracked 
|1759|0x000000076df00000, 0x000000076df00000, 0x000000076e000000|  0%| F|  |TAMS 0x000000076df00000, 0x000000076df00000| Untracked 
|1760|0x000000076e000000, 0x000000076e000000, 0x000000076e100000|  0%| F|  |TAMS 0x000000076e000000, 0x000000076e000000| Untracked 
|1761|0x000000076e100000, 0x000000076e100000, 0x000000076e200000|  0%| F|  |TAMS 0x000000076e100000, 0x000000076e100000| Untracked 
|1762|0x000000076e200000, 0x000000076e200000, 0x000000076e300000|  0%| F|  |TAMS 0x000000076e200000, 0x000000076e200000| Untracked 
|1763|0x000000076e300000, 0x000000076e300000, 0x000000076e400000|  0%| F|  |TAMS 0x000000076e300000, 0x000000076e300000| Untracked 
|1764|0x000000076e400000, 0x000000076e400000, 0x000000076e500000|  0%| F|  |TAMS 0x000000076e400000, 0x000000076e400000| Untracked 
|1765|0x000000076e500000, 0x000000076e500000, 0x000000076e600000|  0%| F|  |TAMS 0x000000076e500000, 0x000000076e500000| Untracked 
|1766|0x000000076e600000, 0x000000076e600000, 0x000000076e700000|  0%| F|  |TAMS 0x000000076e600000, 0x000000076e600000| Untracked 
|1767|0x000000076e700000, 0x000000076e700000, 0x000000076e800000|  0%| F|  |TAMS 0x000000076e700000, 0x000000076e700000| Untracked 
|1768|0x000000076e800000, 0x000000076e800000, 0x000000076e900000|  0%| F|  |TAMS 0x000000076e800000, 0x000000076e800000| Untracked 
|1769|0x000000076e900000, 0x000000076e900000, 0x000000076ea00000|  0%| F|  |TAMS 0x000000076e900000, 0x000000076e900000| Untracked 
|1770|0x000000076ea00000, 0x000000076ea00000, 0x000000076eb00000|  0%| F|  |TAMS 0x000000076ea00000, 0x000000076ea00000| Untracked 
|1771|0x000000076eb00000, 0x000000076eb00000, 0x000000076ec00000|  0%| F|  |TAMS 0x000000076eb00000, 0x000000076eb00000| Untracked 
|1772|0x000000076ec00000, 0x000000076ec00000, 0x000000076ed00000|  0%| F|  |TAMS 0x000000076ec00000, 0x000000076ec00000| Untracked 
|1773|0x000000076ed00000, 0x000000076ed00000, 0x000000076ee00000|  0%| F|  |TAMS 0x000000076ed00000, 0x000000076ed00000| Untracked 
|1774|0x000000076ee00000, 0x000000076ee00000, 0x000000076ef00000|  0%| F|  |TAMS 0x000000076ee00000, 0x000000076ee00000| Untracked 
|1775|0x000000076ef00000, 0x000000076ef00000, 0x000000076f000000|  0%| F|  |TAMS 0x000000076ef00000, 0x000000076ef00000| Untracked 
|1776|0x000000076f000000, 0x000000076f000000, 0x000000076f100000|  0%| F|  |TAMS 0x000000076f000000, 0x000000076f000000| Untracked 
|1777|0x000000076f100000, 0x000000076f100000, 0x000000076f200000|  0%| F|  |TAMS 0x000000076f100000, 0x000000076f100000| Untracked 
|1778|0x000000076f200000, 0x000000076f200000, 0x000000076f300000|  0%| F|  |TAMS 0x000000076f200000, 0x000000076f200000| Untracked 
|1779|0x000000076f300000, 0x000000076f300000, 0x000000076f400000|  0%| F|  |TAMS 0x000000076f300000, 0x000000076f300000| Untracked 
|1780|0x000000076f400000, 0x000000076f400000, 0x000000076f500000|  0%| F|  |TAMS 0x000000076f400000, 0x000000076f400000| Untracked 
|1781|0x000000076f500000, 0x000000076f500000, 0x000000076f600000|  0%| F|  |TAMS 0x000000076f500000, 0x000000076f500000| Untracked 
|1782|0x000000076f600000, 0x000000076f600000, 0x000000076f700000|  0%| F|  |TAMS 0x000000076f600000, 0x000000076f600000| Untracked 
|1783|0x000000076f700000, 0x000000076f700000, 0x000000076f800000|  0%| F|  |TAMS 0x000000076f700000, 0x000000076f700000| Untracked 
|1784|0x000000076f800000, 0x000000076f800000, 0x000000076f900000|  0%| F|  |TAMS 0x000000076f800000, 0x000000076f800000| Untracked 
|1785|0x000000076f900000, 0x000000076f900000, 0x000000076fa00000|  0%| F|  |TAMS 0x000000076f900000, 0x000000076f900000| Untracked 
|1786|0x000000076fa00000, 0x000000076fa00000, 0x000000076fb00000|  0%| F|  |TAMS 0x000000076fa00000, 0x000000076fa00000| Untracked 
|1787|0x000000076fb00000, 0x000000076fb00000, 0x000000076fc00000|  0%| F|  |TAMS 0x000000076fb00000, 0x000000076fb00000| Untracked 
|1788|0x000000076fc00000, 0x000000076fd00000, 0x000000076fd00000|100%| E|  |TAMS 0x000000076fc00000, 0x000000076fc00000| Complete 
|1789|0x000000076fd00000, 0x000000076fe00000, 0x000000076fe00000|100%| E|CS|TAMS 0x000000076fd00000, 0x000000076fd00000| Complete 
|1790|0x000000076fe00000, 0x000000076ff00000, 0x000000076ff00000|100%| E|CS|TAMS 0x000000076fe00000, 0x000000076fe00000| Complete 
|1791|0x000000076ff00000, 0x0000000770000000, 0x0000000770000000|100%| E|CS|TAMS 0x000000076ff00000, 0x000000076ff00000| Complete 
|1792|0x0000000770000000, 0x0000000770100000, 0x0000000770100000|100%| E|CS|TAMS 0x0000000770000000, 0x0000000770000000| Complete 
|1793|0x0000000770100000, 0x0000000770200000, 0x0000000770200000|100%| E|CS|TAMS 0x0000000770100000, 0x0000000770100000| Complete 
|1794|0x0000000770200000, 0x0000000770300000, 0x0000000770300000|100%| E|CS|TAMS 0x0000000770200000, 0x0000000770200000| Complete 
|1795|0x0000000770300000, 0x0000000770400000, 0x0000000770400000|100%| E|CS|TAMS 0x0000000770300000, 0x0000000770300000| Complete 
|1796|0x0000000770400000, 0x0000000770500000, 0x0000000770500000|100%| E|CS|TAMS 0x0000000770400000, 0x0000000770400000| Complete 
|1797|0x0000000770500000, 0x0000000770600000, 0x0000000770600000|100%| E|CS|TAMS 0x0000000770500000, 0x0000000770500000| Complete 
|1798|0x0000000770600000, 0x0000000770700000, 0x0000000770700000|100%| E|CS|TAMS 0x0000000770600000, 0x0000000770600000| Complete 
|1799|0x0000000770700000, 0x0000000770800000, 0x0000000770800000|100%| E|CS|TAMS 0x0000000770700000, 0x0000000770700000| Complete 
|1800|0x0000000770800000, 0x0000000770900000, 0x0000000770900000|100%| E|CS|TAMS 0x0000000770800000, 0x0000000770800000| Complete 
|1801|0x0000000770900000, 0x0000000770a00000, 0x0000000770a00000|100%| E|CS|TAMS 0x0000000770900000, 0x0000000770900000| Complete 
|1802|0x0000000770a00000, 0x0000000770b00000, 0x0000000770b00000|100%| E|  |TAMS 0x0000000770a00000, 0x0000000770a00000| Complete 
|1803|0x0000000770b00000, 0x0000000770c00000, 0x0000000770c00000|100%| E|CS|TAMS 0x0000000770b00000, 0x0000000770b00000| Complete 
|1804|0x0000000770c00000, 0x0000000770d00000, 0x0000000770d00000|100%| E|CS|TAMS 0x0000000770c00000, 0x0000000770c00000| Complete 
|1805|0x0000000770d00000, 0x0000000770e00000, 0x0000000770e00000|100%| E|CS|TAMS 0x0000000770d00000, 0x0000000770d00000| Complete 
|1806|0x0000000770e00000, 0x0000000770f00000, 0x0000000770f00000|100%| E|CS|TAMS 0x0000000770e00000, 0x0000000770e00000| Complete 
|1807|0x0000000770f00000, 0x0000000771000000, 0x0000000771000000|100%| E|CS|TAMS 0x0000000770f00000, 0x0000000770f00000| Complete 
|1808|0x0000000771000000, 0x0000000771100000, 0x0000000771100000|100%| E|CS|TAMS 0x0000000771000000, 0x0000000771000000| Complete 
|1809|0x0000000771100000, 0x0000000771200000, 0x0000000771200000|100%| E|CS|TAMS 0x0000000771100000, 0x0000000771100000| Complete 
|1810|0x0000000771200000, 0x0000000771300000, 0x0000000771300000|100%| E|CS|TAMS 0x0000000771200000, 0x0000000771200000| Complete 
|1811|0x0000000771300000, 0x0000000771400000, 0x0000000771400000|100%| E|CS|TAMS 0x0000000771300000, 0x0000000771300000| Complete 
|1812|0x0000000771400000, 0x0000000771500000, 0x0000000771500000|100%| E|CS|TAMS 0x0000000771400000, 0x0000000771400000| Complete 
|1813|0x0000000771500000, 0x0000000771600000, 0x0000000771600000|100%| E|CS|TAMS 0x0000000771500000, 0x0000000771500000| Complete 
|1814|0x0000000771600000, 0x0000000771700000, 0x0000000771700000|100%| E|CS|TAMS 0x0000000771600000, 0x0000000771600000| Complete 
|1815|0x0000000771700000, 0x0000000771800000, 0x0000000771800000|100%| E|CS|TAMS 0x0000000771700000, 0x0000000771700000| Complete 
|1816|0x0000000771800000, 0x0000000771900000, 0x0000000771900000|100%| E|CS|TAMS 0x0000000771800000, 0x0000000771800000| Complete 
|1817|0x0000000771900000, 0x0000000771a00000, 0x0000000771a00000|100%| E|CS|TAMS 0x0000000771900000, 0x0000000771900000| Complete 
|1818|0x0000000771a00000, 0x0000000771b00000, 0x0000000771b00000|100%| E|CS|TAMS 0x0000000771a00000, 0x0000000771a00000| Complete 
|1819|0x0000000771b00000, 0x0000000771c00000, 0x0000000771c00000|100%| E|CS|TAMS 0x0000000771b00000, 0x0000000771b00000| Complete 
|1820|0x0000000771c00000, 0x0000000771d00000, 0x0000000771d00000|100%| E|CS|TAMS 0x0000000771c00000, 0x0000000771c00000| Complete 
|1821|0x0000000771d00000, 0x0000000771e00000, 0x0000000771e00000|100%| E|CS|TAMS 0x0000000771d00000, 0x0000000771d00000| Complete 
|1822|0x0000000771e00000, 0x0000000771f00000, 0x0000000771f00000|100%| E|CS|TAMS 0x0000000771e00000, 0x0000000771e00000| Complete 
|1823|0x0000000771f00000, 0x0000000772000000, 0x0000000772000000|100%| E|CS|TAMS 0x0000000771f00000, 0x0000000771f00000| Complete 
|1824|0x0000000772000000, 0x0000000772100000, 0x0000000772100000|100%| E|CS|TAMS 0x0000000772000000, 0x0000000772000000| Complete 
|1825|0x0000000772100000, 0x0000000772200000, 0x0000000772200000|100%| E|CS|TAMS 0x0000000772100000, 0x0000000772100000| Complete 
|1826|0x0000000772200000, 0x0000000772300000, 0x0000000772300000|100%| E|CS|TAMS 0x0000000772200000, 0x0000000772200000| Complete 
|1827|0x0000000772300000, 0x0000000772400000, 0x0000000772400000|100%| E|CS|TAMS 0x0000000772300000, 0x0000000772300000| Complete 
|1828|0x0000000772400000, 0x0000000772500000, 0x0000000772500000|100%| E|CS|TAMS 0x0000000772400000, 0x0000000772400000| Complete 
|1829|0x0000000772500000, 0x0000000772600000, 0x0000000772600000|100%| E|CS|TAMS 0x0000000772500000, 0x0000000772500000| Complete 
|1830|0x0000000772600000, 0x0000000772700000, 0x0000000772700000|100%| E|CS|TAMS 0x0000000772600000, 0x0000000772600000| Complete 
|1831|0x0000000772700000, 0x0000000772800000, 0x0000000772800000|100%| E|CS|TAMS 0x0000000772700000, 0x0000000772700000| Complete 
|1832|0x0000000772800000, 0x0000000772900000, 0x0000000772900000|100%| E|CS|TAMS 0x0000000772800000, 0x0000000772800000| Complete 
|1833|0x0000000772900000, 0x0000000772a00000, 0x0000000772a00000|100%| E|CS|TAMS 0x0000000772900000, 0x0000000772900000| Complete 
|1834|0x0000000772a00000, 0x0000000772b00000, 0x0000000772b00000|100%| E|CS|TAMS 0x0000000772a00000, 0x0000000772a00000| Complete 
|1835|0x0000000772b00000, 0x0000000772c00000, 0x0000000772c00000|100%| E|CS|TAMS 0x0000000772b00000, 0x0000000772b00000| Complete 
|1836|0x0000000772c00000, 0x0000000772d00000, 0x0000000772d00000|100%| E|CS|TAMS 0x0000000772c00000, 0x0000000772c00000| Complete 
|1837|0x0000000772d00000, 0x0000000772e00000, 0x0000000772e00000|100%| E|CS|TAMS 0x0000000772d00000, 0x0000000772d00000| Complete 
|1838|0x0000000772e00000, 0x0000000772f00000, 0x0000000772f00000|100%| E|CS|TAMS 0x0000000772e00000, 0x0000000772e00000| Complete 
|1839|0x0000000772f00000, 0x0000000773000000, 0x0000000773000000|100%| E|CS|TAMS 0x0000000772f00000, 0x0000000772f00000| Complete 
|1840|0x0000000773000000, 0x0000000773100000, 0x0000000773100000|100%| E|CS|TAMS 0x0000000773000000, 0x0000000773000000| Complete 
|1841|0x0000000773100000, 0x0000000773200000, 0x0000000773200000|100%| E|CS|TAMS 0x0000000773100000, 0x0000000773100000| Complete 
|1842|0x0000000773200000, 0x0000000773300000, 0x0000000773300000|100%| E|CS|TAMS 0x0000000773200000, 0x0000000773200000| Complete 
|1843|0x0000000773300000, 0x0000000773400000, 0x0000000773400000|100%| E|CS|TAMS 0x0000000773300000, 0x0000000773300000| Complete 
|1844|0x0000000773400000, 0x0000000773500000, 0x0000000773500000|100%| E|CS|TAMS 0x0000000773400000, 0x0000000773400000| Complete 
|1845|0x0000000773500000, 0x0000000773600000, 0x0000000773600000|100%| E|CS|TAMS 0x0000000773500000, 0x0000000773500000| Complete 
|1846|0x0000000773600000, 0x0000000773700000, 0x0000000773700000|100%| E|CS|TAMS 0x0000000773600000, 0x0000000773600000| Complete 
|1847|0x0000000773700000, 0x0000000773800000, 0x0000000773800000|100%| E|CS|TAMS 0x0000000773700000, 0x0000000773700000| Complete 
|1848|0x0000000773800000, 0x0000000773900000, 0x0000000773900000|100%| E|CS|TAMS 0x0000000773800000, 0x0000000773800000| Complete 
|1849|0x0000000773900000, 0x0000000773a00000, 0x0000000773a00000|100%| E|CS|TAMS 0x0000000773900000, 0x0000000773900000| Complete 
|1850|0x0000000773a00000, 0x0000000773b00000, 0x0000000773b00000|100%| E|CS|TAMS 0x0000000773a00000, 0x0000000773a00000| Complete 
|1851|0x0000000773b00000, 0x0000000773c00000, 0x0000000773c00000|100%| E|CS|TAMS 0x0000000773b00000, 0x0000000773b00000| Complete 
|1852|0x0000000773c00000, 0x0000000773d00000, 0x0000000773d00000|100%| E|CS|TAMS 0x0000000773c00000, 0x0000000773c00000| Complete 
|1853|0x0000000773d00000, 0x0000000773e00000, 0x0000000773e00000|100%| E|CS|TAMS 0x0000000773d00000, 0x0000000773d00000| Complete 
|1854|0x0000000773e00000, 0x0000000773f00000, 0x0000000773f00000|100%| E|CS|TAMS 0x0000000773e00000, 0x0000000773e00000| Complete 
|1855|0x0000000773f00000, 0x0000000774000000, 0x0000000774000000|100%| E|CS|TAMS 0x0000000773f00000, 0x0000000773f00000| Complete 
|1856|0x0000000774000000, 0x0000000774100000, 0x0000000774100000|100%| E|CS|TAMS 0x0000000774000000, 0x0000000774000000| Complete 
|1857|0x0000000774100000, 0x0000000774200000, 0x0000000774200000|100%| E|CS|TAMS 0x0000000774100000, 0x0000000774100000| Complete 
|1858|0x0000000774200000, 0x0000000774300000, 0x0000000774300000|100%| E|CS|TAMS 0x0000000774200000, 0x0000000774200000| Complete 
|1859|0x0000000774300000, 0x0000000774400000, 0x0000000774400000|100%| E|CS|TAMS 0x0000000774300000, 0x0000000774300000| Complete 
|1860|0x0000000774400000, 0x0000000774500000, 0x0000000774500000|100%| E|CS|TAMS 0x0000000774400000, 0x0000000774400000| Complete 
|1861|0x0000000774500000, 0x0000000774600000, 0x0000000774600000|100%| E|CS|TAMS 0x0000000774500000, 0x0000000774500000| Complete 
|1862|0x0000000774600000, 0x0000000774700000, 0x0000000774700000|100%| E|CS|TAMS 0x0000000774600000, 0x0000000774600000| Complete 
|1863|0x0000000774700000, 0x0000000774800000, 0x0000000774800000|100%| E|CS|TAMS 0x0000000774700000, 0x0000000774700000| Complete 
|1864|0x0000000774800000, 0x0000000774900000, 0x0000000774900000|100%| E|CS|TAMS 0x0000000774800000, 0x0000000774800000| Complete 
|1865|0x0000000774900000, 0x0000000774a00000, 0x0000000774a00000|100%| E|CS|TAMS 0x0000000774900000, 0x0000000774900000| Complete 
|1866|0x0000000774a00000, 0x0000000774b00000, 0x0000000774b00000|100%| E|CS|TAMS 0x0000000774a00000, 0x0000000774a00000| Complete 
|1867|0x0000000774b00000, 0x0000000774c00000, 0x0000000774c00000|100%| E|CS|TAMS 0x0000000774b00000, 0x0000000774b00000| Complete 
|1868|0x0000000774c00000, 0x0000000774d00000, 0x0000000774d00000|100%| E|CS|TAMS 0x0000000774c00000, 0x0000000774c00000| Complete 
|1869|0x0000000774d00000, 0x0000000774e00000, 0x0000000774e00000|100%| E|CS|TAMS 0x0000000774d00000, 0x0000000774d00000| Complete 
|1870|0x0000000774e00000, 0x0000000774e62ed0, 0x0000000774f00000| 38%| S|CS|TAMS 0x0000000774e00000, 0x0000000774e00000| Complete 
|1871|0x0000000774f00000, 0x0000000775000000, 0x0000000775000000|100%| S|CS|TAMS 0x0000000774f00000, 0x0000000774f00000| Complete 
|1872|0x0000000775000000, 0x0000000775100000, 0x0000000775100000|100%| S|CS|TAMS 0x0000000775000000, 0x0000000775000000| Complete 
|1873|0x0000000775100000, 0x0000000775200000, 0x0000000775200000|100%| S|CS|TAMS 0x0000000775100000, 0x0000000775100000| Complete 
|1874|0x0000000775200000, 0x0000000775300000, 0x0000000775300000|100%| S|CS|TAMS 0x0000000775200000, 0x0000000775200000| Complete 
|1875|0x0000000775300000, 0x0000000775400000, 0x0000000775400000|100%| S|CS|TAMS 0x0000000775300000, 0x0000000775300000| Complete 
|1876|0x0000000775400000, 0x0000000775500000, 0x0000000775500000|100%| S|CS|TAMS 0x0000000775400000, 0x0000000775400000| Complete 
|1877|0x0000000775500000, 0x0000000775600000, 0x0000000775600000|100%| S|CS|TAMS 0x0000000775500000, 0x0000000775500000| Complete 
|1878|0x0000000775600000, 0x0000000775700000, 0x0000000775700000|100%| S|CS|TAMS 0x0000000775600000, 0x0000000775600000| Complete 
|1879|0x0000000775700000, 0x0000000775800000, 0x0000000775800000|100%| S|CS|TAMS 0x0000000775700000, 0x0000000775700000| Complete 
|1880|0x0000000775800000, 0x0000000775900000, 0x0000000775900000|100%| S|CS|TAMS 0x0000000775800000, 0x0000000775800000| Complete 
|1881|0x0000000775900000, 0x0000000775a00000, 0x0000000775a00000|100%| S|CS|TAMS 0x0000000775900000, 0x0000000775900000| Complete 
|1882|0x0000000775a00000, 0x0000000775b00000, 0x0000000775b00000|100%| S|CS|TAMS 0x0000000775a00000, 0x0000000775a00000| Complete 
|1883|0x0000000775b00000, 0x0000000775c00000, 0x0000000775c00000|100%| S|CS|TAMS 0x0000000775b00000, 0x0000000775b00000| Complete 
|1884|0x0000000775c00000, 0x0000000775d00000, 0x0000000775d00000|100%| S|CS|TAMS 0x0000000775c00000, 0x0000000775c00000| Complete 
|1885|0x0000000775d00000, 0x0000000775e00000, 0x0000000775e00000|100%| S|CS|TAMS 0x0000000775d00000, 0x0000000775d00000| Complete 
|1886|0x0000000775e00000, 0x0000000775f00000, 0x0000000775f00000|100%| S|CS|TAMS 0x0000000775e00000, 0x0000000775e00000| Complete 
|1887|0x0000000775f00000, 0x0000000776000000, 0x0000000776000000|100%| S|CS|TAMS 0x0000000775f00000, 0x0000000775f00000| Complete 
|1888|0x0000000776000000, 0x0000000776100000, 0x0000000776100000|100%| S|CS|TAMS 0x0000000776000000, 0x0000000776000000| Complete 
|1889|0x0000000776100000, 0x0000000776200000, 0x0000000776200000|100%| S|CS|TAMS 0x0000000776100000, 0x0000000776100000| Complete 
|1890|0x0000000776200000, 0x0000000776300000, 0x0000000776300000|100%| S|CS|TAMS 0x0000000776200000, 0x0000000776200000| Complete 
|1891|0x0000000776300000, 0x0000000776400000, 0x0000000776400000|100%| E|CS|TAMS 0x0000000776300000, 0x0000000776300000| Complete 
|1892|0x0000000776400000, 0x0000000776500000, 0x0000000776500000|100%| E|CS|TAMS 0x0000000776400000, 0x0000000776400000| Complete 
|1893|0x0000000776500000, 0x0000000776600000, 0x0000000776600000|100%| E|CS|TAMS 0x0000000776500000, 0x0000000776500000| Complete 
|1894|0x0000000776600000, 0x0000000776700000, 0x0000000776700000|100%| E|CS|TAMS 0x0000000776600000, 0x0000000776600000| Complete 
|1895|0x0000000776700000, 0x0000000776800000, 0x0000000776800000|100%| E|CS|TAMS 0x0000000776700000, 0x0000000776700000| Complete 
|1896|0x0000000776800000, 0x0000000776900000, 0x0000000776900000|100%| E|CS|TAMS 0x0000000776800000, 0x0000000776800000| Complete 
|1897|0x0000000776900000, 0x0000000776a00000, 0x0000000776a00000|100%| E|CS|TAMS 0x0000000776900000, 0x0000000776900000| Complete 
|1898|0x0000000776a00000, 0x0000000776b00000, 0x0000000776b00000|100%| E|CS|TAMS 0x0000000776a00000, 0x0000000776a00000| Complete 
|1899|0x0000000776b00000, 0x0000000776c00000, 0x0000000776c00000|100%| E|CS|TAMS 0x0000000776b00000, 0x0000000776b00000| Complete 
|1900|0x0000000776c00000, 0x0000000776d00000, 0x0000000776d00000|100%| E|CS|TAMS 0x0000000776c00000, 0x0000000776c00000| Complete 
|1901|0x0000000776d00000, 0x0000000776e00000, 0x0000000776e00000|100%| E|CS|TAMS 0x0000000776d00000, 0x0000000776d00000| Complete 
|1902|0x0000000776e00000, 0x0000000776f00000, 0x0000000776f00000|100%| E|CS|TAMS 0x0000000776e00000, 0x0000000776e00000| Complete 
|1903|0x0000000776f00000, 0x0000000777000000, 0x0000000777000000|100%| E|CS|TAMS 0x0000000776f00000, 0x0000000776f00000| Complete 
|1904|0x0000000777000000, 0x0000000777100000, 0x0000000777100000|100%| E|CS|TAMS 0x0000000777000000, 0x0000000777000000| Complete 
|1905|0x0000000777100000, 0x0000000777200000, 0x0000000777200000|100%| E|CS|TAMS 0x0000000777100000, 0x0000000777100000| Complete 
|1906|0x0000000777200000, 0x0000000777300000, 0x0000000777300000|100%| E|CS|TAMS 0x0000000777200000, 0x0000000777200000| Complete 
|1907|0x0000000777300000, 0x0000000777400000, 0x0000000777400000|100%| E|CS|TAMS 0x0000000777300000, 0x0000000777300000| Complete 
|1908|0x0000000777400000, 0x0000000777500000, 0x0000000777500000|100%| E|CS|TAMS 0x0000000777400000, 0x0000000777400000| Complete 
|1909|0x0000000777500000, 0x0000000777600000, 0x0000000777600000|100%| E|CS|TAMS 0x0000000777500000, 0x0000000777500000| Complete 
|1910|0x0000000777600000, 0x0000000777700000, 0x0000000777700000|100%| E|CS|TAMS 0x0000000777600000, 0x0000000777600000| Complete 
|1911|0x0000000777700000, 0x0000000777800000, 0x0000000777800000|100%| E|CS|TAMS 0x0000000777700000, 0x0000000777700000| Complete 
|1912|0x0000000777800000, 0x0000000777900000, 0x0000000777900000|100%| E|CS|TAMS 0x0000000777800000, 0x0000000777800000| Complete 
|1913|0x0000000777900000, 0x0000000777a00000, 0x0000000777a00000|100%| E|CS|TAMS 0x0000000777900000, 0x0000000777900000| Complete 
|1914|0x0000000777a00000, 0x0000000777b00000, 0x0000000777b00000|100%| E|CS|TAMS 0x0000000777a00000, 0x0000000777a00000| Complete 
|1915|0x0000000777b00000, 0x0000000777c00000, 0x0000000777c00000|100%| E|CS|TAMS 0x0000000777b00000, 0x0000000777b00000| Complete 
|1916|0x0000000777c00000, 0x0000000777d00000, 0x0000000777d00000|100%| E|CS|TAMS 0x0000000777c00000, 0x0000000777c00000| Complete 
|1917|0x0000000777d00000, 0x0000000777e00000, 0x0000000777e00000|100%| E|CS|TAMS 0x0000000777d00000, 0x0000000777d00000| Complete 
|1918|0x0000000777e00000, 0x0000000777f00000, 0x0000000777f00000|100%| E|CS|TAMS 0x0000000777e00000, 0x0000000777e00000| Complete 
|1919|0x0000000777f00000, 0x0000000778000000, 0x0000000778000000|100%| E|CS|TAMS 0x0000000777f00000, 0x0000000777f00000| Complete 
|1920|0x0000000778000000, 0x0000000778100000, 0x0000000778100000|100%| E|CS|TAMS 0x0000000778000000, 0x0000000778000000| Complete 
|1921|0x0000000778100000, 0x0000000778200000, 0x0000000778200000|100%| E|CS|TAMS 0x0000000778100000, 0x0000000778100000| Complete 
|1922|0x0000000778200000, 0x0000000778300000, 0x0000000778300000|100%| E|CS|TAMS 0x0000000778200000, 0x0000000778200000| Complete 
|1923|0x0000000778300000, 0x0000000778400000, 0x0000000778400000|100%| E|CS|TAMS 0x0000000778300000, 0x0000000778300000| Complete 
|1924|0x0000000778400000, 0x0000000778500000, 0x0000000778500000|100%| E|CS|TAMS 0x0000000778400000, 0x0000000778400000| Complete 
|1925|0x0000000778500000, 0x0000000778600000, 0x0000000778600000|100%| E|CS|TAMS 0x0000000778500000, 0x0000000778500000| Complete 
|1926|0x0000000778600000, 0x0000000778700000, 0x0000000778700000|100%| E|CS|TAMS 0x0000000778600000, 0x0000000778600000| Complete 
|1927|0x0000000778700000, 0x0000000778800000, 0x0000000778800000|100%| E|CS|TAMS 0x0000000778700000, 0x0000000778700000| Complete 
|1928|0x0000000778800000, 0x0000000778900000, 0x0000000778900000|100%| E|CS|TAMS 0x0000000778800000, 0x0000000778800000| Complete 
|1929|0x0000000778900000, 0x0000000778a00000, 0x0000000778a00000|100%| E|CS|TAMS 0x0000000778900000, 0x0000000778900000| Complete 
|1930|0x0000000778a00000, 0x0000000778b00000, 0x0000000778b00000|100%| E|CS|TAMS 0x0000000778a00000, 0x0000000778a00000| Complete 
|1931|0x0000000778b00000, 0x0000000778c00000, 0x0000000778c00000|100%| E|CS|TAMS 0x0000000778b00000, 0x0000000778b00000| Complete 
|1932|0x0000000778c00000, 0x0000000778d00000, 0x0000000778d00000|100%| E|CS|TAMS 0x0000000778c00000, 0x0000000778c00000| Complete 
|1933|0x0000000778d00000, 0x0000000778e00000, 0x0000000778e00000|100%| E|CS|TAMS 0x0000000778d00000, 0x0000000778d00000| Complete 
|1934|0x0000000778e00000, 0x0000000778f00000, 0x0000000778f00000|100%| E|CS|TAMS 0x0000000778e00000, 0x0000000778e00000| Complete 
|1935|0x0000000778f00000, 0x0000000779000000, 0x0000000779000000|100%| E|CS|TAMS 0x0000000778f00000, 0x0000000778f00000| Complete 
|1936|0x0000000779000000, 0x0000000779100000, 0x0000000779100000|100%| E|CS|TAMS 0x0000000779000000, 0x0000000779000000| Complete 
|1937|0x0000000779100000, 0x0000000779200000, 0x0000000779200000|100%| E|CS|TAMS 0x0000000779100000, 0x0000000779100000| Complete 
|1938|0x0000000779200000, 0x0000000779300000, 0x0000000779300000|100%| E|CS|TAMS 0x0000000779200000, 0x0000000779200000| Complete 
|1939|0x0000000779300000, 0x0000000779400000, 0x0000000779400000|100%| E|CS|TAMS 0x0000000779300000, 0x0000000779300000| Complete 
|1940|0x0000000779400000, 0x0000000779500000, 0x0000000779500000|100%| E|CS|TAMS 0x0000000779400000, 0x0000000779400000| Complete 
|1941|0x0000000779500000, 0x0000000779600000, 0x0000000779600000|100%| E|CS|TAMS 0x0000000779500000, 0x0000000779500000| Complete 
|1942|0x0000000779600000, 0x0000000779700000, 0x0000000779700000|100%| E|CS|TAMS 0x0000000779600000, 0x0000000779600000| Complete 
|1943|0x0000000779700000, 0x0000000779800000, 0x0000000779800000|100%| E|CS|TAMS 0x0000000779700000, 0x0000000779700000| Complete 
|1944|0x0000000779800000, 0x0000000779900000, 0x0000000779900000|100%| E|CS|TAMS 0x0000000779800000, 0x0000000779800000| Complete 
|1945|0x0000000779900000, 0x0000000779a00000, 0x0000000779a00000|100%| E|CS|TAMS 0x0000000779900000, 0x0000000779900000| Complete 
|1946|0x0000000779a00000, 0x0000000779b00000, 0x0000000779b00000|100%| E|CS|TAMS 0x0000000779a00000, 0x0000000779a00000| Complete 
|1947|0x0000000779b00000, 0x0000000779c00000, 0x0000000779c00000|100%| E|CS|TAMS 0x0000000779b00000, 0x0000000779b00000| Complete 
|1948|0x0000000779c00000, 0x0000000779d00000, 0x0000000779d00000|100%| E|CS|TAMS 0x0000000779c00000, 0x0000000779c00000| Complete 
|1949|0x0000000779d00000, 0x0000000779e00000, 0x0000000779e00000|100%| E|CS|TAMS 0x0000000779d00000, 0x0000000779d00000| Complete 
|1950|0x0000000779e00000, 0x0000000779f00000, 0x0000000779f00000|100%| E|CS|TAMS 0x0000000779e00000, 0x0000000779e00000| Complete 
|1951|0x0000000779f00000, 0x000000077a000000, 0x000000077a000000|100%| E|CS|TAMS 0x0000000779f00000, 0x0000000779f00000| Complete 
|1952|0x000000077a000000, 0x000000077a100000, 0x000000077a100000|100%| E|CS|TAMS 0x000000077a000000, 0x000000077a000000| Complete 
|1953|0x000000077a100000, 0x000000077a200000, 0x000000077a200000|100%| E|CS|TAMS 0x000000077a100000, 0x000000077a100000| Complete 
|1954|0x000000077a200000, 0x000000077a300000, 0x000000077a300000|100%| E|CS|TAMS 0x000000077a200000, 0x000000077a200000| Complete 
|1955|0x000000077a300000, 0x000000077a400000, 0x000000077a400000|100%| E|CS|TAMS 0x000000077a300000, 0x000000077a300000| Complete 
|1956|0x000000077a400000, 0x000000077a500000, 0x000000077a500000|100%| E|CS|TAMS 0x000000077a400000, 0x000000077a400000| Complete 
|1957|0x000000077a500000, 0x000000077a600000, 0x000000077a600000|100%| E|CS|TAMS 0x000000077a500000, 0x000000077a500000| Complete 
|1958|0x000000077a600000, 0x000000077a700000, 0x000000077a700000|100%| E|CS|TAMS 0x000000077a600000, 0x000000077a600000| Complete 
|1959|0x000000077a700000, 0x000000077a800000, 0x000000077a800000|100%| E|CS|TAMS 0x000000077a700000, 0x000000077a700000| Complete 
|1960|0x000000077a800000, 0x000000077a900000, 0x000000077a900000|100%| E|CS|TAMS 0x000000077a800000, 0x000000077a800000| Complete 
|1961|0x000000077a900000, 0x000000077aa00000, 0x000000077aa00000|100%| E|CS|TAMS 0x000000077a900000, 0x000000077a900000| Complete 
|1962|0x000000077aa00000, 0x000000077ab00000, 0x000000077ab00000|100%| E|CS|TAMS 0x000000077aa00000, 0x000000077aa00000| Complete 
|1963|0x000000077ab00000, 0x000000077ac00000, 0x000000077ac00000|100%| E|CS|TAMS 0x000000077ab00000, 0x000000077ab00000| Complete 
|1964|0x000000077ac00000, 0x000000077ad00000, 0x000000077ad00000|100%| E|CS|TAMS 0x000000077ac00000, 0x000000077ac00000| Complete 
|1965|0x000000077ad00000, 0x000000077ae00000, 0x000000077ae00000|100%| E|CS|TAMS 0x000000077ad00000, 0x000000077ad00000| Complete 
|1966|0x000000077ae00000, 0x000000077af00000, 0x000000077af00000|100%| E|CS|TAMS 0x000000077ae00000, 0x000000077ae00000| Complete 
|1967|0x000000077af00000, 0x000000077b000000, 0x000000077b000000|100%| E|CS|TAMS 0x000000077af00000, 0x000000077af00000| Complete 
|1968|0x000000077b000000, 0x000000077b100000, 0x000000077b100000|100%| E|CS|TAMS 0x000000077b000000, 0x000000077b000000| Complete 
|1969|0x000000077b100000, 0x000000077b200000, 0x000000077b200000|100%| E|CS|TAMS 0x000000077b100000, 0x000000077b100000| Complete 
|1970|0x000000077b200000, 0x000000077b300000, 0x000000077b300000|100%| E|CS|TAMS 0x000000077b200000, 0x000000077b200000| Complete 
|1971|0x000000077b300000, 0x000000077b400000, 0x000000077b400000|100%| E|CS|TAMS 0x000000077b300000, 0x000000077b300000| Complete 
|1972|0x000000077b400000, 0x000000077b500000, 0x000000077b500000|100%| E|CS|TAMS 0x000000077b400000, 0x000000077b400000| Complete 
|1973|0x000000077b500000, 0x000000077b600000, 0x000000077b600000|100%| E|CS|TAMS 0x000000077b500000, 0x000000077b500000| Complete 
|1974|0x000000077b600000, 0x000000077b700000, 0x000000077b700000|100%| E|CS|TAMS 0x000000077b600000, 0x000000077b600000| Complete 
|1975|0x000000077b700000, 0x000000077b800000, 0x000000077b800000|100%| E|CS|TAMS 0x000000077b700000, 0x000000077b700000| Complete 
|1976|0x000000077b800000, 0x000000077b900000, 0x000000077b900000|100%| E|CS|TAMS 0x000000077b800000, 0x000000077b800000| Complete 
|1977|0x000000077b900000, 0x000000077ba00000, 0x000000077ba00000|100%| E|CS|TAMS 0x000000077b900000, 0x000000077b900000| Complete 
|1978|0x000000077ba00000, 0x000000077bb00000, 0x000000077bb00000|100%| E|CS|TAMS 0x000000077ba00000, 0x000000077ba00000| Complete 
|1979|0x000000077bb00000, 0x000000077bc00000, 0x000000077bc00000|100%| E|CS|TAMS 0x000000077bb00000, 0x000000077bb00000| Complete 
|1980|0x000000077bc00000, 0x000000077bd00000, 0x000000077bd00000|100%| E|CS|TAMS 0x000000077bc00000, 0x000000077bc00000| Complete 
|1981|0x000000077bd00000, 0x000000077be00000, 0x000000077be00000|100%| E|CS|TAMS 0x000000077bd00000, 0x000000077bd00000| Complete 
|4088|0x00000007ff800000, 0x00000007ff848000, 0x00000007ff900000| 28%|OA|  |TAMS 0x00000007ff848000, 0x00000007ff800000| Untracked 
|4092|0x00000007ffc00000, 0x00000007ffc6c000, 0x00000007ffd00000| 42%|CA|  |TAMS 0x00000007ffc6c000, 0x00000007ffc00000| Untracked 

Card table byte_map: [0x00007fffe2000000,0x00007fffe2800000] _byte_map_base: 0x00007fffde800000

Marking Bits (Prev, Next): (CMBitMap*) 0x00007ffff50cd718, (CMBitMap*) 0x00007ffff50cd750
 Prev Bits: [0x00007fffdd800000, 0x00007fffe1800000)
 Next Bits: [0x00007fffd9800000, 0x00007fffdd800000)

Polling page: 0x00007ffff7bcb000

Metaspace:

Usage:
  Non-class:     99.60 MB capacity,    96.48 MB ( 97%) used,     2.35 MB (  2%) free+waste,   788.62 KB ( <1%) overhead. 
      Class:     19.99 MB capacity,    16.70 MB ( 84%) used,     2.86 MB ( 14%) free+waste,   442.38 KB (  2%) overhead. 
       Both:    119.59 MB capacity,   113.18 MB ( 95%) used,     5.21 MB (  4%) free+waste,     1.20 MB (  1%) overhead. 

Virtual space:
  Non-class space:      100.00 MB reserved,      99.77 MB (>99%) committed 
      Class space:        1.00 GB reserved,      20.07 MB (  2%) committed 
             Both:        1.10 GB reserved,     119.84 MB ( 11%) committed 

Chunk freelists:
   Non-Class:  0 bytes
       Class:  0 bytes
        Both:  0 bytes

MaxMetaspaceSize: 1.27 GB
CompressedClassSpaceSize: 1.00 GB
Initial GC threshold: 20.80 MB
Current GC threshold: 165.60 MB
CDS: on

CodeCache: size=131072Kb used=32942Kb max_used=32992Kb free=98129Kb
 bounds [0x00007fffe47c6000, 0x00007fffe6816000, 0x00007fffec7c6000]
 total_blobs=11805 nmethods=10874 adapters=838
 compilation: enabled
              stopped_count=0, restarted_count=0
 full_count=0

Compilation events (20 events):
Event: 6.777 Thread 0x00007fffd0e75000 nmethod 10871 0x00007fffe67b8f90 code [0x00007fffe67b9140, 0x00007fffe67b9210]
Event: 6.777 Thread 0x00007fffd0e73000 nmethod 10872 0x00007fffe67c1410 code [0x00007fffe67c15c0, 0x00007fffe67c16f0]
Event: 6.781 Thread 0x00007fffd0e74000 10878       1       scala.reflect.ClassTag$::Object (5 bytes)
Event: 6.781 Thread 0x00007fffd0e74000 nmethod 10878 0x00007fffe67c0210 code [0x00007fffe67c03c0, 0x00007fffe67c0490]
Event: 6.782 Thread 0x00007ffff50a6800 10879       3       org.apache.spark.storage.StorageLevel::useDisk (5 bytes)
Event: 6.782 Thread 0x00007ffff50a6800 nmethod 10879 0x00007fffe67be690 code [0x00007fffe67be840, 0x00007fffe67be970]
Event: 6.782 Thread 0x00007fffcce8b000 nmethod 10867 0x00007fffe67c3510 code [0x00007fffe67c36c0, 0x00007fffe67c3d18]
Event: 6.782 Thread 0x00007fffcce8b000 10877       4       java.lang.invoke.InfoFromMemberName::getMethodType (8 bytes)
Event: 6.783 Thread 0x00007fffd0e73000 10880       3       scala.collection.immutable.StringOps::nonEmpty (5 bytes)
Event: 6.783 Thread 0x00007fffd0e75000 10881       3       scala.collection.immutable.StringOps::isEmpty (5 bytes)
Event: 6.783 Thread 0x00007fffd0e73000 nmethod 10880 0x00007fffe67bf890 code [0x00007fffe67bfaa0, 0x00007fffe67bffc0]
Event: 6.783 Thread 0x00007fffd0e75000 nmethod 10881 0x00007fffe67bf090 code [0x00007fffe67bf280, 0x00007fffe67bf690]
Event: 6.783 Thread 0x00007fffd0e74000 10882       1       org.apache.spark.rdd.RDD::storageLevel (5 bytes)
Event: 6.783 Thread 0x00007ffff50a6800 10883       3       org.apache.spark.storage.StorageLevel::deserialized (5 bytes)
Event: 6.783 Thread 0x00007fffd0e73000 10884       3       org.apache.spark.storage.StorageLevel::useOffHeap (5 bytes)
Event: 6.783 Thread 0x00007fffd0e74000 nmethod 10882 0x00007fffe67beb90 code [0x00007fffe67bed40, 0x00007fffe67bee10]
Event: 6.783 Thread 0x00007fffd0e73000 nmethod 10884 0x00007fffe67c3190 code [0x00007fffe67c3340, 0x00007fffe67c3470]
Event: 6.783 Thread 0x00007ffff50a6800 nmethod 10883 0x00007fffe67c2e10 code [0x00007fffe67c2fc0, 0x00007fffe67c30f0]
Event: 6.784 Thread 0x00007fffd0e75000 10885       1       org.pacman.cpp.CppTypes_Pure$::flat (5 bytes)
Event: 6.784 Thread 0x00007fffd0e75000 nmethod 10885 0x00007fffe67c2b10 code [0x00007fffe67c2cc0, 0x00007fffe67c2d90]

GC Heap History (14 events):
Event: 1.108 GC heap before
{Heap before GC invocations=0 (full 0):
 garbage-first heap   total 2031616K, used 125648K [0x0000000700000000, 0x0000000800000000)
  region size 1024K, 99 young (101376K), 0 survivors (0K)
 Metaspace       used 16725K, capacity 17634K, committed 17920K, reserved 1064960K
  class space    used 2244K, capacity 2449K, committed 2560K, reserved 1048576K
}
Event: 1.118 GC heap after
{Heap after GC invocations=1 (full 0):
 garbage-first heap   total 2031616K, used 41193K [0x0000000700000000, 0x0000000800000000)
  region size 1024K, 13 young (13312K), 13 survivors (13312K)
 Metaspace       used 16725K, capacity 17634K, committed 17920K, reserved 1064960K
  class space    used 2244K, capacity 2449K, committed 2560K, reserved 1048576K
}
Event: 1.317 GC heap before
{Heap before GC invocations=1 (full 0):
 garbage-first heap   total 2031616K, used 60649K [0x0000000700000000, 0x0000000800000000)
  region size 1024K, 33 young (33792K), 13 survivors (13312K)
 Metaspace       used 20718K, capacity 21209K, committed 21296K, reserved 1067008K
  class space    used 2698K, capacity 2941K, committed 2944K, reserved 1048576K
}
Event: 1.323 GC heap after
{Heap after GC invocations=2 (full 0):
 garbage-first heap   total 2031616K, used 42365K [0x0000000700000000, 0x0000000800000000)
  region size 1024K, 2 young (2048K), 2 survivors (2048K)
 Metaspace       used 20718K, capacity 21209K, committed 21296K, reserved 1067008K
  class space    used 2698K, capacity 2941K, committed 2944K, reserved 1048576K
}
Event: 1.977 GC heap before
{Heap before GC invocations=3 (full 0):
 garbage-first heap   total 2031616K, used 135549K [0x0000000700000000, 0x0000000800000000)
  region size 1024K, 94 young (96256K), 2 survivors (2048K)
 Metaspace       used 34725K, capacity 35973K, committed 36048K, reserved 1079296K
  class space    used 4796K, capacity 5448K, committed 5452K, reserved 1048576K
}
Event: 1.983 GC heap after
{Heap after GC invocations=4 (full 0):
 garbage-first heap   total 2031616K, used 45780K [0x0000000700000000, 0x0000000800000000)
  region size 1024K, 5 young (5120K), 5 survivors (5120K)
 Metaspace       used 34725K, capacity 35973K, committed 36048K, reserved 1079296K
  class space    used 4796K, capacity 5448K, committed 5452K, reserved 1048576K
}
Event: 2.621 GC heap before
{Heap before GC invocations=5 (full 0):
 garbage-first heap   total 2031616K, used 141012K [0x0000000700000000, 0x0000000800000000)
  region size 1024K, 99 young (101376K), 5 survivors (5120K)
 Metaspace       used 52151K, capacity 53971K, committed 54428K, reserved 1095680K
  class space    used 7220K, capacity 8232K, committed 8268K, reserved 1048576K
}
Event: 2.625 GC heap after
{Heap after GC invocations=6 (full 0):
 garbage-first heap   total 2031616K, used 47949K [0x0000000700000000, 0x0000000800000000)
  region size 1024K, 7 young (7168K), 7 survivors (7168K)
 Metaspace       used 52151K, capacity 53971K, committed 54428K, reserved 1095680K
  class space    used 7220K, capacity 8232K, committed 8268K, reserved 1048576K
}
Event: 2.985 GC heap before
{Heap before GC invocations=6 (full 0):
 garbage-first heap   total 2031616K, used 87885K [0x0000000700000000, 0x0000000800000000)
  region size 1024K, 47 young (48128K), 7 survivors (7168K)
 Metaspace       used 58383K, capacity 60439K, committed 60636K, reserved 1101824K
  class space    used 8215K, capacity 9338K, committed 9420K, reserved 1048576K
}
Event: 2.990 GC heap after
{Heap after GC invocations=7 (full 0):
 garbage-first heap   total 2031616K, used 50211K [0x0000000700000000, 0x0000000800000000)
  region size 1024K, 10 young (10240K), 10 survivors (10240K)
 Metaspace       used 58383K, capacity 60439K, committed 60636K, reserved 1101824K
  class space    used 8215K, capacity 9338K, committed 9420K, reserved 1048576K
}
Event: 4.088 GC heap before
{Heap before GC invocations=8 (full 0):
 garbage-first heap   total 2031616K, used 173091K [0x0000000700000000, 0x0000000800000000)
  region size 1024K, 130 young (133120K), 10 survivors (10240K)
 Metaspace       used 82301K, capacity 85101K, committed 85340K, reserved 1122304K
  class space    used 11573K, capacity 13067K, committed 13132K, reserved 1048576K
}
Event: 4.098 GC heap after
{Heap after GC invocations=9 (full 0):
 garbage-first heap   total 2031616K, used 57197K [0x0000000700000000, 0x0000000800000000)
  region size 1024K, 16 young (16384K), 16 survivors (16384K)
 Metaspace       used 82301K, capacity 85101K, committed 85340K, reserved 1122304K
  class space    used 11573K, capacity 13067K, committed 13132K, reserved 1048576K
}
Event: 5.276 GC heap before
{Heap before GC invocations=9 (full 0):
 garbage-first heap   total 2031616K, used 149357K [0x0000000700000000, 0x0000000800000000)
  region size 1024K, 107 young (109568K), 16 survivors (16384K)
 Metaspace       used 97660K, capacity 101279K, committed 101488K, reserved 1136640K
  class space    used 13576K, capacity 15506K, committed 15564K, reserved 1048576K
}
Event: 5.290 GC heap after
{Heap after GC invocations=10 (full 0):
 garbage-first heap   total 2031616K, used 61688K [0x0000000700000000, 0x0000000800000000)
  region size 1024K, 21 young (21504K), 21 survivors (21504K)
 Metaspace       used 97660K, capacity 101279K, committed 101488K, reserved 1136640K
  class space    used 13576K, capacity 15506K, committed 15564K, reserved 1048576K
}

Deoptimization events (20 events):
Event: 6.737 Thread 0x00007fffc177b000 DEOPT PACKING pc=0x00007fffe5e9373c sp=0x00007fffbd5fc9e0
Event: 6.737 Thread 0x00007fffc177b000 DEOPT UNPACKING pc=0x00007fffe47ce2a5 sp=0x00007fffbd5fc9b8 mode 2
Event: 6.739 Thread 0x00007fffbcc65000 Uncommon trap: trap_request=0xffffffc6 fr.pc=0x00007fffe5b060e0 relative=0x0000000000000700
Event: 6.739 Thread 0x00007fffbcc65000 Uncommon trap: reason=bimorphic_or_optimized_type_check action=maybe_recompile pc=0x00007fffe5b060e0 method=java.util.Collections$SynchronizedMap.get(Ljava/lang/Object;)Ljava/lang/Object; @ 12 c2
Event: 6.739 Thread 0x00007fffbcc65000 DEOPT PACKING pc=0x00007fffe5b060e0 sp=0x00007fffa0d4e4c0
Event: 6.739 Thread 0x00007fffbcc65000 DEOPT UNPACKING pc=0x00007fffe47ce2a5 sp=0x00007fffa0d4e478 mode 2
Event: 6.739 Thread 0x00007fffbcc65000 Uncommon trap: trap_request=0xffffffde fr.pc=0x00007fffe5e18e74 relative=0x00000000000001b4
Event: 6.740 Thread 0x00007fffbcc65000 Uncommon trap: reason=class_check action=maybe_recompile pc=0x00007fffe5e18e74 method=java.util.Collections$SynchronizedMap.put(Ljava/lang/Object;Ljava/lang/Object;)Ljava/lang/Object; @ 13 c2
Event: 6.740 Thread 0x00007fffbcc65000 DEOPT PACKING pc=0x00007fffe5e18e74 sp=0x00007fffa0d4e340
Event: 6.740 Thread 0x00007fffbcc65000 DEOPT UNPACKING pc=0x00007fffe47ce2a5 sp=0x00007fffa0d4e300 mode 2
Event: 6.773 Thread 0x00007fffbcc65000 DEOPT PACKING pc=0x00007fffe64a65bd sp=0x00007fffa0d40d70
Event: 6.773 Thread 0x00007fffbcc65000 DEOPT UNPACKING pc=0x00007fffe480f9fa sp=0x00007fffa0d40260 mode 0
Event: 6.782 Thread 0x00007fffbcc65000 Uncommon trap: trap_request=0xffffffde fr.pc=0x00007fffe5e18e74 relative=0x00000000000001b4
Event: 6.782 Thread 0x00007fffbcc64000 Uncommon trap: trap_request=0xffffffde fr.pc=0x00007fffe5e18e74 relative=0x00000000000001b4
Event: 6.783 Thread 0x00007fffbcc64000 Uncommon trap: reason=class_check action=maybe_recompile pc=0x00007fffe5e18e74 method=java.util.Collections$SynchronizedMap.put(Ljava/lang/Object;Ljava/lang/Object;)Ljava/lang/Object; @ 13 c2
Event: 6.783 Thread 0x00007fffbcc65000 Uncommon trap: reason=class_check action=maybe_recompile pc=0x00007fffe5e18e74 method=java.util.Collections$SynchronizedMap.put(Ljava/lang/Object;Ljava/lang/Object;)Ljava/lang/Object; @ 13 c2
Event: 6.783 Thread 0x00007fffbcc64000 DEOPT PACKING pc=0x00007fffe5e18e74 sp=0x00007fffa114f1c0
Event: 6.783 Thread 0x00007fffbcc65000 DEOPT PACKING pc=0x00007fffe5e18e74 sp=0x00007fffa0d4e1c0
Event: 6.783 Thread 0x00007fffbcc64000 DEOPT UNPACKING pc=0x00007fffe47ce2a5 sp=0x00007fffa114f180 mode 2
Event: 6.783 Thread 0x00007fffbcc65000 DEOPT UNPACKING pc=0x00007fffe47ce2a5 sp=0x00007fffa0d4e180 mode 2

Classes redefined (0 events):
No events

Internal exceptions (20 events):
Event: 6.720 Thread 0x00007fffbec3f800 Exception <a 'java/lang/NoSuchMethodError'{0x0000000770685548}: <clinit>> (0x0000000770685548) thrown at [src/hotspot/share/prims/jni.cpp, line 1372]
Event: 6.728 Thread 0x00007fffbec3f800 Exception <a 'java/lang/NoSuchMethodError'{0x00000007706f56c0}: <clinit>> (0x00000007706f56c0) thrown at [src/hotspot/share/prims/jni.cpp, line 1372]
Event: 6.736 Thread 0x00007fffc177b000 Exception <a 'java/lang/NoSuchMethodError'{0x00000007741ebd08}: <clinit>> (0x00000007741ebd08) thrown at [src/hotspot/share/prims/jni.cpp, line 1372]
Event: 6.744 Thread 0x00007fffbcc65000 Exception <a 'java/lang/NoSuchMethodError'{0x000000077055e988}: 'java.lang.Object java.lang.invoke.DelegatingMethodHandle$Holder.reinvoke_L(java.lang.Object, java.lang.Object, java.lang.Object, java.lang.Object, java.lang.Object, int)'> (0x000000077055e988) thrown at [src/hotspot/share/interpreter/linkResolver.cpp, line 772]
Event: 6.744 Thread 0x00007fffbcc64000 Exception <a 'java/lang/NoSuchMethodError'{0x00000007727bbb08}: 'java.lang.Object java.lang.invoke.DelegatingMethodHandle$Holder.reinvoke_L(java.lang.Object, java.lang.Object, java.lang.Object, java.lang.Object, java.lang.Object, int)'> (0x00000007727bbb08) thrown at [src/hotspot/share/interpreter/linkResolver.cpp, line 772]
Event: 6.762 Thread 0x00007fffbcc64000 Exception <a 'java/lang/NoSuchMethodError'{0x000000077016e038}: 'java.lang.Object java.lang.invoke.DirectMethodHandle$Holder.invokeStatic(java.lang.Object, int, int, java.lang.Object, java.lang.Object)'> (0x000000077016e038) thrown at [src/hotspot/share/interpreter/linkResolver.cpp, line 772]
Event: 6.763 Thread 0x00007fffbcc65000 Exception <a 'java/lang/NoSuchMethodError'{0x00000007701e3d08}: 'java.lang.Object java.lang.invoke.DelegatingMethodHandle$Holder.delegate(java.lang.Object, java.lang.Object, java.lang.Object, java.lang.Object, java.lang.Object, java.lang.Object, java.lang.Object, java.lang.Object, java.lang.Object, java.lang.Object, java.lang.Object, java.lang.Object, java.lang.Object, java.lang.Object, java.lang.Object, java.lang.Object, java.lang.Object, java.lang.Object, java.lang.Object, java.lang.Object, java.lang.Obj
Event: 6.763 Thread 0x00007fffbcc64000 Exception <a 'java/lang/NoSuchMethodError'{0x00000007700097a8}: 'java.lang.Object java.lang.invoke.DelegatingMethodHandle$Holder.delegate(java.lang.Object, java.lang.Object, java.lang.Object, java.lang.Object, java.lang.Object, java.lang.Object, java.lang.Object, java.lang.Object, java.lang.Object, java.lang.Object, java.lang.Object, java.lang.Object, java.lang.Object, java.lang.Object, java.lang.Object, java.lang.Object, java.lang.Object, java.lang.Object, java.lang.Object, java.lang.Object, java.lang.Obj
Event: 6.766 Thread 0x00007fffbcc65000 Exception <a 'java/lang/NoSuchMethodError'{0x00000007700de170}: 'java.lang.Object java.lang.invoke.DelegatingMethodHandle$Holder.reinvoke_L(java.lang.Object, java.lang.Object, java.lang.Object, java.lang.Object, java.lang.Object, java.lang.Object, java.lang.Object, java.lang.Object, java.lang.Object, java.lang.Object, java.lang.Object, java.lang.Object, java.lang.Object, java.lang.Object, java.lang.Object, java.lang.Object, java.lang.Object, java.lang.Object, java.lang.Object, java.lang.Object, java.lang.O
Event: 6.766 Thread 0x00007fffbcc64000 Exception <a 'java/lang/NoSuchMethodError'{0x000000077007bea0}: 'java.lang.Object java.lang.invoke.DelegatingMethodHandle$Holder.reinvoke_L(java.lang.Object, java.lang.Object, java.lang.Object, java.lang.Object, java.lang.Object, java.lang.Object, java.lang.Object, java.lang.Object, java.lang.Object, java.lang.Object, java.lang.Object, java.lang.Object, java.lang.Object, java.lang.Object, java.lang.Object, java.lang.Object, java.lang.Object, java.lang.Object, java.lang.Object, java.lang.Object, java.lang.O
Event: 6.769 Thread 0x00007fffbcc65000 Exception <a 'java/lang/NoSuchMethodError'{0x000000076feac5f0}: 'java.lang.Object java.lang.invoke.Invokers$Holder.invoker(java.lang.Object, java.lang.Object, java.lang.Object, java.lang.Object, java.lang.Object, java.lang.Object, java.lang.Object, java.lang.Object, java.lang.Object, java.lang.Object, java.lang.Object, java.lang.Object, java.lang.Object, java.lang.Object, java.lang.Object, java.lang.Object, java.lang.Object, java.lang.Object, java.lang.Object, java.lang.Object, java.lang.Object, java.lang.
Event: 6.769 Thread 0x00007fffbcc64000 Exception <a 'java/lang/NoSuchMethodError'{0x000000076fe35108}: 'java.lang.Object java.lang.invoke.Invokers$Holder.invoker(java.lang.Object, java.lang.Object, java.lang.Object, java.lang.Object, java.lang.Object, java.lang.Object, java.lang.Object, java.lang.Object, java.lang.Object, java.lang.Object, java.lang.Object, java.lang.Object, java.lang.Object, java.lang.Object, java.lang.Object, java.lang.Object, java.lang.Object, java.lang.Object, java.lang.Object, java.lang.Object, java.lang.Object, java.lang.
Event: 6.769 Thread 0x00007fffbcc64000 Exception <a 'java/lang/NoSuchMethodError'{0x000000076fe3e820}: 'java.lang.Object java.lang.invoke.DirectMethodHandle$Holder.invokeSpecial(java.lang.Object, java.lang.Object, java.lang.Object, java.lang.Object, java.lang.Object, java.lang.Object, java.lang.Object, java.lang.Object, java.lang.Object, java.lang.Object, java.lang.Object, java.lang.Object, java.lang.Object, java.lang.Object, java.lang.Object, java.lang.Object, java.lang.Object, java.lang.Object, java.lang.Object, java.lang.Object, java.lang.Ob
Event: 6.769 Thread 0x00007fffbcc65000 Exception <a 'java/lang/NoSuchMethodError'{0x000000076feb5ea8}: 'java.lang.Object java.lang.invoke.DirectMethodHandle$Holder.invokeSpecial(java.lang.Object, java.lang.Object, java.lang.Object, java.lang.Object, java.lang.Object, java.lang.Object, java.lang.Object, java.lang.Object, java.lang.Object, java.lang.Object, java.lang.Object, java.lang.Object, java.lang.Object, java.lang.Object, java.lang.Object, java.lang.Object, java.lang.Object, java.lang.Object, java.lang.Object, java.lang.Object, java.lang.Ob
Event: 6.770 Thread 0x00007fffbcc65000 Exception <a 'java/lang/NoSuchMethodError'{0x000000076febeb50}: 'java.lang.Object java.lang.invoke.DelegatingMethodHandle$Holder.delegate(java.lang.Object, java.lang.Object, java.lang.Object, java.lang.Object, java.lang.Object, java.lang.Object, java.lang.Object, java.lang.Object, java.lang.Object, java.lang.Object, java.lang.Object, java.lang.Object, java.lang.Object, java.lang.Object, java.lang.Object, java.lang.Object, java.lang.Object, java.lang.Object, java.lang.Object, java.lang.Object, java.lang.Obj
Event: 6.770 Thread 0x00007fffbcc64000 Exception <a 'java/lang/NoSuchMethodError'{0x000000076fe47450}: 'java.lang.Object java.lang.invoke.DelegatingMethodHandle$Holder.delegate(java.lang.Object, java.lang.Object, java.lang.Object, java.lang.Object, java.lang.Object, java.lang.Object, java.lang.Object, java.lang.Object, java.lang.Object, java.lang.Object, java.lang.Object, java.lang.Object, java.lang.Object, java.lang.Object, java.lang.Object, java.lang.Object, java.lang.Object, java.lang.Object, java.lang.Object, java.lang.Object, java.lang.Obj
Event: 6.777 Thread 0x00007fffbcc65000 Exception <a 'java/lang/NoSuchMethodError'{0x000000076fda4030}: 'java.lang.Object java.lang.invoke.DirectMethodHandle$Holder.invokeStatic(java.lang.Object, int, int, java.lang.Object, java.lang.Object, java.lang.Object)'> (0x000000076fda4030) thrown at [src/hotspot/share/interpreter/linkResolver.cpp, line 772]
Event: 6.777 Thread 0x00007fffbcc64000 Exception <a 'java/lang/NoSuchMethodError'{0x000000076fd1fb80}: 'java.lang.Object java.lang.invoke.DirectMethodHandle$Holder.invokeStatic(java.lang.Object, int, int, java.lang.Object, java.lang.Object, java.lang.Object)'> (0x000000076fd1fb80) thrown at [src/hotspot/share/interpreter/linkResolver.cpp, line 772]
Event: 6.785 Thread 0x00007fffbcc65000 Exception <a 'java/lang/NoSuchMethodError'{0x000000076fc51410}: 'java.lang.Object java.lang.invoke.Invokers$Holder.linkToTargetMethod(java.lang.Object, java.lang.Object, int, int, int, java.lang.Object, java.lang.Object)'> (0x000000076fc51410) thrown at [src/hotspot/share/interpreter/linkResolver.cpp, line 772]
Event: 6.785 Thread 0x00007fffbcc64000 Exception <a 'java/lang/NoSuchMethodError'{0x000000076fccde70}: 'java.lang.Object java.lang.invoke.Invokers$Holder.linkToTargetMethod(java.lang.Object, java.lang.Object, int, int, int, java.lang.Object, java.lang.Object)'> (0x000000076fccde70) thrown at [src/hotspot/share/interpreter/linkResolver.cpp, line 772]

Events (20 events):
Event: 6.783 loading class scala/collection/Iterator
Event: 6.783 loading class scala/collection/Iterator done
Event: 6.783 loading class org/apache/spark/sql/execution/SQLExecutionRDD
Event: 6.783 loading class org/apache/spark/sql/execution/SQLExecutionRDD done
Event: 6.783 loading class org/apache/spark/sql/execution/SQLExecutionRDD
Event: 6.783 loading class org/apache/spark/sql/execution/SQLExecutionRDD done
Event: 6.784 loading class org/pacman/backend/spark/SparkDataflowExecutorContext
Event: 6.784 loading class org/pacman/backend/spark/SparkDataflowExecutorContext done
Event: 6.784 loading class org/pacman/backend/spark/SparkDataflowExecutorContext
Event: 6.784 loading class org/pacman/backend/spark/SparkDataflowExecutorContext done
Event: 6.785 Executing VM operation: RevokeBias
Event: 6.785 Executing VM operation: RevokeBias done
Event: 6.785 loading class scala/Function1
Event: 6.785 loading class scala/Function1 done
Event: 6.785 loading class scala/Function1
Event: 6.785 loading class scala/Function1 done
Event: 6.785 loading class org/pacman/backend/NativeObject
Event: 6.785 loading class org/pacman/backend/NativeObject done
Event: 6.785 loading class org/pacman/backend/NativeObject
Event: 6.785 loading class org/pacman/backend/NativeObject done


Dynamic libraries:
700000000-77be00000 rw-p 00000000 00:00 0 
77be00000-7ff800000 ---p 00000000 00:00 0 
7ff800000-7ff848000 rw-p 00b14000 103:02 774215                          /usr/lib/jvm/java-11-openjdk-amd64/lib/server/classes.jsa
7ff848000-7ff900000 rw-p 00000000 00:00 0 
7ff900000-7ffc00000 ---p 00000000 00:00 0 
7ffc00000-7ffc6c000 rw-p 00aa8000 103:02 774215                          /usr/lib/jvm/java-11-openjdk-amd64/lib/server/classes.jsa
7ffc6c000-7ffd00000 rw-p 00000000 00:00 0 
7ffd00000-800000000 ---p 00000000 00:00 0 
800000000-800002000 rwxp 00001000 103:02 774215                          /usr/lib/jvm/java-11-openjdk-amd64/lib/server/classes.jsa
800002000-8003ce000 rw-p 00003000 103:02 774215                          /usr/lib/jvm/java-11-openjdk-amd64/lib/server/classes.jsa
8003ce000-800aa6000 r--p 003cf000 103:02 774215                          /usr/lib/jvm/java-11-openjdk-amd64/lib/server/classes.jsa
800aa6000-800aa7000 rw-p 00aa7000 103:02 774215                          /usr/lib/jvm/java-11-openjdk-amd64/lib/server/classes.jsa
840000000-841413000 rw-p 00000000 00:00 0 
841413000-880000000 ---p 00000000 00:00 0 
555555554000-555555555000 r--p 00000000 103:02 774481                    /usr/lib/jvm/java-11-openjdk-amd64/bin/java
555555555000-555555556000 r-xp 00001000 103:02 774481                    /usr/lib/jvm/java-11-openjdk-amd64/bin/java
555555556000-555555557000 r--p 00002000 103:02 774481                    /usr/lib/jvm/java-11-openjdk-amd64/bin/java
555555557000-555555558000 r--p 00002000 103:02 774481                    /usr/lib/jvm/java-11-openjdk-amd64/bin/java
555555558000-555555559000 rw-p 00003000 103:02 774481                    /usr/lib/jvm/java-11-openjdk-amd64/bin/java
7fff9ca80000-7fff9e000000 rw-p 00000000 00:00 0 
7fff9e0cd000-7fff9e7cd000 rw-p 00000000 00:00 0 
7fff9e7cd000-7fff9e7d1000 ---p 00000000 00:00 0 
7fff9e7d1000-7fff9ebce000 rw-p 00000000 00:00 0 
7fff9ebce000-7fff9ebd2000 ---p 00000000 00:00 0 
7fff9ebd2000-7fff9efcf000 rw-p 00000000 00:00 0 
7fff9efcf000-7fff9f3cf000 rw-p 00000000 00:00 0 
7fff9f3cf000-7fff9f5cf000 rw-p 00000000 00:00 0 
7fff9f5cf000-7fff9f5d3000 ---p 00000000 00:00 0 
7fff9f5d3000-7fff9f9d0000 rw-p 00000000 00:00 0 
7fff9f9d0000-7fff9fd50000 rw-p 00000000 00:00 0 
7fff9fd50000-7fff9fd54000 ---p 00000000 00:00 0 
7fff9fd54000-7fffa0351000 rw-p 00000000 00:00 0 
7fffa0351000-7fffa0951000 rw-p 00000000 00:00 0 
7fffa0951000-7fffa0955000 ---p 00000000 00:00 0 
7fffa0955000-7fffa0d52000 rw-p 00000000 00:00 0 
7fffa0d52000-7fffa0d56000 ---p 00000000 00:00 0 
7fffa0d56000-7fffa1353000 rw-p 00000000 00:00 0 
7fffa1353000-7fffa1377000 r-xp 00000000 103:02 30277008                  /home/byr/opt/spark/target/tmp/liblz4-java2589692153327431320.so
7fffa1377000-7fffa1576000 ---p 00024000 103:02 30277008                  /home/byr/opt/spark/target/tmp/liblz4-java2589692153327431320.so
7fffa1576000-7fffa1577000 rw-p 00023000 103:02 30277008                  /home/byr/opt/spark/target/tmp/liblz4-java2589692153327431320.so
7fffa1577000-7fffa1777000 rw-p 00000000 00:00 0 
7fffa1777000-7fffa1977000 rw-p 00000000 00:00 0 
7fffa1977000-7fffa2bf7000 rw-p 00000000 00:00 0 
7fffa2bf7000-7fffa2df7000 rw-p 00000000 00:00 0 
7fffa2df7000-7fffa3b77000 rw-p 00000000 00:00 0 
7fffa3b77000-7fffa3d77000 rw-p 00000000 00:00 0 
7fffa3d77000-7fffa3d7b000 ---p 00000000 00:00 0 
7fffa3d7b000-7fffa4178000 rw-p 00000000 00:00 0 
7fffa4178000-7fffa4478000 rw-p 00000000 00:00 0 
7fffa4478000-7fffa4678000 rw-p 00000000 00:00 0 
7fffa4678000-7fffa6778000 rw-p 00000000 00:00 0 
7fffa6778000-7fffa6978000 rw-p 00000000 00:00 0 
7fffa6978000-7fffa7378000 rw-p 00000000 00:00 0 
7fffa7378000-7fffa7578000 rw-p 00000000 00:00 0 
7fffa7578000-7fffa8278000 rw-p 00000000 00:00 0 
7fffa8278000-7fffa8478000 rw-p 00000000 00:00 0 
7fffa8478000-7fffa8678000 rw-p 00000000 00:00 0 
7fffa8678000-7fffa8878000 rw-p 00000000 00:00 0 
7fffa8878000-7fffa8a78000 rw-p 00000000 00:00 0 
7fffa8a78000-7fffa8c78000 rw-p 00000000 00:00 0 
7fffa8c78000-7fffa8e78000 rw-p 00000000 00:00 0 
7fffa8e78000-7fffa9078000 rw-p 00000000 00:00 0 
7fffa9078000-7fffa9278000 rw-p 00000000 00:00 0 
7fffa9278000-7fffa9478000 rw-p 00000000 00:00 0 
7fffa9478000-7fffa9678000 rw-p 00000000 00:00 0 
7fffa9678000-7fffa9d78000 rw-p 00000000 00:00 0 
7fffa9d78000-7fffa9f78000 rw-p 00000000 00:00 0 
7fffa9f78000-7fffaa178000 rw-p 00000000 00:00 0 
7fffaa178000-7fffaa378000 rw-p 00000000 00:00 0 
7fffaa378000-7fffaa578000 rw-p 00000000 00:00 0 
7fffaa578000-7fffaacf8000 rw-p 00000000 00:00 0 
7fffaacf8000-7fffaaef8000 rw-p 00000000 00:00 0 
7fffaaef8000-7fffac2f8000 rw-p 00000000 00:00 0 
7fffac2f8000-7fffac4e8000 rw-p 00000000 00:00 0 
7fffac4e8000-7fffac4f8000 ---p 00000000 00:00 0 
7fffac4f8000-7fffac6f8000 rw-p 00000000 00:00 0 
7fffac6f8000-7fffac8f8000 rw-p 00000000 00:00 0 
7fffac8f8000-7fffaccf8000 rw-p 00000000 00:00 0 
7fffaccf8000-7fffacef8000 rw-p 00000000 00:00 0 
7fffacef8000-7fffad0f8000 rw-p 00000000 00:00 0 
7fffad0f8000-7fffad5f8000 rw-p 00000000 00:00 0 
7fffad5f8000-7fffad7f8000 rw-p 00000000 00:00 0 
7fffad7f8000-7fffad9f8000 rw-p 00000000 00:00 0 
7fffad9f8000-7fffad9fc000 ---p 00000000 00:00 0 
7fffad9fc000-7fffaddf9000 rw-p 00000000 00:00 0 
7fffaddf9000-7fffaddfd000 ---p 00000000 00:00 0 
7fffaddfd000-7fffae1fa000 rw-p 00000000 00:00 0 
7fffae1fa000-7fffae1fe000 ---p 00000000 00:00 0 
7fffae1fe000-7fffae5fb000 rw-p 00000000 00:00 0 
7fffae5fb000-7fffae5ff000 ---p 00000000 00:00 0 
7fffae5ff000-7fffae9fc000 rw-p 00000000 00:00 0 
7fffae9fc000-7fffaea00000 ---p 00000000 00:00 0 
7fffaea00000-7fffaeffd000 rw-p 00000000 00:00 0 
7fffaeffd000-7fffaf1fd000 rw-p 00000000 00:00 0 
7fffaf1fd000-7fffaf5fd000 rw-p 00000000 00:00 0 
7fffaf5fd000-7fffaf601000 ---p 00000000 00:00 0 
7fffaf601000-7fffaf9fe000 rw-p 00000000 00:00 0 
7fffaf9fe000-7fffafa02000 ---p 00000000 00:00 0 
7fffafa02000-7fffafdff000 rw-p 00000000 00:00 0 
7fffafdff000-7fffafe03000 ---p 00000000 00:00 0 
7fffafe03000-7fffb0200000 rw-p 00000000 00:00 0 
7fffb0200000-7fffb0600000 rw-p 00000000 00:00 0 
7fffb07ff000-7fffb0803000 ---p 00000000 00:00 0 
7fffb0803000-7fffb0c00000 rw-p 00000000 00:00 0 
7fffb0c00000-7fffb1000000 rw-p 00000000 00:00 0 
7fffb117f000-7fffb1183000 ---p 00000000 00:00 0 
7fffb1183000-7fffb1580000 rw-p 00000000 00:00 0 
7fffb1580000-7fffb1c00000 rw-p 00000000 00:00 0 
7fffb1dff000-7fffb1e03000 ---p 00000000 00:00 0 
7fffb1e03000-7fffb2200000 rw-p 00000000 00:00 0 
7fffb2200000-7fffb2600000 rw-p 00000000 00:00 0 
7fffb27ff000-7fffb2803000 ---p 00000000 00:00 0 
7fffb2803000-7fffb2c00000 rw-p 00000000 00:00 0 
7fffb2c00000-7fffb3000000 rw-p 00000000 00:00 0 
7fffb31ff000-7fffb3203000 ---p 00000000 00:00 0 
7fffb3203000-7fffb3800000 rw-p 00000000 00:00 0 
7fffb3800000-7fffb3c00000 rw-p 00000000 00:00 0 
7fffb3dff000-7fffb3e03000 ---p 00000000 00:00 0 
7fffb3e03000-7fffb4200000 rw-p 00000000 00:00 0 
7fffb4200000-7fffb4600000 rw-p 00000000 00:00 0 
7fffb47fe000-7fffb4802000 ---p 00000000 00:00 0 
7fffb4802000-7fffb4bff000 rw-p 00000000 00:00 0 
7fffb4bff000-7fffb4c03000 ---p 00000000 00:00 0 
7fffb4c03000-7fffb5000000 rw-p 00000000 00:00 0 
7fffb5000000-7fffb5400000 rw-p 00000000 00:00 0 
7fffb55ff000-7fffb5603000 ---p 00000000 00:00 0 
7fffb5603000-7fffb5a00000 rw-p 00000000 00:00 0 
7fffb5a00000-7fffb5e00000 rw-p 00000000 00:00 0 
7fffb5fff000-7fffb6003000 ---p 00000000 00:00 0 
7fffb6003000-7fffb6400000 rw-p 00000000 00:00 0 
7fffb6400000-7fffb6800000 rw-p 00000000 00:00 0 
7fffb69ff000-7fffb6a03000 ---p 00000000 00:00 0 
7fffb6a03000-7fffb6ff3000 rw-p 00000000 00:00 0 
7fffb6ff3000-7fffb7000000 ---p 00000000 00:00 0 
7fffb7000000-7fffb7400000 rw-p 00000000 00:00 0 
7fffb75ff000-7fffb7603000 ---p 00000000 00:00 0 
7fffb7603000-7fffb7a00000 rw-p 00000000 00:00 0 
7fffb7a00000-7fffb7e00000 rw-p 00000000 00:00 0 
7fffb7fff000-7fffb8003000 ---p 00000000 00:00 0 
7fffb8003000-7fffb8400000 rw-p 00000000 00:00 0 
7fffb8400000-7fffb8800000 rw-p 00000000 00:00 0 
7fffb89ff000-7fffb8a03000 ---p 00000000 00:00 0 
7fffb8a03000-7fffb8e00000 rw-p 00000000 00:00 0 
7fffb8e00000-7fffb9200000 rw-p 00000000 00:00 0 
7fffb93ff000-7fffb9403000 ---p 00000000 00:00 0 
7fffb9403000-7fffb9800000 rw-p 00000000 00:00 0 
7fffb9800000-7fffb9c00000 rw-p 00000000 00:00 0 
7fffb9dff000-7fffb9e03000 ---p 00000000 00:00 0 
7fffb9e03000-7fffba200000 rw-p 00000000 00:00 0 
7fffba200000-7fffba600000 rw-p 00000000 00:00 0 
7fffba7ff000-7fffba803000 ---p 00000000 00:00 0 
7fffba803000-7fffbac00000 rw-p 00000000 00:00 0 
7fffbac00000-7fffbb000000 rw-p 00000000 00:00 0 
7fffbb037000-7fffbb136000 r--p 00000000 103:02 30306865                  /home/byr/tmp/chukonu/cache/cached_code_6ED5B6DC20C0538DCDDD059D783FAB8A_0.so
7fffbb136000-7fffbb1af000 r-xp 000ff000 103:02 30306865                  /home/byr/tmp/chukonu/cache/cached_code_6ED5B6DC20C0538DCDDD059D783FAB8A_0.so
7fffbb1af000-7fffbb1f3000 r--p 00178000 103:02 30306865                  /home/byr/tmp/chukonu/cache/cached_code_6ED5B6DC20C0538DCDDD059D783FAB8A_0.so
7fffbb1f3000-7fffbb1f7000 r--p 001bb000 103:02 30306865                  /home/byr/tmp/chukonu/cache/cached_code_6ED5B6DC20C0538DCDDD059D783FAB8A_0.so
7fffbb1f7000-7fffbb1ff000 rw-p 001bf000 103:02 30306865                  /home/byr/tmp/chukonu/cache/cached_code_6ED5B6DC20C0538DCDDD059D783FAB8A_0.so
7fffbb1ff000-7fffbb203000 ---p 00000000 00:00 0 
7fffbb203000-7fffbb600000 rw-p 00000000 00:00 0 
7fffbb600000-7fffbba00000 rw-p 00000000 00:00 0 
7fffbba6f000-7fffbbb05000 r--p 00000000 103:02 30306857                  /home/byr/tmp/chukonu/cache/cached_code_0A838FC9186A28CAF468C559B73D8D48_0.so
7fffbbb05000-7fffbbb4f000 r-xp 00096000 103:02 30306857                  /home/byr/tmp/chukonu/cache/cached_code_0A838FC9186A28CAF468C559B73D8D48_0.so
7fffbbb4f000-7fffbbb76000 r--p 000e0000 103:02 30306857                  /home/byr/tmp/chukonu/cache/cached_code_0A838FC9186A28CAF468C559B73D8D48_0.so
7fffbbb76000-7fffbbb77000 ---p 00107000 103:02 30306857                  /home/byr/tmp/chukonu/cache/cached_code_0A838FC9186A28CAF468C559B73D8D48_0.so
7fffbbb77000-7fffbbb7a000 r--p 00107000 103:02 30306857                  /home/byr/tmp/chukonu/cache/cached_code_0A838FC9186A28CAF468C559B73D8D48_0.so
7fffbbb7a000-7fffbbb7f000 rw-p 0010a000 103:02 30306857                  /home/byr/tmp/chukonu/cache/cached_code_0A838FC9186A28CAF468C559B73D8D48_0.so
7fffbbb7f000-7fffbbdff000 rw-p 00000000 00:00 0 
7fffbbdff000-7fffbbe03000 ---p 00000000 00:00 0 
7fffbbe03000-7fffbc200000 rw-p 00000000 00:00 0 
7fffbc200000-7fffbc600000 rw-p 00000000 00:00 0 
7fffbc6fe000-7fffbc702000 ---p 00000000 00:00 0 
7fffbc702000-7fffbc7ff000 rw-p 00000000 00:00 0 
7fffbc7ff000-7fffbc803000 ---p 00000000 00:00 0 
7fffbc803000-7fffbcc00000 rw-p 00000000 00:00 0 
7fffbcc00000-7fffbd000000 rw-p 00000000 00:00 0 
7fffbd0fe000-7fffbd102000 ---p 00000000 00:00 0 
7fffbd102000-7fffbd1ff000 rw-p 00000000 00:00 0 
7fffbd1ff000-7fffbd203000 ---p 00000000 00:00 0 
7fffbd203000-7fffbd600000 rw-p 00000000 00:00 0 
7fffbd600000-7fffbda00000 rw-p 00000000 00:00 0 
7fffbda80000-7fffbe380000 rw-p 00000000 00:00 0 
7fffbe380000-7fffbe575000 rw-p 00000000 00:00 0 
7fffbe575000-7fffbe580000 ---p 00000000 00:00 0 
7fffbe580000-7fffbe800000 rw-p 00000000 00:00 0 
7fffbe800000-7fffbea00000 rw-p 00000000 00:00 0 
7fffbea00000-7fffbf000000 rw-p 00000000 00:00 0 
7fffbf000000-7fffbf200000 rw-p 00000000 00:00 0 
7fffbf200000-7fffbf600000 rw-p 00000000 00:00 0 
7fffbf6ff000-7fffbf703000 ---p 00000000 00:00 0 
7fffbf703000-7fffbf800000 rw-p 00000000 00:00 0 
7fffbf800000-7fffc0200000 rw-p 00000000 00:00 0 
7fffc02fe000-7fffc0302000 ---p 00000000 00:00 0 
7fffc0302000-7fffc03ff000 rw-p 00000000 00:00 0 
7fffc03ff000-7fffc0403000 ---p 00000000 00:00 0 
7fffc0403000-7fffc0800000 rw-p 00000000 00:00 0 
7fffc0800000-7fffc0c00000 rw-p 00000000 00:00 0 
7fffc0d00000-7fffc0f00000 rw-p 00000000 00:00 0 
7fffc0f00000-7fffc1300000 rw-p 00000000 00:00 0 
7fffc1300000-7fffc1500000 rw-p 00000000 00:00 0 
7fffc1500000-7fffc1c00000 rw-p 00000000 00:00 0 
7fffc1cff000-7fffc1d00000 ---p 00000000 00:00 0 
7fffc1d00000-7fffc1e00000 rw-p 00000000 00:00 0 
7fffc1e00000-7fffc2200000 rw-p 00000000 00:00 0 
7fffc22ff000-7fffc2300000 ---p 00000000 00:00 0 
7fffc2300000-7fffc2600000 rw-p 00000000 00:00 0 
7fffc2600000-7fffc2a00000 rw-p 00000000 00:00 0 
7fffc2a7f000-7fffc2a83000 ---p 00000000 00:00 0 
7fffc2a83000-7fffc2e80000 rw-p 00000000 00:00 0 
7fffc2e80000-7fffc3200000 rw-p 00000000 00:00 0 
7fffc3200000-7fffc33ec000 rw-p 00000000 00:00 0 
7fffc33ec000-7fffc3400000 ---p 00000000 00:00 0 
7fffc3400000-7fffc3800000 rw-p 00000000 00:00 0 
7fffc38ff000-7fffc3900000 ---p 00000000 00:00 0 
7fffc3900000-7fffc3a00000 rw-p 00000000 00:00 0 
7fffc3a00000-7fffc3e00000 rw-p 00000000 00:00 0 
7fffc3eff000-7fffc3f00000 ---p 00000000 00:00 0 
7fffc3f00000-7fffc4000000 rw-p 00000000 00:00 0 
7fffc4000000-7fffc4400000 rw-p 00000000 00:00 0 
7fffc44ff000-7fffc4500000 ---p 00000000 00:00 0 
7fffc4500000-7fffc4600000 rw-p 00000000 00:00 0 
7fffc4600000-7fffc4a00000 rw-p 00000000 00:00 0 
7fffc4aff000-7fffc4b00000 ---p 00000000 00:00 0 
7fffc4b00000-7fffc4c00000 rw-p 00000000 00:00 0 
7fffc4c00000-7fffc5000000 rw-p 00000000 00:00 0 
7fffc50ff000-7fffc5100000 ---p 00000000 00:00 0 
7fffc5100000-7fffc5200000 rw-p 00000000 00:00 0 
7fffc5200000-7fffc5600000 rw-p 00000000 00:00 0 
7fffc56ff000-7fffc5700000 ---p 00000000 00:00 0 
7fffc5700000-7fffc5800000 rw-p 00000000 00:00 0 
7fffc5800000-7fffc5c00000 rw-p 00000000 00:00 0 
7fffc5cff000-7fffc5d00000 ---p 00000000 00:00 0 
7fffc5d00000-7fffc5e00000 rw-p 00000000 00:00 0 
7fffc5e00000-7fffc6200000 rw-p 00000000 00:00 0 
7fffc62ff000-7fffc6300000 ---p 00000000 00:00 0 
7fffc6300000-7fffc6400000 rw-p 00000000 00:00 0 
7fffc6400000-7fffc6800000 rw-p 00000000 00:00 0 
7fffc68ff000-7fffc6900000 ---p 00000000 00:00 0 
7fffc6900000-7fffc6a00000 rw-p 00000000 00:00 0 
7fffc6a00000-7fffc7600000 rw-p 00000000 00:00 0 
7fffc7680000-7fffc7880000 rw-p 00000000 00:00 0 
7fffc7880000-7fffc7e00000 rw-p 00000000 00:00 0 
7fffc7e00000-7fffc8000000 rw-p 00000000 00:00 0 
7fffc8000000-7fffc8a00000 rw-p 00000000 00:00 0 
7fffc8afe000-7fffc8aff000 ---p 00000000 00:00 0 
7fffc8aff000-7fffc8bff000 rw-p 00000000 00:00 0 
7fffc8bff000-7fffc8c03000 ---p 00000000 00:00 0 
7fffc8c03000-7fffc9200000 rw-p 00000000 00:00 0 
7fffc9200000-7fffc9600000 rw-p 00000000 00:00 0 
7fffc96fe000-7fffc96ff000 ---p 00000000 00:00 0 
7fffc96ff000-7fffc97ff000 rw-p 00000000 00:00 0 
7fffc97ff000-7fffc9803000 ---p 00000000 00:00 0 
7fffc9803000-7fffc9c00000 rw-p 00000000 00:00 0 
7fffc9c00000-7fffca000000 rw-p 00000000 00:00 0 
7fffca0fe000-7fffca0ff000 ---p 00000000 00:00 0 
7fffca0ff000-7fffca1ff000 rw-p 00000000 00:00 0 
7fffca1ff000-7fffca203000 ---p 00000000 00:00 0 
7fffca203000-7fffca800000 rw-p 00000000 00:00 0 
7fffca800000-7fffcac00000 rw-p 00000000 00:00 0 
7fffcac7f000-7fffcac83000 ---p 00000000 00:00 0 
7fffcac83000-7fffcad80000 rw-p 00000000 00:00 0 
7fffcad80000-7fffcd200000 rw-p 00000000 00:00 0 
7fffcd2ff000-7fffcd303000 ---p 00000000 00:00 0 
7fffcd303000-7fffcd400000 rw-p 00000000 00:00 0 
7fffcd400000-7fffcd800000 rw-p 00000000 00:00 0 
7fffcd87f000-7fffcd883000 ---p 00000000 00:00 0 
7fffcd883000-7fffcd980000 rw-p 00000000 00:00 0 
7fffcd980000-7fffcfa00000 rw-p 00000000 00:00 0 
7fffcfafe000-7fffcfb02000 ---p 00000000 00:00 0 
7fffcfb02000-7fffcfbff000 rw-p 00000000 00:00 0 
7fffcfbff000-7fffcfc03000 ---p 00000000 00:00 0 
7fffcfc03000-7fffd0000000 rw-p 00000000 00:00 0 
7fffd0000000-7fffd0800000 rw-p 00000000 00:00 0 
7fffd08fe000-7fffd08ff000 ---p 00000000 00:00 0 
7fffd08ff000-7fffd09ff000 rw-p 00000000 00:00 0 
7fffd09ff000-7fffd0a03000 ---p 00000000 00:00 0 
7fffd0a03000-7fffd0e00000 rw-p 00000000 00:00 0 
7fffd0e00000-7fffd1a00000 rw-p 00000000 00:00 0 
7fffd1afe000-7fffd1b02000 ---p 00000000 00:00 0 
7fffd1b02000-7fffd1bff000 rw-p 00000000 00:00 0 
7fffd1bff000-7fffd1c03000 ---p 00000000 00:00 0 
7fffd1c03000-7fffd2000000 rw-p 00000000 00:00 0 
7fffd2000000-7fffd2400000 rw-p 00000000 00:00 0 
7fffd24fe000-7fffd2502000 ---p 00000000 00:00 0 
7fffd2502000-7fffd25ff000 rw-p 00000000 00:00 0 
7fffd25ff000-7fffd2603000 ---p 00000000 00:00 0 
7fffd2603000-7fffd2a00000 rw-p 00000000 00:00 0 
7fffd2a00000-7fffd2e00000 rw-p 00000000 00:00 0 
7fffd2efe000-7fffd2f02000 ---p 00000000 00:00 0 
7fffd2f02000-7fffd2fff000 rw-p 00000000 00:00 0 
7fffd2fff000-7fffd3003000 ---p 00000000 00:00 0 
7fffd3003000-7fffd3400000 rw-p 00000000 00:00 0 
7fffd3400000-7fffd3800000 rw-p 00000000 00:00 0 
7fffd388c000-7fffd39ff000 r--p 00000000 103:02 11594                     /usr/lib/locale/C.UTF-8/LC_COLLATE
7fffd39ff000-7fffd3a03000 ---p 00000000 00:00 0 
7fffd3a03000-7fffd3e00000 rw-p 00000000 00:00 0 
7fffd3e00000-7fffd4200000 rw-p 00000000 00:00 0 
7fffd42ff000-7fffd4300000 ---p 00000000 00:00 0 
7fffd4300000-7fffd4c00000 rw-p 00000000 00:00 0 
7fffd4c00000-7fffd5400000 rw-p 00000000 00:00 0 
7fffd54fe000-7fffd54ff000 ---p 00000000 00:00 0 
7fffd54ff000-7fffd55ff000 rw-p 00000000 00:00 0 
7fffd55ff000-7fffd5600000 ---p 00000000 00:00 0 
7fffd5600000-7fffd5700000 rw-p 00000000 00:00 0 
7fffd5700000-7fffd6c00000 rw-p 00000000 00:00 0 
7fffd6c00000-7fffd8c00000 rw-p 00000000 00:00 0 
7fffd8c00000-7fffd9000000 rw-p 00000000 00:00 0 
7fffd90ff000-7fffd9100000 ---p 00000000 00:00 0 
7fffd9100000-7fffd9200000 rw-p 00000000 00:00 0 
7fffd9200000-7fffd9600000 rw-p 00000000 00:00 0 
7fffd966d000-7fffd96bd000 rw-p 00000000 00:00 0 
7fffd96bd000-7fffd96c3000 r--p 00000000 103:02 35908                     /usr/lib/x86_64-linux-gnu/libtbbmalloc.so.2
7fffd96c3000-7fffd96d4000 r-xp 00006000 103:02 35908                     /usr/lib/x86_64-linux-gnu/libtbbmalloc.so.2
7fffd96d4000-7fffd96db000 r--p 00017000 103:02 35908                     /usr/lib/x86_64-linux-gnu/libtbbmalloc.so.2
7fffd96db000-7fffd96dc000 r--p 0001d000 103:02 35908                     /usr/lib/x86_64-linux-gnu/libtbbmalloc.so.2
7fffd96dc000-7fffd96de000 rw-p 0001e000 103:02 35908                     /usr/lib/x86_64-linux-gnu/libtbbmalloc.so.2
7fffd96de000-7fffd96ff000 rw-p 00000000 00:00 0 
7fffd96ff000-7fffd9700000 ---p 00000000 00:00 0 
7fffd9700000-7fffdb6f8000 rw-p 00000000 00:00 0 
7fffdb6f8000-7fffdd7e0000 ---p 00000000 00:00 0 
7fffdd7e0000-7fffdd7e4000 rw-p 00000000 00:00 0 
7fffdd7e4000-7fffdd7f0000 ---p 00000000 00:00 0 
7fffdd7f0000-7fffdd7f4000 rw-p 00000000 00:00 0 
7fffdd7f4000-7fffdd800000 ---p 00000000 00:00 0 
7fffdd800000-7fffdf6f8000 rw-p 00000000 00:00 0 
7fffdf6f8000-7fffe17e0000 ---p 00000000 00:00 0 
7fffe17e0000-7fffe17e4000 rw-p 00000000 00:00 0 
7fffe17e4000-7fffe17f0000 ---p 00000000 00:00 0 
7fffe17f0000-7fffe17f4000 rw-p 00000000 00:00 0 
7fffe17f4000-7fffe1800000 ---p 00000000 00:00 0 
7fffe1800000-7fffe1bdf000 rw-p 00000000 00:00 0 
7fffe1bdf000-7fffe1ffc000 ---p 00000000 00:00 0 
7fffe1ffc000-7fffe1ffd000 rw-p 00000000 00:00 0 
7fffe1ffd000-7fffe1ffe000 ---p 00000000 00:00 0 
7fffe1ffe000-7fffe1fff000 rw-p 00000000 00:00 0 
7fffe1fff000-7fffe2000000 ---p 00000000 00:00 0 
7fffe2000000-7fffe23df000 rw-p 00000000 00:00 0 
7fffe23df000-7fffe27fc000 ---p 00000000 00:00 0 
7fffe27fc000-7fffe27fd000 rw-p 00000000 00:00 0 
7fffe27fd000-7fffe27fe000 ---p 00000000 00:00 0 
7fffe27fe000-7fffe27ff000 rw-p 00000000 00:00 0 
7fffe27ff000-7fffe2800000 ---p 00000000 00:00 0 
7fffe2800000-7fffe2bdf000 rw-p 00000000 00:00 0 
7fffe2bdf000-7fffe2ffc000 ---p 00000000 00:00 0 
7fffe2ffc000-7fffe2ffd000 rw-p 00000000 00:00 0 
7fffe2ffd000-7fffe2ffe000 ---p 00000000 00:00 0 
7fffe2ffe000-7fffe2fff000 rw-p 00000000 00:00 0 
7fffe2fff000-7fffe3000000 ---p 00000000 00:00 0 
7fffe3000000-7fffe4600000 rw-p 00000000 00:00 0 
7fffe463c000-7fffe463d000 r--p 00000000 00:00 0 
7fffe463d000-7fffe47c6000 rw-p 00000000 00:00 0 
7fffe47c6000-7fffe6816000 rwxp 00000000 00:00 0 
7fffe6816000-7fffec7c6000 ---p 00000000 00:00 0 
7fffec7c6000-7ffff5000000 r--s 00000000 103:02 789003                    /usr/lib/jvm/java-11-openjdk-amd64/lib/modules
7ffff5000000-7ffff5400000 rw-p 00000000 00:00 0 
7ffff5400000-7ffff5404000 ---p 00000000 00:00 0 
7ffff5404000-7ffff5422000 rw-p 00000000 00:00 0 
7ffff5422000-7ffff5424000 r--p 00000000 103:02 788980                    /usr/lib/jvm/java-11-openjdk-amd64/lib/libmanagement_ext.so
7ffff5424000-7ffff5427000 r-xp 00002000 103:02 788980                    /usr/lib/jvm/java-11-openjdk-amd64/lib/libmanagement_ext.so
7ffff5427000-7ffff5428000 r--p 00005000 103:02 788980                    /usr/lib/jvm/java-11-openjdk-amd64/lib/libmanagement_ext.so
7ffff5428000-7ffff5429000 r--p 00006000 103:02 788980                    /usr/lib/jvm/java-11-openjdk-amd64/lib/libmanagement_ext.so
7ffff5429000-7ffff542a000 rw-p 00007000 103:02 788980                    /usr/lib/jvm/java-11-openjdk-amd64/lib/libmanagement_ext.so
7ffff542a000-7ffff542d000 r--p 00000000 103:02 788978                    /usr/lib/jvm/java-11-openjdk-amd64/lib/libmanagement.so
7ffff542d000-7ffff542e000 r-xp 00003000 103:02 788978                    /usr/lib/jvm/java-11-openjdk-amd64/lib/libmanagement.so
7ffff542e000-7ffff542f000 r--p 00004000 103:02 788978                    /usr/lib/jvm/java-11-openjdk-amd64/lib/libmanagement.so
7ffff542f000-7ffff5430000 r--p 00004000 103:02 788978                    /usr/lib/jvm/java-11-openjdk-amd64/lib/libmanagement.so
7ffff5430000-7ffff5431000 rw-p 00005000 103:02 788978                    /usr/lib/jvm/java-11-openjdk-amd64/lib/libmanagement.so
7ffff5431000-7ffff5432000 ---p 00000000 00:00 0 
7ffff5432000-7ffff5532000 rw-p 00000000 00:00 0 
7ffff5532000-7ffff5536000 ---p 00000000 00:00 0 
7ffff5536000-7ffff5933000 rw-p 00000000 00:00 0 
7ffff5933000-7ffff5bb6000 r--p 00000000 103:02 789009                    /usr/lib/jvm/java-11-openjdk-amd64/lib/server/libjvm.so
7ffff5bb6000-7ffff6848000 r-xp 00283000 103:02 789009                    /usr/lib/jvm/java-11-openjdk-amd64/lib/server/libjvm.so
7ffff6848000-7ffff6aaa000 r--p 00f15000 103:02 789009                    /usr/lib/jvm/java-11-openjdk-amd64/lib/server/libjvm.so
7ffff6aaa000-7ffff6b6e000 r--p 01176000 103:02 789009                    /usr/lib/jvm/java-11-openjdk-amd64/lib/server/libjvm.so
7ffff6b6e000-7ffff6ba9000 rw-p 0123a000 103:02 789009                    /usr/lib/jvm/java-11-openjdk-amd64/lib/server/libjvm.so
7ffff6ba9000-7ffff6c00000 rw-p 00000000 00:00 0 
7ffff6c00000-7ffff7400000 rw-p 00000000 00:00 0 
7ffff7400000-7ffff7401000 r--p 00000000 103:02 788970                    /usr/lib/jvm/java-11-openjdk-amd64/lib/libjaas.so
7ffff7401000-7ffff7402000 r-xp 00001000 103:02 788970                    /usr/lib/jvm/java-11-openjdk-amd64/lib/libjaas.so
7ffff7402000-7ffff7403000 r--p 00002000 103:02 788970                    /usr/lib/jvm/java-11-openjdk-amd64/lib/libjaas.so
7ffff7403000-7ffff7404000 r--p 00002000 103:02 788970                    /usr/lib/jvm/java-11-openjdk-amd64/lib/libjaas.so
7ffff7404000-7ffff7405000 rw-p 00003000 103:02 788970                    /usr/lib/jvm/java-11-openjdk-amd64/lib/libjaas.so
7ffff7405000-7ffff7406000 r--p 00000000 103:02 788964                    /usr/lib/jvm/java-11-openjdk-amd64/lib/libextnet.so
7ffff7406000-7ffff7407000 r-xp 00001000 103:02 788964                    /usr/lib/jvm/java-11-openjdk-amd64/lib/libextnet.so
7ffff7407000-7ffff7408000 r--p 00002000 103:02 788964                    /usr/lib/jvm/java-11-openjdk-amd64/lib/libextnet.so
7ffff7408000-7ffff7409000 r--p 00002000 103:02 788964                    /usr/lib/jvm/java-11-openjdk-amd64/lib/libextnet.so
7ffff7409000-7ffff740a000 rw-p 00003000 103:02 788964                    /usr/lib/jvm/java-11-openjdk-amd64/lib/libextnet.so
7ffff740a000-7ffff740e000 r--p 00000000 103:02 788983                    /usr/lib/jvm/java-11-openjdk-amd64/lib/libnet.so
7ffff740e000-7ffff741c000 r-xp 00004000 103:02 788983                    /usr/lib/jvm/java-11-openjdk-amd64/lib/libnet.so
7ffff741c000-7ffff7420000 r--p 00012000 103:02 788983                    /usr/lib/jvm/java-11-openjdk-amd64/lib/libnet.so
7ffff7420000-7ffff7421000 r--p 00015000 103:02 788983                    /usr/lib/jvm/java-11-openjdk-amd64/lib/libnet.so
7ffff7421000-7ffff7422000 rw-p 00016000 103:02 788983                    /usr/lib/jvm/java-11-openjdk-amd64/lib/libnet.so
7ffff7422000-7ffff7429000 r--p 00000000 103:02 788985                    /usr/lib/jvm/java-11-openjdk-amd64/lib/libnio.so
7ffff7429000-7ffff7431000 r-xp 00007000 103:02 788985                    /usr/lib/jvm/java-11-openjdk-amd64/lib/libnio.so
7ffff7431000-7ffff7434000 r--p 0000f000 103:02 788985                    /usr/lib/jvm/java-11-openjdk-amd64/lib/libnio.so
7ffff7434000-7ffff7435000 r--p 00011000 103:02 788985                    /usr/lib/jvm/java-11-openjdk-amd64/lib/libnio.so
7ffff7435000-7ffff7436000 rw-p 00012000 103:02 788985                    /usr/lib/jvm/java-11-openjdk-amd64/lib/libnio.so
7ffff7436000-7ffff7468000 r--p 00000000 103:02 11595                     /usr/lib/locale/C.UTF-8/LC_CTYPE
7ffff7468000-7ffff7469000 r--p 00000000 103:02 13513                     /usr/lib/locale/C.UTF-8/LC_NUMERIC
7ffff7469000-7ffff746a000 r--p 00000000 103:02 13592                     /usr/lib/locale/C.UTF-8/LC_TIME
7ffff746a000-7ffff746b000 r--p 00000000 103:02 13466                     /usr/lib/locale/C.UTF-8/LC_MONETARY
7ffff746b000-7ffff746c000 r--p 00000000 103:02 11599                     /usr/lib/locale/C.UTF-8/LC_MESSAGES/SYS_LC_MESSAGES
7ffff746c000-7ffff746d000 r--p 00000000 103:02 13581                     /usr/lib/locale/C.UTF-8/LC_PAPER
7ffff746d000-7ffff746e000 r--p 00000000 103:02 13500                     /usr/lib/locale/C.UTF-8/LC_NAME
7ffff746e000-7ffff7475000 r--s 00000000 103:02 19430                     /usr/lib/x86_64-linux-gnu/gconv/gconv-modules.cache
7ffff7475000-7ffff74b6000 rw-p 00000000 00:00 0 
7ffff74b6000-7ffff7575000 ---p 00000000 00:00 0 
7ffff7575000-7ffff7578000 r--p 00000000 103:02 19171                     /usr/lib/x86_64-linux-gnu/libnss_files-2.31.so
7ffff7578000-7ffff757f000 r-xp 00003000 103:02 19171                     /usr/lib/x86_64-linux-gnu/libnss_files-2.31.so
7ffff757f000-7ffff7581000 r--p 0000a000 103:02 19171                     /usr/lib/x86_64-linux-gnu/libnss_files-2.31.so
7ffff7581000-7ffff7582000 r--p 0000b000 103:02 19171                     /usr/lib/x86_64-linux-gnu/libnss_files-2.31.so
7ffff7582000-7ffff7583000 rw-p 0000c000 103:02 19171                     /usr/lib/x86_64-linux-gnu/libnss_files-2.31.so
7ffff7583000-7ffff7589000 rw-p 00000000 00:00 0 
7ffff7589000-7ffff758a000 r--p 00000000 103:02 11593                     /usr/lib/locale/C.UTF-8/LC_ADDRESS
7ffff758a000-7ffff758b000 r--p 00000000 103:02 13589                     /usr/lib/locale/C.UTF-8/LC_TELEPHONE
7ffff758b000-7ffff758d000 r--p 00000000 103:02 789001                    /usr/lib/jvm/java-11-openjdk-amd64/lib/libzip.so
7ffff758d000-7ffff7592000 r-xp 00002000 103:02 789001                    /usr/lib/jvm/java-11-openjdk-amd64/lib/libzip.so
7ffff7592000-7ffff7594000 r--p 00007000 103:02 789001                    /usr/lib/jvm/java-11-openjdk-amd64/lib/libzip.so
7ffff7594000-7ffff7595000 r--p 00008000 103:02 789001                    /usr/lib/jvm/java-11-openjdk-amd64/lib/libzip.so
7ffff7595000-7ffff7596000 rw-p 00009000 103:02 789001                    /usr/lib/jvm/java-11-openjdk-amd64/lib/libzip.so
7ffff7596000-7ffff759e000 rw-s 00000000 103:02 1550152                   /tmp/hsperfdata_byr/3699578
7ffff759e000-7ffff75a0000 r--p 00000000 103:02 788974                    /usr/lib/jvm/java-11-openjdk-amd64/lib/libjimage.so
7ffff75a0000-7ffff75a3000 r-xp 00002000 103:02 788974                    /usr/lib/jvm/java-11-openjdk-amd64/lib/libjimage.so
7ffff75a3000-7ffff75a4000 r--p 00005000 103:02 788974                    /usr/lib/jvm/java-11-openjdk-amd64/lib/libjimage.so
7ffff75a4000-7ffff75a5000 ---p 00006000 103:02 788974                    /usr/lib/jvm/java-11-openjdk-amd64/lib/libjimage.so
7ffff75a5000-7ffff75a6000 r--p 00006000 103:02 788974                    /usr/lib/jvm/java-11-openjdk-amd64/lib/libjimage.so
7ffff75a6000-7ffff75a7000 rw-p 00007000 103:02 788974                    /usr/lib/jvm/java-11-openjdk-amd64/lib/libjimage.so
7ffff75a7000-7ffff75b5000 r--p 00000000 103:02 788971                    /usr/lib/jvm/java-11-openjdk-amd64/lib/libjava.so
7ffff75b5000-7ffff75cb000 r-xp 0000e000 103:02 788971                    /usr/lib/jvm/java-11-openjdk-amd64/lib/libjava.so
7ffff75cb000-7ffff75d2000 r--p 00024000 103:02 788971                    /usr/lib/jvm/java-11-openjdk-amd64/lib/libjava.so
7ffff75d2000-7ffff75d3000 r--p 0002a000 103:02 788971                    /usr/lib/jvm/java-11-openjdk-amd64/lib/libjava.so
7ffff75d3000-7ffff75d4000 rw-p 0002b000 103:02 788971                    /usr/lib/jvm/java-11-openjdk-amd64/lib/libjava.so
7ffff75d4000-7ffff75d5000 rw-p 00000000 00:00 0 
7ffff75d5000-7ffff75d7000 r--p 00000000 103:02 19178                     /usr/lib/x86_64-linux-gnu/librt-2.31.so
7ffff75d7000-7ffff75db000 r-xp 00002000 103:02 19178                     /usr/lib/x86_64-linux-gnu/librt-2.31.so
7ffff75db000-7ffff75dd000 r--p 00006000 103:02 19178                     /usr/lib/x86_64-linux-gnu/librt-2.31.so
7ffff75dd000-7ffff75de000 r--p 00007000 103:02 19178                     /usr/lib/x86_64-linux-gnu/librt-2.31.so
7ffff75de000-7ffff75df000 rw-p 00008000 103:02 19178                     /usr/lib/x86_64-linux-gnu/librt-2.31.so
7ffff75df000-7ffff75ec000 rw-p 00000000 00:00 0 
7ffff75ec000-7ffff75fb000 r--p 00000000 103:02 35869                     /usr/lib/x86_64-linux-gnu/libtbb.so.2
7ffff75fb000-7ffff761d000 r-xp 0000f000 103:02 35869                     /usr/lib/x86_64-linux-gnu/libtbb.so.2
7ffff761d000-7ffff762b000 r--p 00031000 103:02 35869                     /usr/lib/x86_64-linux-gnu/libtbb.so.2
7ffff762b000-7ffff762d000 r--p 0003e000 103:02 35869                     /usr/lib/x86_64-linux-gnu/libtbb.so.2
7ffff762d000-7ffff7630000 rw-p 00040000 103:02 35869                     /usr/lib/x86_64-linux-gnu/libtbb.so.2
7ffff7630000-7ffff7632000 rw-p 00000000 00:00 0 
7ffff7632000-7ffff7635000 r--p 00000000 103:02 33338                     /usr/lib/x86_64-linux-gnu/libgcc_s.so.1
7ffff7635000-7ffff7647000 r-xp 00003000 103:02 33338                     /usr/lib/x86_64-linux-gnu/libgcc_s.so.1
7ffff7647000-7ffff764b000 r--p 00015000 103:02 33338                     /usr/lib/x86_64-linux-gnu/libgcc_s.so.1
7ffff764b000-7ffff764c000 r--p 00018000 103:02 33338                     /usr/lib/x86_64-linux-gnu/libgcc_s.so.1
7ffff764c000-7ffff764d000 rw-p 00019000 103:02 33338                     /usr/lib/x86_64-linux-gnu/libgcc_s.so.1
7ffff764d000-7ffff76e3000 r--p 00000000 103:02 20935                     /usr/lib/x86_64-linux-gnu/libstdc++.so.6.0.28
7ffff76e3000-7ffff77d4000 r-xp 00096000 103:02 20935                     /usr/lib/x86_64-linux-gnu/libstdc++.so.6.0.28
7ffff77d4000-7ffff781d000 r--p 00187000 103:02 20935                     /usr/lib/x86_64-linux-gnu/libstdc++.so.6.0.28
7ffff781d000-7ffff781e000 ---p 001d0000 103:02 20935                     /usr/lib/x86_64-linux-gnu/libstdc++.so.6.0.28
7ffff781e000-7ffff7829000 r--p 001d0000 103:02 20935                     /usr/lib/x86_64-linux-gnu/libstdc++.so.6.0.28
7ffff7829000-7ffff782c000 rw-p 001db000 103:02 20935                     /usr/lib/x86_64-linux-gnu/libstdc++.so.6.0.28
7ffff782c000-7ffff782f000 rw-p 00000000 00:00 0 
7ffff782f000-7ffff783c000 r--p 00000000 103:02 19165                     /usr/lib/x86_64-linux-gnu/libm-2.31.so
7ffff783c000-7ffff78e3000 r-xp 0000d000 103:02 19165                     /usr/lib/x86_64-linux-gnu/libm-2.31.so
7ffff78e3000-7ffff797c000 r--p 000b4000 103:02 19165                     /usr/lib/x86_64-linux-gnu/libm-2.31.so
7ffff797c000-7ffff797d000 r--p 0014c000 103:02 19165                     /usr/lib/x86_64-linux-gnu/libm-2.31.so
7ffff797d000-7ffff797e000 rw-p 0014d000 103:02 19165                     /usr/lib/x86_64-linux-gnu/libm-2.31.so
7ffff797e000-7ffff79a0000 r--p 00000000 103:02 19163                     /usr/lib/x86_64-linux-gnu/libc-2.31.so
7ffff79a0000-7ffff7b18000 r-xp 00022000 103:02 19163                     /usr/lib/x86_64-linux-gnu/libc-2.31.so
7ffff7b18000-7ffff7b66000 r--p 0019a000 103:02 19163                     /usr/lib/x86_64-linux-gnu/libc-2.31.so
7ffff7b66000-7ffff7b6a000 r--p 001e7000 103:02 19163                     /usr/lib/x86_64-linux-gnu/libc-2.31.so
7ffff7b6a000-7ffff7b6c000 rw-p 001eb000 103:02 19163                     /usr/lib/x86_64-linux-gnu/libc-2.31.so
7ffff7b6c000-7ffff7b70000 rw-p 00000000 00:00 0 
7ffff7b70000-7ffff7b71000 r--p 00000000 103:02 19164                     /usr/lib/x86_64-linux-gnu/libdl-2.31.so
7ffff7b71000-7ffff7b73000 r-xp 00001000 103:02 19164                     /usr/lib/x86_64-linux-gnu/libdl-2.31.so
7ffff7b73000-7ffff7b74000 r--p 00003000 103:02 19164                     /usr/lib/x86_64-linux-gnu/libdl-2.31.so
7ffff7b74000-7ffff7b75000 r--p 00003000 103:02 19164                     /usr/lib/x86_64-linux-gnu/libdl-2.31.so
7ffff7b75000-7ffff7b76000 rw-p 00004000 103:02 19164                     /usr/lib/x86_64-linux-gnu/libdl-2.31.so
7ffff7b76000-7ffff7b78000 rw-p 00000000 00:00 0 
7ffff7b78000-7ffff7b7b000 r--p 00000000 103:02 788956                    /usr/lib/jvm/java-11-openjdk-amd64/lib/jli/libjli.so
7ffff7b7b000-7ffff7b85000 r-xp 00003000 103:02 788956                    /usr/lib/jvm/java-11-openjdk-amd64/lib/jli/libjli.so
7ffff7b85000-7ffff7b88000 r--p 0000d000 103:02 788956                    /usr/lib/jvm/java-11-openjdk-amd64/lib/jli/libjli.so
7ffff7b88000-7ffff7b89000 ---p 00010000 103:02 788956                    /usr/lib/jvm/java-11-openjdk-amd64/lib/jli/libjli.so
7ffff7b89000-7ffff7b8a000 r--p 00010000 103:02 788956                    /usr/lib/jvm/java-11-openjdk-amd64/lib/jli/libjli.so
7ffff7b8a000-7ffff7b8b000 rw-p 00011000 103:02 788956                    /usr/lib/jvm/java-11-openjdk-amd64/lib/jli/libjli.so
7ffff7b8b000-7ffff7b91000 r--p 00000000 103:02 19176                     /usr/lib/x86_64-linux-gnu/libpthread-2.31.so
7ffff7b91000-7ffff7ba2000 r-xp 00006000 103:02 19176                     /usr/lib/x86_64-linux-gnu/libpthread-2.31.so
7ffff7ba2000-7ffff7ba8000 r--p 00017000 103:02 19176                     /usr/lib/x86_64-linux-gnu/libpthread-2.31.so
7ffff7ba8000-7ffff7ba9000 r--p 0001c000 103:02 19176                     /usr/lib/x86_64-linux-gnu/libpthread-2.31.so
7ffff7ba9000-7ffff7baa000 rw-p 0001d000 103:02 19176                     /usr/lib/x86_64-linux-gnu/libpthread-2.31.so
7ffff7baa000-7ffff7bae000 rw-p 00000000 00:00 0 
7ffff7bae000-7ffff7bb0000 r--p 00000000 103:02 3849                      /usr/lib/x86_64-linux-gnu/libz.so.1.2.11
7ffff7bb0000-7ffff7bc1000 r-xp 00002000 103:02 3849                      /usr/lib/x86_64-linux-gnu/libz.so.1.2.11
7ffff7bc1000-7ffff7bc7000 r--p 00013000 103:02 3849                      /usr/lib/x86_64-linux-gnu/libz.so.1.2.11
7ffff7bc7000-7ffff7bc8000 ---p 00019000 103:02 3849                      /usr/lib/x86_64-linux-gnu/libz.so.1.2.11
7ffff7bc8000-7ffff7bc9000 r--p 00019000 103:02 3849                      /usr/lib/x86_64-linux-gnu/libz.so.1.2.11
7ffff7bc9000-7ffff7bca000 rw-p 0001a000 103:02 3849                      /usr/lib/x86_64-linux-gnu/libz.so.1.2.11
7ffff7bca000-7ffff7bcb000 r--p 00000000 103:02 11597                     /usr/lib/locale/C.UTF-8/LC_MEASUREMENT
7ffff7bcb000-7ffff7bcc000 ---p 00000000 00:00 0 
7ffff7bcc000-7ffff7bcd000 r--p 00000000 00:00 0 
7ffff7bcd000-7ffff7bd2000 r--p 00000000 103:02 788999                    /usr/lib/jvm/java-11-openjdk-amd64/lib/libverify.so
7ffff7bd2000-7ffff7bd9000 r-xp 00005000 103:02 788999                    /usr/lib/jvm/java-11-openjdk-amd64/lib/libverify.so
7ffff7bd9000-7ffff7bdb000 r--p 0000c000 103:02 788999                    /usr/lib/jvm/java-11-openjdk-amd64/lib/libverify.so
7ffff7bdb000-7ffff7bdc000 ---p 0000e000 103:02 788999                    /usr/lib/jvm/java-11-openjdk-amd64/lib/libverify.so
7ffff7bdc000-7ffff7bde000 r--p 0000e000 103:02 788999                    /usr/lib/jvm/java-11-openjdk-amd64/lib/libverify.so
7ffff7bde000-7ffff7bdf000 rw-p 00010000 103:02 788999                    /usr/lib/jvm/java-11-openjdk-amd64/lib/libverify.so
7ffff7bdf000-7ffff7c2f000 r--p 00000000 00:89 90611437                   /opt/nfs/byr/chukonu_install/lib/libchukonu.so
7ffff7c2f000-7ffff7cb1000 r-xp 00050000 00:89 90611437                   /opt/nfs/byr/chukonu_install/lib/libchukonu.so
7ffff7cb1000-7ffff7ce1000 r--p 000d2000 00:89 90611437                   /opt/nfs/byr/chukonu_install/lib/libchukonu.so
7ffff7ce1000-7ffff7ce8000 r--p 00101000 00:89 90611437                   /opt/nfs/byr/chukonu_install/lib/libchukonu.so
7ffff7ce8000-7ffff7cea000 rw-p 00108000 00:89 90611437                   /opt/nfs/byr/chukonu_install/lib/libchukonu.so
7ffff7cea000-7ffff7ceb000 rw-p 00000000 00:00 0 
7ffff7ceb000-7ffff7cf2000 r--p 00000000 103:02 68098                     /usr/lib/x86_64-linux-gnu/libjemalloc.so.2
7ffff7cf2000-7ffff7d8b000 r-xp 00007000 103:02 68098                     /usr/lib/x86_64-linux-gnu/libjemalloc.so.2
7ffff7d8b000-7ffff7d9b000 r--p 000a0000 103:02 68098                     /usr/lib/x86_64-linux-gnu/libjemalloc.so.2
7ffff7d9b000-7ffff7d9c000 ---p 000b0000 103:02 68098                     /usr/lib/x86_64-linux-gnu/libjemalloc.so.2
7ffff7d9c000-7ffff7da1000 r--p 000b0000 103:02 68098                     /usr/lib/x86_64-linux-gnu/libjemalloc.so.2
7ffff7da1000-7ffff7da2000 rw-p 000b5000 103:02 68098                     /usr/lib/x86_64-linux-gnu/libjemalloc.so.2
7ffff7da2000-7ffff7fc9000 rw-p 00000000 00:00 0 
7ffff7fc9000-7ffff7fcd000 r--p 00000000 00:00 0                          [vvar]
7ffff7fcd000-7ffff7fcf000 r-xp 00000000 00:00 0                          [vdso]
7ffff7fcf000-7ffff7fd0000 r--p 00000000 103:02 19159                     /usr/lib/x86_64-linux-gnu/ld-2.31.so
7ffff7fd0000-7ffff7ff3000 r-xp 00001000 103:02 19159                     /usr/lib/x86_64-linux-gnu/ld-2.31.so
7ffff7ff3000-7ffff7ffb000 r--p 00024000 103:02 19159                     /usr/lib/x86_64-linux-gnu/ld-2.31.so
7ffff7ffb000-7ffff7ffc000 r--p 00000000 103:02 11596                     /usr/lib/locale/C.UTF-8/LC_IDENTIFICATION
7ffff7ffc000-7ffff7ffd000 r--p 0002c000 103:02 19159                     /usr/lib/x86_64-linux-gnu/ld-2.31.so
7ffff7ffd000-7ffff7ffe000 rw-p 0002d000 103:02 19159                     /usr/lib/x86_64-linux-gnu/ld-2.31.so
7ffff7ffe000-7ffff7fff000 rw-p 00000000 00:00 0 
7ffffffd3000-7ffffffff000 rw-p 00000000 00:00 0                          [stack]
ffffffffff600000-ffffffffff601000 --xp 00000000 00:00 0                  [vsyscall]


VM Arguments:
jvm_args: -Xmx4g -XX:MaxMetaspaceSize=1300m -Djava.io.tmpdir=/home/byr/opt/spark/target/tmp -Dspark.test.home=/home/byr/opt/spark -Dspark.testing=1 -Dspark.port.maxRetries=100 -Dspark.master.rest.enabled=false -Dspark.memory.debugFill=true -Dspark.ui.enabled=false -Dspark.ui.showConsoleProgress=false -Dspark.unsafe.exceptionOnMemoryLeak=true -Dspark.hadoop.hadoop.security.key.provider.path=test:/// -Dsun.io.serialization.extendedDebugInfo=false -Dderby.system.durability=test -Dio.netty.tryReflectionSetAccessible=true -ea -Xmx4g -Xss4m -XX:MaxMetaspaceSize=1300m -XX:ReservedCodeCacheSize=128m -Dfile.encoding=UTF-8 -XX:+IgnoreUnrecognizedVMOptions --add-opens=java.base/java.lang=ALL-UNNAMED --add-opens=java.base/java.lang.invoke=ALL-UNNAMED --add-opens=java.base/java.lang.reflect=ALL-UNNAMED --add-opens=java.base/java.io=ALL-UNNAMED --add-opens=java.base/java.net=ALL-UNNAMED --add-opens=java.base/java.nio=ALL-UNNAMED --add-opens=java.base/java.util=ALL-UNNAMED --add-opens=java.base/java.util.concurrent=ALL-UNNAMED --add-opens=java.base/java.util.concurrent.atomic=ALL-UNNAMED --add-opens=java.base/jdk.internal.ref=ALL-UNNAMED --add-opens=java.base/sun.nio.ch=ALL-UNNAMED --add-opens=java.base/sun.nio.cs=ALL-UNNAMED --add-opens=java.base/sun.security.action=ALL-UNNAMED --add-opens=java.base/sun.util.calendar=ALL-UNNAMED -Djdk.reflect.useDirectMethodHandle=false 
java_command: sbt.ForkMain 34681
java_class_path (initial): /home/byr/opt/spark/sql/core/target/scala-2.12/test-classes:/home/byr/opt/spark/sql/core/target/scala-2.12/spark-sql_2.12-3.4.4-SNAPSHOT.jar:/home/byr/opt/spark/common/tags/target/scala-2.12/spark-tags_2.12-3.4.4-SNAPSHOT.jar:/home/byr/opt/spark/common/tags/target/scala-2.12/test-classes:/home/byr/opt/spark/common/sketch/target/scala-2.12/spark-sketch_2.12-3.4.4-SNAPSHOT.jar:/home/byr/opt/spark/core/target/scala-2.12/spark-core_2.12-3.4.4-SNAPSHOT.jar:/home/byr/opt/spark/common/network-shuffle/target/scala-2.12/spark-network-shuffle_2.12-3.4.4-SNAPSHOT.jar:/home/byr/opt/spark/common/network-common/target/scala-2.12/spark-network-common_2.12-3.4.4-SNAPSHOT.jar:/home/byr/opt/spark/common/unsafe/target/scala-2.12/spark-unsafe_2.12-3.4.4-SNAPSHOT.jar:/home/byr/opt/spark/common/kvstore/target/scala-2.12/spark-kvstore_2.12-3.4.4-SNAPSHOT.jar:/home/byr/opt/spark/launcher/target/scala-2.12/spark-launcher_2.12-3.4.4-SNAPSHOT.jar:/home/byr/opt/spark/core/target/scala-2.12/test-classes:/home/byr/opt/spark/launcher/target/scala-2.12/test-classes:/home/byr/opt/spark/common/network-shuffle/target/scala-2.12/test-classes:/home/byr/opt/spark/common/network-common/target/scala-2.12/test-classes:/home/byr/opt/spark/sql/catalyst/target/scala-2.12/spark-catalyst_2.12-3.4.4-SNAPSHOT.jar:/home/byr/opt/spark/sql/catalyst/target/scala-2.12/test-classes:/opt/nfs/byr/chukonu_install/jar/chukonu_2.12-0.5.1.jar:/home/byr/.sbt/boot/scala-2.12.17/lib/scala-library.jar:/home/byr/.cache/coursier/v1/https/repo1.maven.org/maven2/org/rocksdb/rocksdbjni/7.9.2/rocksdbjni-7.9.2.jar:/home/byr/.cache/coursier/v1/https/repo1.maven.org/maven2/com/univocity/univocity-parsers/2.9.1/univocity-parsers-2.9.1.jar:/home/byr/.cache/coursier/v1/https/maven-central.storage-download.googleapis.com/maven2/org/apache/orc/orc-core/1.8.7/orc-core-1.8.7-shaded-protobuf.jar:/home/byr/.cache/coursier/v1/https/maven-central.storage-download.googleapis.com/maven2/org/apache/orc/orc-mapreduce/1.8.7/
Launcher Type: SUN_STANDARD

[Global flags]
     intx CICompilerCount                          = 12                                        {product} {ergonomic}
     uint ConcGCThreads                            = 3                                         {product} {ergonomic}
     uint G1ConcRefinementThreads                  = 13                                        {product} {ergonomic}
   size_t G1HeapRegionSize                         = 1048576                                   {product} {ergonomic}
    uintx GCDrainStackTargetSize                   = 64                                        {product} {ergonomic}
     bool IgnoreUnrecognizedVMOptions              = true                                      {product} {command line}
   size_t InitialHeapSize                          = 2078277632                                {product} {ergonomic}
   size_t MarkStackSize                            = 4194304                                   {product} {ergonomic}
   size_t MaxHeapSize                              = 4294967296                                {product} {command line}
   size_t MaxMetaspaceSize                         = 1363148800                                {product} {command line}
   size_t MaxNewSize                               = 2576351232                                {product} {ergonomic}
   size_t MinHeapDeltaBytes                        = 1048576                                   {product} {ergonomic}
    uintx NonProfiledCodeHeapSize                  = 0                                      {pd product} {ergonomic}
    uintx ProfiledCodeHeapSize                     = 0                                      {pd product} {ergonomic}
    uintx ReservedCodeCacheSize                    = 134217728                              {pd product} {command line}
     intx ThreadStackSize                          = 4096                                   {pd product} {command line}
     bool UseCompressedClassPointers               = true                                 {lp64_product} {ergonomic}
     bool UseCompressedOops                        = true                                 {lp64_product} {ergonomic}
     bool UseG1GC                                  = true                                      {product} {ergonomic}

Logging:
Log output configuration:
 #0: stdout all=warning uptime,level,tags
 #1: stderr all=off uptime,level,tags

Environment Variables:
JAVA_HOME=/usr/lib/jvm/java-11-openjdk-amd64
PATH=/home/byr/pyvenv-chukonu/bin:/home/byr/.local/bin:/opt/spark-3.4.1//bin:/opt/scala-2.12.18//bin:/opt/hive-4.0.0//bin:/usr/lib/jvm/java-11-openjdk-amd64/bin:/home/byr/.local/bin:/opt/spark-3.4.1//bin:/opt/scala-2.12.18//bin:/opt/hive-4.0.0//bin:/usr/lib/jvm/java-11-openjdk-amd64/bin:/usr/local/sbin:/usr/local/bin:/usr/sbin:/usr/bin:/sbin:/bin:/usr/games:/usr/local/games:/snap/bin:/opt/hadoop-3.3.3/bin:/opt/hadoop-3.3.3/sbin:/opt/hadoop-3.3.3/bin:/opt/hadoop-3.3.3/sbin
LD_LIBRARY_PATH=/home/byr/tmp/chukonu/cache:/opt/nfs/byr/chukonu_install//lib
LD_PRELOAD=/lib/x86_64-linux-gnu/libjemalloc.so.2:/opt/nfs/byr/chukonu_install//lib/libchukonu.so
SHELL=/bin/bash
LANG=C.UTF-8
TERM=screen

Signal Handlers:
SIGSEGV: [libjvm.so+0xea2ae0], sa_mask[0]=11111111011111111101111111111110, sa_flags=SA_RESTART|SA_SIGINFO
SIGBUS: [libjvm.so+0xea2ae0], sa_mask[0]=11111111011111111101111111111110, sa_flags=SA_RESTART|SA_SIGINFO
SIGFPE: [libjvm.so+0xea2ae0], sa_mask[0]=11111111011111111101111111111110, sa_flags=SA_RESTART|SA_SIGINFO
SIGPIPE: [libjvm.so+0xbe95d0], sa_mask[0]=11111111011111111101111111111110, sa_flags=SA_RESTART|SA_SIGINFO
SIGXFSZ: [libjvm.so+0xbe95d0], sa_mask[0]=11111111011111111101111111111110, sa_flags=SA_RESTART|SA_SIGINFO
SIGILL: [libjvm.so+0xea2ae0], sa_mask[0]=11111111011111111101111111111110, sa_flags=SA_RESTART|SA_SIGINFO
SIGUSR2: [libjvm.so+0xbe9470], sa_mask[0]=00100000000000000000000000000000, sa_flags=SA_RESTART|SA_SIGINFO
SIGHUP: [libjvm.so+0xbe9c30], sa_mask[0]=11111111011111111101111111111110, sa_flags=SA_RESTART|SA_SIGINFO
SIGINT: [libjvm.so+0xbe9c30], sa_mask[0]=11111111011111111101111111111110, sa_flags=SA_RESTART|SA_SIGINFO
SIGTERM: [libjvm.so+0xbe9c30], sa_mask[0]=11111111011111111101111111111110, sa_flags=SA_RESTART|SA_SIGINFO
SIGQUIT: [libjvm.so+0xbe9c30], sa_mask[0]=11111111011111111101111111111110, sa_flags=SA_RESTART|SA_SIGINFO


---------------  S Y S T E M  ---------------

OS:DISTRIB_ID=Ubuntu
DISTRIB_RELEASE=20.04
DISTRIB_CODENAME=focal
DISTRIB_DESCRIPTION="Ubuntu 20.04.6 LTS"
uname:Linux 5.15.0-1056-aws #61~20.04.1-Ubuntu SMP Wed Mar 13 17:40:41 UTC 2024 x86_64
OS uptime: 268 days 19:56 hours
libc:glibc 2.31 NPTL 2.31 
rlimit (soft/hard): STACK 8192k/infinity , CORE infinity/infinity , NPROC 507051/507051 , NOFILE 52706963/52706963 , AS infinity/infinity , CPU infinity/infinity , DATA infinity/infinity , FSIZE infinity/infinity , MEMLOCK 65536k/65536k
load average:1.94 1.29 1.12

/proc/meminfo:
MemTotal:       129821204 kB
MemFree:         1480612 kB
MemAvailable:   63240648 kB
Buffers:          665948 kB
Cached:         58941260 kB
SwapCached:            0 kB
Active:         43262116 kB
Inactive:       79905000 kB
Active(anon):       1932 kB
Inactive(anon): 63633288 kB
Active(file):   43260184 kB
Inactive(file): 16271712 kB
Unevictable:       25652 kB
Mlocked:           18536 kB
SwapTotal:             0 kB
SwapFree:              0 kB
Dirty:             16516 kB
Writeback:             0 kB
AnonPages:      63586984 kB
Mapped:          2006812 kB
Shmem:             59728 kB
KReclaimable:    3460452 kB
Slab:            4430188 kB
SReclaimable:    3460452 kB
SUnreclaim:       969736 kB
KernelStack:       60016 kB
PageTables:       201960 kB
NFS_Unstable:          0 kB
Bounce:                0 kB
WritebackTmp:          0 kB
CommitLimit:    64910600 kB
Committed_AS:   110220672 kB
VmallocTotal:   34359738367 kB
VmallocUsed:       91564 kB
VmallocChunk:          0 kB
Percpu:            33408 kB
HardwareCorrupted:     0 kB
AnonHugePages:         0 kB
ShmemHugePages:        0 kB
ShmemPmdMapped:        0 kB
FileHugePages:         0 kB
FilePmdMapped:         0 kB
HugePages_Total:       0
HugePages_Free:        0
HugePages_Rsvd:        0
HugePages_Surp:        0
Hugepagesize:       2048 kB
Hugetlb:               0 kB
DirectMap4k:     9793444 kB
DirectMap2M:    120213504 kB
DirectMap1G:     2097152 kB

/sys/kernel/mm/transparent_hugepage/enabled:
always [madvise] never
/sys/kernel/mm/transparent_hugepage/defrag (defrag/compaction efforts parameter):
always defer defer+madvise [madvise] never

Process Memory:
Virtual Size: 6684584K (peak: 15264720K)
Resident Set Size: 831188K (peak: 831188K) (anon: 797380K, file: 33808K, shmem: 0K)
Swapped out: 0K
C-Heap outstanding allocations: 0K, retained: 0K
glibc malloc tunables: (default)

/proc/sys/kernel/threads-max (system-wide limit on the number of threads):
1014103
/proc/sys/vm/max_map_count (maximum number of memory map areas a process may have):
65530
/proc/sys/kernel/pid_max (system-wide limit on number of process identifiers):
4194304

container (cgroup) information:
container_type: cgroupv1
cpu_cpuset_cpus: 0-15
cpu_memory_nodes: 0
active_processor_count: 16
cpu_quota: no quota
cpu_period: 100000
cpu_shares: no shares
memory_limit_in_bytes: unlimited
memory_and_swap_limit_in_bytes: unlimited
memory_soft_limit_in_bytes: unlimited
memory_usage_in_bytes: 24850228 k
memory_max_usage_in_bytes: 33324736 k
kernel_memory_usage_in_bytes: 590120 k
kernel_memory_max_usage_in_bytes: unlimited
kernel_memory_limit_in_bytes: 2393124 k
maximum number of tasks: unlimited
current number of tasks: 574

KVM virtualization detected
Steal ticks since vm start: 0
Steal ticks percentage since vm start:  0.000

CPU:total 16 (initial active 16) (8 cores per cpu, 2 threads per core) family 6 model 106 stepping 6 microcode 0xd0003a5, cmov, cx8, fxsr, mmx, sse, sse2, sse3, ssse3, sse4.1, sse4.2, popcnt, avx, avx2, aes, clmul, erms, 3dnowpref, lzcnt, ht, tsc, tscinvbit, bmi1, bmi2, adx, evex, sha, fma
CPU Model and flags from /proc/cpuinfo:
model name	: Intel(R) Xeon(R) Platinum 8375C CPU @ 2.90GHz
flags		: fpu vme de pse tsc msr pae mce cx8 apic sep mtrr pge mca cmov pat pse36 clflush mmx fxsr sse sse2 ss ht syscall nx pdpe1gb rdtscp lm constant_tsc rep_good nopl xtopology nonstop_tsc cpuid aperfmperf tsc_known_freq pni pclmulqdq ssse3 fma cx16 pcid sse4_1 sse4_2 x2apic movbe popcnt tsc_deadline_timer aes xsave avx f16c rdrand hypervisor lahf_lm abm 3dnowprefetch invpcid_single ssbd ibrs ibpb stibp ibrs_enhanced fsgsbase tsc_adjust bmi1 avx2 smep bmi2 erms invpcid avx512f avx512dq rdseed adx smap avx512ifma clflushopt clwb avx512cd sha_ni avx512bw avx512vl xsaveopt xsavec xgetbv1 xsaves wbnoinvd ida arat avx512vbmi pku ospke avx512_vbmi2 gfni vaes vpclmulqdq avx512_vnni avx512_bitalg tme avx512_vpopcntdq rdpid md_clear flush_l1d arch_capabilities
Online cpus:
0-15
Offline cpus:

BIOS frequency limitation:
<Not Available>
Frequency switch latency (ns):
<Not Available>
Available cpu frequencies:
<Not Available>
Current governor:
<Not Available>
Core performance/turbo boost:
<Not Available>

Memory: 4k page, physical 129821204k(1474248k free), swap 0k(0k free)

vm_info: OpenJDK 64-Bit Server VM (11.0.25+9-post-Ubuntu-1ubuntu120.04) for linux-amd64 JRE (11.0.25+9-post-Ubuntu-1ubuntu120.04), built on Oct 22 2024 14:56:54 by "unknown" with gcc 10.5.0

END.
