#
# A fatal error has been detected by the Java Runtime Environment:
#
#  SIGSEGV (0xb) at pc=0x00007fff30494be6, pid=1759192, tid=1759767
#
# JRE version: OpenJDK Runtime Environment (11.0.25+9) (build 11.0.25+9-post-Ubuntu-1ubuntu120.04)
# Java VM: OpenJDK 64-Bit Server VM (11.0.25+9-post-Ubuntu-1ubuntu120.04, mixed mode, sharing, tiered, compressed oops, g1 gc, linux-amd64)
# Problematic frame:
# C  [cached_code_6ED5B6DC20C0538DCDDD059D783FAB8A_0.so+0x151be6]  std::__detail::__variant::_Variant_storage<false, tsl::hopscotch_map<cmr::Tuple1<std::basic_string_view<char, std::char_traits<char> > >, cmr::Tuple1<std::optional<std::basic_string_view<char, std::char_traits<char> > > >, std::hash<cmr::Tuple1<std::basic_string_view<char, std::char_traits<char> > > >, std::equal_to<cmr::Tuple1<std::basic_string_view<char, std::char_traits<char> > > >, std::allocator<std::pair<cmr::Tuple1<std::basic_string_view<char, std::char_traits<char> > >, cmr::Tuple1<std::optional<std::basic_string_view<char, std::char_traits<char> > > > > >, 30u, true, tsl::hh::power_of_two_growth_policy<2ul> >, tsl::hopscotch_map<cmr::Tuple1<std::basic_string_view<char, std::char_traits<char> > >, std::vector<cmr::Tuple1<std::optional<std::basic_string_view<char, std::char_traits<char> > > >, std::allocator<cmr::Tuple1<std::optional<std::basic_string_view<char, std::char_traits<char> > > > > >, std::hash1<cmr::Tuple1<std::basic_string_view<char, std::char_traits<char> > > >, std::equal_to<cmr::Tuple1<std::basic_string_view<char, std::char_traits<char> > > >, std::allocator<std::pair<cmr::Tuple1<std::basic_string_view<char, std::char_traits<char> > >, std::vector<cmr::Tuple1<std::optional<std::basic_string_view<char, std::char_traits<char> > > >, std::allocator<cmr::Tuple1<std::optional<std::basic_string_view<char, std::char_traits<char> > > > > > > >, 30u, true, tsl::hh::power_of_two_growth_policy<2ul> > >::_M_valid() const+0x10
#
# No core dump will be written. Core dumps have been disabled. To enable core dumping, try "ulimit -c unlimited" before starting Java again
#
# If you would like to submit a bug report, please visit:
#   https://bugs.launchpad.net/ubuntu/+source/openjdk-lts
# The crash happened outside the Java Virtual Machine in native code.
# See problematic frame for where to report the bug.
#

---------------  S U M M A R Y ------------

Command Line: -Xmx4g -XX:MaxMetaspaceSize=1300m -Djava.io.tmpdir=/home/byr/opt/spark/target/tmp -Dspark.test.home=/home/byr/opt/spark -Dspark.testing=1 -Dspark.port.maxRetries=100 -Dspark.master.rest.enabled=false -Dspark.memory.debugFill=true -Dspark.ui.enabled=false -Dspark.ui.showConsoleProgress=false -Dspark.unsafe.exceptionOnMemoryLeak=true -Dspark.hadoop.hadoop.security.key.provider.path=test:/// -Dsun.io.serialization.extendedDebugInfo=false -Dderby.system.durability=test -Dio.netty.tryReflectionSetAccessible=true -ea -Xmx4g -Xss4m -XX:MaxMetaspaceSize=1300m -XX:ReservedCodeCacheSize=128m -Dfile.encoding=UTF-8 -XX:+IgnoreUnrecognizedVMOptions --add-opens=java.base/java.lang=ALL-UNNAMED --add-opens=java.base/java.lang.invoke=ALL-UNNAMED --add-opens=java.base/java.lang.reflect=ALL-UNNAMED --add-opens=java.base/java.io=ALL-UNNAMED --add-opens=java.base/java.net=ALL-UNNAMED --add-opens=java.base/java.nio=ALL-UNNAMED --add-opens=java.base/java.util=ALL-UNNAMED --add-opens=java.base/java.util.concurrent=ALL-UNNAMED --add-opens=java.base/java.util.concurrent.atomic=ALL-UNNAMED --add-opens=java.base/jdk.internal.ref=ALL-UNNAMED --add-opens=java.base/sun.nio.ch=ALL-UNNAMED --add-opens=java.base/sun.nio.cs=ALL-UNNAMED --add-opens=java.base/sun.security.action=ALL-UNNAMED --add-opens=java.base/sun.util.calendar=ALL-UNNAMED -Djdk.reflect.useDirectMethodHandle=false sbt.ForkMain 39501

Host: Intel(R) Xeon(R) Platinum 8375C CPU @ 2.90GHz, 16 cores, 123G, Ubuntu 20.04.6 LTS
Time: Wed Jan  8 14:21:32 2025 CST elapsed time: 546.914979 seconds (0d 0h 9m 6s)

---------------  T H R E A D  ---------------

Current thread (0x00007fffbbe0e000):  JavaThread "Executor task launch worker for task 1.0 in stage 724.0 (TID 987)" daemon [_thread_in_native, id=1759767, stack(0x00007fffa45f5000,0x00007fffa49f6000)]

Stack: [0x00007fffa45f5000,0x00007fffa49f6000],  sp=0x00007fffa49f0f10,  free space=4079k
Native frames: (J=compiled Java code, A=aot compiled Java code, j=interpreted, Vv=VM code, C=native code)
C  [cached_code_6ED5B6DC20C0538DCDDD059D783FAB8A_0.so+0x151be6]  std::__detail::__variant::_Variant_storage<false, tsl::hopscotch_map<cmr::Tuple1<std::basic_string_view<char, std::char_traits<char> > >, cmr::Tuple1<std::optional<std::basic_string_view<char, std::char_traits<char> > > >, std::hash<cmr::Tuple1<std::basic_string_view<char, std::char_traits<char> > > >, std::equal_to<cmr::Tuple1<std::basic_string_view<char, std::char_traits<char> > > >, std::allocator<std::pair<cmr::Tuple1<std::basic_string_view<char, std::char_traits<char> > >, cmr::Tuple1<std::optional<std::basic_string_view<char, std::char_traits<char> > > > > >, 30u, true, tsl::hh::power_of_two_growth_policy<2ul> >, tsl::hopscotch_map<cmr::Tuple1<std::basic_string_view<char, std::char_traits<char> > >, std::vector<cmr::Tuple1<std::optional<std::basic_string_view<char, std::char_traits<char> > > >, std::allocator<cmr::Tuple1<std::optional<std::basic_string_view<char, std::char_traits<char> > > > > >, std::hash1<cmr::Tuple1<std::basic_string_view<char, std::char_traits<char> > > >, std::equal_to<cmr::Tuple1<std::basic_string_view<char, std::char_traits<char> > > >, std::allocator<std::pair<cmr::Tuple1<std::basic_string_view<char, std::char_traits<char> > >, std::vector<cmr::Tuple1<std::optional<std::basic_string_view<char, std::char_traits<char> > > >, std::allocator<cmr::Tuple1<std::optional<std::basic_string_view<char, std::char_traits<char> > > > > > > >, 30u, true, tsl::hh::power_of_two_growth_policy<2ul> > >::_M_valid() const+0x10
C  [cached_code_6ED5B6DC20C0538DCDDD059D783FAB8A_0.so+0x14f39e]  std::variant<tsl::hopscotch_map<cmr::Tuple1<std::basic_string_view<char, std::char_traits<char> > >, cmr::Tuple1<std::optional<std::basic_string_view<char, std::char_traits<char> > > >, std::hash<cmr::Tuple1<std::basic_string_view<char, std::char_traits<char> > > >, std::equal_to<cmr::Tuple1<std::basic_string_view<char, std::char_traits<char> > > >, std::allocator<std::pair<cmr::Tuple1<std::basic_string_view<char, std::char_traits<char> > >, cmr::Tuple1<std::optional<std::basic_string_view<char, std::char_traits<char> > > > > >, 30u, true, tsl::hh::power_of_two_growth_policy<2ul> >, tsl::hopscotch_map<cmr::Tuple1<std::basic_string_view<char, std::char_traits<char> > >, std::vector<cmr::Tuple1<std::optional<std::basic_string_view<char, std::char_traits<char> > > >, std::allocator<cmr::Tuple1<std::optional<std::basic_string_view<char, std::char_traits<char> > > > > >, std::hash1<cmr::Tuple1<std::basic_string_view<char, std::char_traits<char> > > >, std::equal_to<cmr::Tuple1<std::basic_string_view<char, std::char_traits<char> > > >, std::allocator<std::pair<cmr::Tuple1<std::basic_string_view<char, std::char_traits<char> > >, std::vector<cmr::Tuple1<std::optional<std::basic_string_view<char, std::char_traits<char> > > >, std::allocator<cmr::Tuple1<std::optional<std::basic_string_view<char, std::char_traits<char> > > > > > > >, 30u, true, tsl::hh::power_of_two_growth_policy<2ul> > >::valueless_by_exception() const+0x1c
C  [cached_code_6ED5B6DC20C0538DCDDD059D783FAB8A_0.so+0x126c3a]  _ZSt5visitIZZNK3cmr8internal28DoBroadcastNullAwareAntiJoinILNS0_3HowE5ENS0_6Tuple1ISt17basic_string_viewIcSt11char_traitsIcEEEEPKNS0_6Tuple2ISt8optionalIS8_EiEEbNS0_18GenericObjectArrayINS0_18SparkColumnarBatchISD_EEEENS0_26GenericObjectArrayProducerISI_SD_EENS4_ISC_EEXtlNS0_12RelationModeELi0ELl0ELl0EEEZ18chukonu_module_runEUlRKT_E_Z18chukonu_module_runEUlSQ_E0_St4hashIS9_EZ18chukonu_module_runEUlSQ_RKT0_E1_NS0_16CondOpAlwaysTrueEEclINS0_11MapConsumerISD_NS0_9Gen_UDF_1IS8_EEZNKS0_3sql11Union_UDF_2IiiNS0_11MapProducerINS0_6Tuple3ISC_iS8_EENS0_22MapPartitionsEProducerISJ_SD_SL_S10_EES14_EENS17_IS19_NS1A_ISJ_SD_SL_NS2_ILS3_5ES9_SF_bSJ_SL_SM_XtlSN_Li0ELl0ELl0EEEZ18chukonu_module_runEUlSQ_E2_Z18chukonu_module_runEUlSQ_E3_SU_Z18chukonu_module_runEUlSQ_SX_E4_SZ_EEEENS0_9Gen_UDF_2IS8_EEEESJ_SJ_EclIZZNS15_34BuildUntypedSparkColumnarBatchExecIS19_NS0_10ArcWrapperI12SerializableEENS0_15ClosureProducerIS1Q_S19_S1L_EEEENS0_13TypedOperatorI25UntypedSparkColumnarBatchNS0_15DefaultProducerIS1U_EEEENS1T_ISV_T1_EEENKUlSO_SV_E_clISt10shared_ptrIS1Q_ES1S_EEDaSO_SV_EUlRKS19_E_EEDaS23_SO_EUlSQ_E_EEEEDaS22_ISJ_ESL_SO_ENKUlRSE_E_clES2A_EUlSQ_E_JRKSt7variantIJN3tsl13hopscotch_mapIS9_SM_SU_St8equal_toIS9_ESaISt4pairIS9_SM_EELj30ELb1ENS2E_2hh26power_of_two_growth_policyILm2EEEEENS2F_IS9_St6vectorISM_SaISM_EESt5hash1IS9_ES2H_SaIS2I_IS9_S2R_EELj30ELb1ES2N_EEEEEENSt13invoke_resultISO_JDpDTcl3getILm0EEcl7declvalIT0_EEEEEE4typeEOSO_DpOS31_+0x1d
C  [cached_code_6ED5B6DC20C0538DCDDD059D783FAB8A_0.so+0x125f28]  _ZZNK3cmr8internal28DoBroadcastNullAwareAntiJoinILNS_3HowE5ENS_6Tuple1ISt17basic_string_viewIcSt11char_traitsIcEEEEPKNS_6Tuple2ISt8optionalIS7_EiEEbNS_18GenericObjectArrayINS_18SparkColumnarBatchISC_EEEENS_26GenericObjectArrayProducerISH_SC_EENS3_ISB_EEXtlNS_12RelationModeELi0ELl0ELl0EEEZ18chukonu_module_runEUlRKT_E_Z18chukonu_module_runEUlSP_E0_St4hashIS8_EZ18chukonu_module_runEUlSP_RKT0_E1_NS_16CondOpAlwaysTrueEEclINS_11MapConsumerISC_NS_9Gen_UDF_1IS7_EEZNKS_3sql11Union_UDF_2IiiNS_11MapProducerINS_6Tuple3ISB_iS7_EENS_22MapPartitionsEProducerISI_SC_SK_SZ_EES13_EENS16_IS18_NS19_ISI_SC_SK_NS1_ILS2_5ES8_SE_bSI_SK_SL_XtlSM_Li0ELl0ELl0EEEZ18chukonu_module_runEUlSP_E2_Z18chukonu_module_runEUlSP_E3_ST_Z18chukonu_module_runEUlSP_SW_E4_SY_EEEENS_9Gen_UDF_2IS7_EEEESI_SI_EclIZZNS14_34BuildUntypedSparkColumnarBatchExecIS18_NS_10ArcWrapperI12SerializableEENS_15ClosureProducerIS1P_S18_S1K_EEEENS_13TypedOperatorI25UntypedSparkColumnarBatchNS_15DefaultProducerIS1T_EEEENS1S_ISU_T1_EEENKUlSN_SU_E_clISt10shared_ptrIS1P_ES1R_EEDaSN_SU_EUlRKS18_E_EEDaS22_SN_EUlSP_E_EEEEDaS21_ISI_ESK_SN_ENKUlRSD_E_clES29_+0x9c
C  [cached_code_6ED5B6DC20C0538DCDDD059D783FAB8A_0.so+0x126d7d]  _ZNK3cmr26GenericObjectArrayProducerINS_18SparkColumnarBatchINS_6Tuple2ISt8optionalISt17basic_string_viewIcSt11char_traitsIcEEEiEEEES9_E7produceIZNKS_8internal28DoBroadcastNullAwareAntiJoinILNS_3HowE5ENS_6Tuple1IS7_EEPKS9_bNS_18GenericObjectArrayISA_EESB_NSG_IS8_EEXtlNS_12RelationModeELi0ELl0ELl0EEEZ18chukonu_module_runEUlRKT_E_Z18chukonu_module_runEUlSQ_E0_St4hashISH_EZ18chukonu_module_runEUlSQ_RKT0_E1_NS_16CondOpAlwaysTrueEEclINS_11MapConsumerIS9_NS_9Gen_UDF_1IS7_EEZNKS_3sql11Union_UDF_2IiiNS_11MapProducerINS_6Tuple3IS8_iS7_EENS_22MapPartitionsEProducerISL_S9_SB_S10_EES14_EENS17_IS19_NS1A_ISL_S9_SB_NSE_ILSF_5ESH_SJ_bSL_SB_SM_XtlSN_Li0ELl0ELl0EEEZ18chukonu_module_runEUlSQ_E2_Z18chukonu_module_runEUlSQ_E3_SU_Z18chukonu_module_runEUlSQ_SX_E4_SZ_EEEENS_9Gen_UDF_2IS7_EEEESL_SL_EclIZZNS15_34BuildUntypedSparkColumnarBatchExecIS19_NS_10ArcWrapperI12SerializableEENS_15ClosureProducerIS1Q_S19_S1L_EEEENS_13TypedOperatorI25UntypedSparkColumnarBatchNS_15DefaultProducerIS1U_EEEENS1T_ISV_T1_EEENKUlSO_SV_E_clISt10shared_ptrIS1Q_ES1S_EEDaSO_SV_EUlRKS19_E_EEDaS23_SO_EUlSQ_E_EEEEDaS22_ISL_ESB_SO_EUlRSI_E_EEvS29_SO_+0x105
C  [cached_code_6ED5B6DC20C0538DCDDD059D783FAB8A_0.so+0x125fc3]  _ZNK3cmr8internal28DoBroadcastNullAwareAntiJoinILNS_3HowE5ENS_6Tuple1ISt17basic_string_viewIcSt11char_traitsIcEEEEPKNS_6Tuple2ISt8optionalIS7_EiEEbNS_18GenericObjectArrayINS_18SparkColumnarBatchISC_EEEENS_26GenericObjectArrayProducerISH_SC_EENS3_ISB_EEXtlNS_12RelationModeELi0ELl0ELl0EEEZ18chukonu_module_runEUlRKT_E_Z18chukonu_module_runEUlSP_E0_St4hashIS8_EZ18chukonu_module_runEUlSP_RKT0_E1_NS_16CondOpAlwaysTrueEEclINS_11MapConsumerISC_NS_9Gen_UDF_1IS7_EEZNKS_3sql11Union_UDF_2IiiNS_11MapProducerINS_6Tuple3ISB_iS7_EENS_22MapPartitionsEProducerISI_SC_SK_SZ_EES13_EENS16_IS18_NS19_ISI_SC_SK_NS1_ILS2_5ES8_SE_bSI_SK_SL_XtlSM_Li0ELl0ELl0EEEZ18chukonu_module_runEUlSP_E2_Z18chukonu_module_runEUlSP_E3_ST_Z18chukonu_module_runEUlSP_SW_E4_SY_EEEENS_9Gen_UDF_2IS7_EEEESI_SI_EclIZZNS14_34BuildUntypedSparkColumnarBatchExecIS18_NS_10ArcWrapperI12SerializableEENS_15ClosureProducerIS1P_S18_S1K_EEEENS_13TypedOperatorI25UntypedSparkColumnarBatchNS_15DefaultProducerIS1T_EEEENS1S_ISU_T1_EEENKUlSN_SU_E_clISt10shared_ptrIS1P_ES1R_EEDaSN_SU_EUlRKS18_E_EEDaS22_SN_EUlSP_E_EEEEDaS21_ISI_ESK_SN_+0x83
C  [cached_code_6ED5B6DC20C0538DCDDD059D783FAB8A_0.so+0x1253ec]  _ZNK3cmr3sql11Union_UDF_2IiiNS_11MapProducerINS_6Tuple3ISt8optionalISt17basic_string_viewIcSt11char_traitsIcEEEiS8_EENS_22MapPartitionsEProducerINS_18GenericObjectArrayINS_18SparkColumnarBatchINS_6Tuple2IS9_iEEEEEESF_NS_26GenericObjectArrayProducerISG_SF_EENS_8internal28DoBroadcastNullAwareAntiJoinILNS_3HowE5ENS_6Tuple1IS8_EEPKSF_bSH_SJ_NSN_IS9_EEXtlNS_12RelationModeELi0ELl0ELl0EEEZ18chukonu_module_runEUlRKT_E_Z18chukonu_module_runEUlSV_E0_St4hashISO_EZ18chukonu_module_runEUlSV_RKT0_E1_NS_16CondOpAlwaysTrueEEEEENS_9Gen_UDF_1IS8_EEEENS2_ISA_NSB_ISH_SF_SJ_NSL_ILSM_5ESO_SQ_bSH_SJ_SR_XtlSS_Li0ELl0ELl0EEEZ18chukonu_module_runEUlSV_E2_Z18chukonu_module_runEUlSV_E3_SZ_Z18chukonu_module_runEUlSV_S12_E4_S14_EEEENS_9Gen_UDF_2IS8_EEEESH_SH_EclIZZNS0_34BuildUntypedSparkColumnarBatchExecISA_NS_10ArcWrapperI12SerializableEENS_15ClosureProducerIS1N_SA_S1I_EEEENS_13TypedOperatorI25UntypedSparkColumnarBatchNS_15DefaultProducerIS1R_EEEENS1Q_IS10_T1_EEENKUlST_S10_E_clISt10shared_ptrIS1N_ES1P_EEDaST_S10_EUlRKSA_E_EEDaS20_ST_+0x26c
C  [cached_code_6ED5B6DC20C0538DCDDD059D783FAB8A_0.so+0x1249e2]  _ZZN3cmr3sql34BuildUntypedSparkColumnarBatchExecINS_6Tuple3ISt8optionalISt17basic_string_viewIcSt11char_traitsIcEEEiS7_EENS_10ArcWrapperI12SerializableEENS_15ClosureProducerISC_S9_NS0_11Union_UDF_2IiiNS_11MapProducerIS9_NS_22MapPartitionsEProducerINS_18GenericObjectArrayINS_18SparkColumnarBatchINS_6Tuple2IS8_iEEEEEESK_NS_26GenericObjectArrayProducerISL_SK_EENS_8internal28DoBroadcastNullAwareAntiJoinILNS_3HowE5ENS_6Tuple1IS7_EEPKSK_bSM_SO_NSS_IS8_EEXtlNS_12RelationModeELi0ELl0ELl0EEEZ18chukonu_module_runEUlRKT_E_Z18chukonu_module_runEUlS10_E0_St4hashIST_EZ18chukonu_module_runEUlS10_RKT0_E1_NS_16CondOpAlwaysTrueEEEEENS_9Gen_UDF_1IS7_EEEENSF_IS9_NSG_ISM_SK_SO_NSQ_ILSR_5EST_SV_bSM_SO_SW_XtlSX_Li0ELl0ELl0EEEZ18chukonu_module_runEUlS10_E2_Z18chukonu_module_runEUlS10_E3_S14_Z18chukonu_module_runEUlS10_S17_E4_S19_EEEENS_9Gen_UDF_2IS7_EEEESM_SM_EEEEEENS_13TypedOperatorI25UntypedSparkColumnarBatchNS_15DefaultProducerIS1Q_EEEENS1P_IS15_T1_EEENKUlSY_S15_E_clISt10shared_ptrISC_ES1O_EEDaSY_S15_+0xe4
C  [cached_code_6ED5B6DC20C0538DCDDD059D783FAB8A_0.so+0x12a51d]  _ZN3cmr25CallableWithOptionalParamIZNS_3sql34BuildUntypedSparkColumnarBatchExecINS_6Tuple3ISt8optionalISt17basic_string_viewIcSt11char_traitsIcEEEiS8_EENS_10ArcWrapperI12SerializableEENS_15ClosureProducerISD_SA_NS1_11Union_UDF_2IiiNS_11MapProducerISA_NS_22MapPartitionsEProducerINS_18GenericObjectArrayINS_18SparkColumnarBatchINS_6Tuple2IS9_iEEEEEESL_NS_26GenericObjectArrayProducerISM_SL_EENS_8internal28DoBroadcastNullAwareAntiJoinILNS_3HowE5ENS_6Tuple1IS8_EEPKSL_bSN_SP_NST_IS9_EEXtlNS_12RelationModeELi0ELl0ELl0EEEZ18chukonu_module_runEUlRKT_E_Z18chukonu_module_runEUlS11_E0_St4hashISU_EZ18chukonu_module_runEUlS11_RKT0_E1_NS_16CondOpAlwaysTrueEEEEENS_9Gen_UDF_1IS8_EEEENSG_ISA_NSH_ISN_SL_SP_NSR_ILSS_5ESU_SW_bSN_SP_SX_XtlSY_Li0ELl0ELl0EEEZ18chukonu_module_runEUlS11_E2_Z18chukonu_module_runEUlS11_E3_S15_Z18chukonu_module_runEUlS11_S18_E4_S1A_EEEENS_9Gen_UDF_2IS8_EEEESN_SN_EEEEEENS_13TypedOperatorI25UntypedSparkColumnarBatchNS_15DefaultProducerIS1R_EEEENS1Q_IS16_T1_EEEUlSZ_S16_E_Lb1EEclIRSt10shared_ptrISD_ERS1P_EEDaOSZ_OS16_+0xad
C  [cached_code_6ED5B6DC20C0538DCDDD059D783FAB8A_0.so+0x12a677]  _ZN3cmr8internal25MapPartitionsWithProducerINS_10ArcWrapperI12SerializableEENS_25CallableWithOptionalParamIZNS_3sql34BuildUntypedSparkColumnarBatchExecINS_6Tuple3ISt8optionalISt17basic_string_viewIcSt11char_traitsIcEEEiSD_EES4_NS_15ClosureProducerIS4_SF_NS6_11Union_UDF_2IiiNS_11MapProducerISF_NS_22MapPartitionsEProducerINS_18GenericObjectArrayINS_18SparkColumnarBatchINS_6Tuple2ISE_iEEEEEESN_NS_26GenericObjectArrayProducerISO_SN_EENS0_28DoBroadcastNullAwareAntiJoinILNS_3HowE5ENS_6Tuple1ISD_EEPKSN_bSP_SR_NSU_ISE_EEXtlNS_12RelationModeELi0ELl0ELl0EEEZ18chukonu_module_runEUlRKT_E_Z18chukonu_module_runEUlS12_E0_St4hashISV_EZ18chukonu_module_runEUlS12_RKT0_E1_NS_16CondOpAlwaysTrueEEEEENS_9Gen_UDF_1ISD_EEEENSI_ISF_NSJ_ISP_SN_SR_NSS_ILST_5ESV_SX_bSP_SR_SY_XtlSZ_Li0ELl0ELl0EEEZ18chukonu_module_runEUlS12_E2_Z18chukonu_module_runEUlS12_E3_S16_Z18chukonu_module_runEUlS12_S19_E4_S1B_EEEENS_9Gen_UDF_2ISD_EEEESP_SP_EEEEEENS_13TypedOperatorI25UntypedSparkColumnarBatchNS_15DefaultProducerIS1S_EEEENS1R_IS17_T1_EEEUlS10_S17_E_Lb1EEES1Q_E4callESt6vectorISt10shared_ptrI3AnyE15MemoryAllocatorIS24_SaIS24_EEEi+0xe9

Java frames: (J=compiled Java code, j=interpreted, Vv=VM code)
J 19655  org.pacman.backend.ChukonuNativeBackend.object_fn_call_as_transform1(Lorg/pacman/backend/DataflowExecutorWorkerContext;JIIJ)J (0 bytes) @ 0x00007fffe51d8a2f [0x00007fffe51d89c0+0x000000000000006f]
J 28851 c1 org.pacman.backend.spark.SparkDataflowExecutorContext.$anonfun$batch_transform1$2(Lorg/pacman/backend/spark/SparkDataflowExecutorContext;Lorg/pacman/backend/NativeObject;IILscala/collection/Iterator;)J (44 bytes) @ 0x00007fffe5423d34 [0x00007fffe5423100+0x0000000000000c34]
J 21584 c1 org.pacman.backend.spark.SparkDataflowExecutorContext$$Lambda$2968.apply$mcJ$sp()J (24 bytes) @ 0x00007fffe83888fc [0x00007fffe8388840+0x00000000000000bc]
J 21749 c2 scala.runtime.java8.JFunction0$mcJ$sp.apply()Ljava/lang/Object; (10 bytes) @ 0x00007fffe83e9d0c [0x00007fffe83e9cc0+0x000000000000004c]
J 17149 c1 org.pacman.chukonu.ChukonuMetrics$.withSqlMetricTiming(Lscala/Option;Lscala/Function0;)Ljava/lang/Object; (89 bytes) @ 0x00007fffe78be51c [0x00007fffe78bdce0+0x000000000000083c]
J 19660 c1 org.pacman.backend.spark.SparkDataflowExecutorContext$$Lambda$2969.apply()Ljava/lang/Object; (12 bytes) @ 0x00007fffe4cf19d4 [0x00007fffe4cf18e0+0x00000000000000f4]
J 19659 c1 org.pacman.chukonu.ChukonuMetrics$.withSqlMetricDelta(ILscala/Option;Lscala/Function0;)Ljava/lang/Object; (95 bytes) @ 0x00007fffe5904cb4 [0x00007fffe5904460+0x0000000000000854]
J 19807 c1 org.pacman.backend.spark.SparkDataflowExecutorContext.$anonfun$batch_transform1$1(Lorg/pacman/backend/spark/SparkDataflowExecutorContext;Lorg/pacman/backend/NativeObject;IILscala/collection/Iterator;)Lscala/collection/Iterator; (98 bytes) @ 0x00007fffe67a4afc [0x00007fffe67a3cc0+0x0000000000000e3c]
J 19805 c1 org.pacman.backend.spark.SparkDataflowExecutorContext$$Lambda$2948.apply(Ljava/lang/Object;Ljava/lang/Object;)Ljava/lang/Object; (21 bytes) @ 0x00007fffe49e8e3c [0x00007fffe49e8a80+0x00000000000003bc]
J 18285 c1 org.apache.spark.rdd.RDD$$Lambda$2943.apply(Ljava/lang/Object;Ljava/lang/Object;Ljava/lang/Object;)Ljava/lang/Object; (17 bytes) @ 0x00007fffe7353a84 [0x00007fffe73534a0+0x00000000000005e4]
J 29937 c2 org.apache.spark.rdd.MapPartitionsRDD.compute(Lorg/apache/spark/Partition;Lorg/apache/spark/TaskContext;)Lscala/collection/Iterator; (36 bytes) @ 0x00007fffe95c8974 [0x00007fffe95c8560+0x0000000000000414]
J 29937 c2 org.apache.spark.rdd.MapPartitionsRDD.compute(Lorg/apache/spark/Partition;Lorg/apache/spark/TaskContext;)Lscala/collection/Iterator; (36 bytes) @ 0x00007fffe95c894c [0x00007fffe95c8560+0x00000000000003ec]
J 26107 c2 org.apache.spark.rdd.RDD.iterator(Lorg/apache/spark/Partition;Lorg/apache/spark/TaskContext;)Lscala/collection/Iterator; (44 bytes) @ 0x00007fffe8f1dfb8 [0x00007fffe8f1de60+0x0000000000000158]
J 20045 c1 org.pacman.util.TimeTrackingRDD$$Lambda$2959.apply()Ljava/lang/Object; (16 bytes) @ 0x00007fffe61d4dd4 [0x00007fffe61d4ce0+0x00000000000000f4]
J 28276 c2 org.pacman.util.TimeTrackingRDD$.measureTime(Lscala/collection/Seq;Lscala/collection/Seq;Lscala/Function0;)Ljava/lang/Object; (99 bytes) @ 0x00007fffe6cb532c [0x00007fffe6cb5240+0x00000000000000ec]
J 20065 c1 org.pacman.util.TimeTrackingRDD.compute(Lorg/apache/spark/Partition;Lorg/apache/spark/TaskContext;)Lscala/collection/Iterator; (36 bytes) @ 0x00007fffe61c8324 [0x00007fffe61c7e60+0x00000000000004c4]
J 29937 c2 org.apache.spark.rdd.MapPartitionsRDD.compute(Lorg/apache/spark/Partition;Lorg/apache/spark/TaskContext;)Lscala/collection/Iterator; (36 bytes) @ 0x00007fffe95c894c [0x00007fffe95c8560+0x00000000000003ec]
J 29937 c2 org.apache.spark.rdd.MapPartitionsRDD.compute(Lorg/apache/spark/Partition;Lorg/apache/spark/TaskContext;)Lscala/collection/Iterator; (36 bytes) @ 0x00007fffe95c894c [0x00007fffe95c8560+0x00000000000003ec]
J 26107 c2 org.apache.spark.rdd.RDD.iterator(Lorg/apache/spark/Partition;Lorg/apache/spark/TaskContext;)Lscala/collection/Iterator; (44 bytes) @ 0x00007fffe8f1dfb8 [0x00007fffe8f1de60+0x0000000000000158]
j  org.apache.spark.sql.execution.SQLExecutionRDD.$anonfun$compute$1(Lorg/apache/spark/sql/execution/SQLExecutionRDD;Lorg/apache/spark/Partition;Lorg/apache/spark/TaskContext;)Lscala/collection/Iterator;+14
j  org.apache.spark.sql.execution.SQLExecutionRDD$$Lambda$2958.apply()Ljava/lang/Object;+12
j  org.apache.spark.sql.internal.SQLConf$.withExistingConf(Lorg/apache/spark/sql/internal/SQLConf;Lscala/Function0;)Ljava/lang/Object;+20
j  org.apache.spark.sql.execution.SQLExecutionRDD.compute(Lorg/apache/spark/Partition;Lorg/apache/spark/TaskContext;)Lscala/collection/Iterator;+28
J 29937 c2 org.apache.spark.rdd.MapPartitionsRDD.compute(Lorg/apache/spark/Partition;Lorg/apache/spark/TaskContext;)Lscala/collection/Iterator; (36 bytes) @ 0x00007fffe95c894c [0x00007fffe95c8560+0x00000000000003ec]
J 26107 c2 org.apache.spark.rdd.RDD.iterator(Lorg/apache/spark/Partition;Lorg/apache/spark/TaskContext;)Lscala/collection/Iterator; (44 bytes) @ 0x00007fffe8f1dfb8 [0x00007fffe8f1de60+0x0000000000000158]
J 24607 c1 org.apache.spark.scheduler.ResultTask.runTask(Lorg/apache/spark/TaskContext;)Ljava/lang/Object; (210 bytes) @ 0x00007fffe8a2bb54 [0x00007fffe8a29b40+0x0000000000002014]
J 24920 c1 org.apache.spark.TaskContext.runTaskWithListeners(Lorg/apache/spark/scheduler/Task;)Ljava/lang/Object; (74 bytes) @ 0x00007fffe88dc71c [0x00007fffe88dc5e0+0x000000000000013c]
J 26174 c1 org.apache.spark.scheduler.Task.run(JILorg/apache/spark/metrics/MetricsSystem;ILscala/collection/immutable/Map;Lscala/Option;)Ljava/lang/Object; (356 bytes) @ 0x00007fffe60335ec [0x00007fffe6030be0+0x0000000000002a0c]
J 26173 c1 org.apache.spark.executor.Executor$TaskRunner.$anonfun$run$3(Lorg/apache/spark/executor/Executor$TaskRunner;Lscala/runtime/BooleanRef;)Ljava/lang/Object; (54 bytes) @ 0x00007fffe4f4e34c [0x00007fffe4f4e100+0x000000000000024c]
J 26169 c1 org.apache.spark.executor.Executor$TaskRunner$$Lambda$2902.apply()Ljava/lang/Object; (12 bytes) @ 0x00007fffe54aac64 [0x00007fffe54aabc0+0x00000000000000a4]
J 29283 c2 org.apache.spark.util.Utils$.tryWithSafeFinally(Lscala/Function0;Lscala/Function0;)Ljava/lang/Object; (207 bytes) @ 0x00007fffe6bf0b18 [0x00007fffe6bf0ac0+0x0000000000000058]
J 26160 c1 org.apache.spark.executor.Executor$TaskRunner.run()V (2727 bytes) @ 0x00007fffe8dc5274 [0x00007fffe8dc1880+0x00000000000039f4]
j  java.util.concurrent.ThreadPoolExecutor.runWorker(Ljava/util/concurrent/ThreadPoolExecutor$Worker;)V+92 java.base@11.0.25
j  java.util.concurrent.ThreadPoolExecutor$Worker.run()V+5 java.base@11.0.25
j  java.lang.Thread.run()V+11 java.base@11.0.25
v  ~StubRoutines::call_stub

siginfo: si_signo: 11 (SIGSEGV), si_code: 1 (SEGV_MAPERR), si_addr: 0x0000000000000060

Register to memory mapping:

RAX=0x0 is NULL
RBX=0x00007fffa49f1520 is pointing into the stack for thread: 0x00007fffbbe0e000
RCX=0x00007fffa49f0f90 is pointing into the stack for thread: 0x00007fffbbe0e000
RDX=0x0 is NULL
RSP=0x00007fffa49f0f10 is pointing into the stack for thread: 0x00007fffbbe0e000
RBP=0x00007fffa49f0f10 is pointing into the stack for thread: 0x00007fffbbe0e000
RSI=0x0 is NULL
RDI=0x0 is NULL
R8 =0x0000000000000080 is an unknown value
R9 =0x00007fffa49f5700 is pointing into the stack for thread: 0x00007fffbbe0e000
R10=0x00007fff303a4641: <offset 0x0000000000061641> in /home/byr/tmp/chukonu/cache/cached_code_6ED5B6DC20C0538DCDDD059D783FAB8A_0.so at 0x00007fff30343000
R11=0x00007fff30492382: _ZNKSt7variantIJN3tsl13hopscotch_mapIN3cmr6Tuple1ISt17basic_string_viewIcSt11char_traitsIcEEEENS3_ISt8optionalIS7_EEESt4hashIS8_ESt8equal_toIS8_ESaISt4pairIS8_SB_EELj30ELb1ENS0_2hh26power_of_two_growth_policyILm2EEEEENS1_IS8_St6vectorISB_SaISB_EESt5hash1IS8_ESF_SaISG_IS8_SP_EELj30ELb1ESL_EEEE22valueless_by_exceptionEv+0x0000000000000000 in /home/byr/tmp/chukonu/cache/cached_code_6ED5B6DC20C0538DCDDD059D783FAB8A_0.so at 0x00007fff30343000
R12=0x00007fffa49f14f8 is pointing into the stack for thread: 0x00007fffbbe0e000
R13=0x00007fffa49f1690 is pointing into the stack for thread: 0x00007fffbbe0e000
R14=0x00007fffa49f1740 is pointing into the stack for thread: 0x00007fffbbe0e000
R15=0x0000000000000004 is an unknown value


Registers:
RAX=0x0000000000000000, RBX=0x00007fffa49f1520, RCX=0x00007fffa49f0f90, RDX=0x0000000000000000
RSP=0x00007fffa49f0f10, RBP=0x00007fffa49f0f10, RSI=0x0000000000000000, RDI=0x0000000000000000
R8 =0x0000000000000080, R9 =0x00007fffa49f5700, R10=0x00007fff303a4641, R11=0x00007fff30492382
R12=0x00007fffa49f14f8, R13=0x00007fffa49f1690, R14=0x00007fffa49f1740, R15=0x0000000000000004
RIP=0x00007fff30494be6, EFLAGS=0x0000000000010202, CSGSFS=0x002b000000000033, ERR=0x0000000000000004
  TRAPNO=0x000000000000000e

Top of Stack: (sp=0x00007fffa49f0f10)
0x00007fffa49f0f10:   00007fffa49f0f30 00007fff3049239e
0x00007fffa49f0f20:   00007fffa49f1520 0000000000000000
0x00007fffa49f0f30:   00007fffa49f0f60 00007fff30469c3a
0x00007fffa49f0f40:   0000000000000000 00007fffa49f0fb0 

Instructions: (pc=0x00007fff30494be6)
0x00007fff30494ae6:   89 e5 48 83 ec 30 48 89 7d e8 48 89 75 e0 48 89
0x00007fff30494af6:   55 d8 64 48 8b 04 25 28 00 00 00 48 89 45 f8 31
0x00007fff30494b06:   c0 48 8b 55 d8 48 8b 45 e0 48 89 d6 48 89 c7 e8
0x00007fff30494b16:   d6 78 fc ff 48 89 c1 48 8b 45 e8 48 8b 55 d8 48
0x00007fff30494b26:   8b 75 e0 48 89 c7 e8 1f 93 fc ff 90 48 8b 45 f8
0x00007fff30494b36:   64 48 2b 04 25 28 00 00 00 74 05 e8 7a 48 fc ff
0x00007fff30494b46:   48 8b 45 e8 c9 c3 f3 0f 1e fa 55 48 89 e5 48 83
0x00007fff30494b56:   ec 20 48 89 7d e8 48 89 75 e0 64 48 8b 04 25 28
0x00007fff30494b66:   00 00 00 48 89 45 f8 31 c0 48 8b 45 e8 48 8b 55
0x00007fff30494b76:   e0 48 89 d6 48 89 c7 e8 8e 70 fc ff 90 48 8b 45
0x00007fff30494b86:   f8 64 48 2b 04 25 28 00 00 00 74 05 e8 29 48 fc
0x00007fff30494b96:   ff 48 8b 45 e8 c9 c3 f3 0f 1e fa 55 48 89 e5 48
0x00007fff30494ba6:   89 7d f8 48 89 75 f0 48 8b 45 f8 48 8b 10 48 8b
0x00007fff30494bb6:   45 f0 48 8b 00 48 39 c2 0f 94 c0 5d c3 f3 0f 1e
0x00007fff30494bc6:   fa 55 48 89 e5 48 89 7d f8 48 8b 45 f8 5d c3 90
0x00007fff30494bd6:   f3 0f 1e fa 55 48 89 e5 48 89 7d f8 48 8b 45 f8
0x00007fff30494be6:   0f b6 40 60 3c ff 0f 95 c0 5d c3 f3 0f 1e fa 55
0x00007fff30494bf6:   48 89 e5 48 89 7d f8 48 8b 45 f8 5d c3 f3 0f 1e
0x00007fff30494c06:   fa 55 48 89 e5 48 89 7d f8 48 8b 45 f8 5d c3 90
0x00007fff30494c16:   f3 0f 1e fa 55 48 89 e5 48 83 ec 10 48 89 7d f8
0x00007fff30494c26:   48 8b 45 f8 48 89 c7 e8 1e 17 fc ff c9 c3 f3 0f
0x00007fff30494c36:   1e fa 55 48 89 e5 48 89 7d f8 48 8b 45 f8 5d c3
0x00007fff30494c46:   f3 0f 1e fa 55 48 89 e5 48 83 ec 10 48 89 7d f8
0x00007fff30494c56:   48 8b 45 f8 48 89 c7 e8 7e e2 fb ff c9 c3 f3 0f
0x00007fff30494c66:   1e fa 55 48 89 e5 48 83 ec 30 48 89 7d e8 48 89
0x00007fff30494c76:   75 e0 48 89 55 d8 64 48 8b 04 25 28 00 00 00 48
0x00007fff30494c86:   89 45 f8 31 c0 48 8b 4d e0 48 8b 45 e8 48 8b 55
0x00007fff30494c96:   d8 48 89 ce 48 89 c7 e8 8e 09 fc ff 90 48 8b 45
0x00007fff30494ca6:   f8 64 48 2b 04 25 28 00 00 00 74 05 e8 09 47 fc
0x00007fff30494cb6:   ff 48 8b 45 e8 c9 c3 90 f3 0f 1e fa 55 48 89 e5
0x00007fff30494cc6:   48 83 ec 20 48 89 7d e8 48 89 75 e0 64 48 8b 04
0x00007fff30494cd6:   25 28 00 00 00 48 89 45 f8 31 c0 48 8b 55 e0 48 


Stack slot to memory mapping:
stack at sp + 0 slots: 0x00007fffa49f0f30 is pointing into the stack for thread: 0x00007fffbbe0e000
stack at sp + 1 slots: 0x00007fff3049239e: _ZNKSt7variantIJN3tsl13hopscotch_mapIN3cmr6Tuple1ISt17basic_string_viewIcSt11char_traitsIcEEEENS3_ISt8optionalIS7_EEESt4hashIS8_ESt8equal_toIS8_ESaISt4pairIS8_SB_EELj30ELb1ENS0_2hh26power_of_two_growth_policyILm2EEEEENS1_IS8_St6vectorISB_SaISB_EESt5hash1IS8_ESF_SaISG_IS8_SP_EELj30ELb1ESL_EEEE22valueless_by_exceptionEv+0x000000000000001c in /home/byr/tmp/chukonu/cache/cached_code_6ED5B6DC20C0538DCDDD059D783FAB8A_0.so at 0x00007fff30343000
stack at sp + 2 slots: 0x00007fffa49f1520 is pointing into the stack for thread: 0x00007fffbbe0e000
stack at sp + 3 slots: 0x0 is NULL
stack at sp + 4 slots: 0x00007fffa49f0f60 is pointing into the stack for thread: 0x00007fffbbe0e000
stack at sp + 5 slots: 0x00007fff30469c3a: <offset 0x0000000000126c3a> in /home/byr/tmp/chukonu/cache/cached_code_6ED5B6DC20C0538DCDDD059D783FAB8A_0.so at 0x00007fff30343000
stack at sp + 6 slots: 0x0 is NULL
stack at sp + 7 slots: 0x00007fffa49f0fb0 is pointing into the stack for thread: 0x00007fffbbe0e000


---------------  P R O C E S S  ---------------

Threads class SMR info:
_java_thread_list=0x00007fffc3800360, length=283, elements={
0x00007ffff50a1000, 0x00007ffff50a2000, 0x00007ffff50a3000, 0x00007ffff50a4000,
0x00007ffff50a4800, 0x00007ffff50a5800, 0x00007ffff50a6800, 0x00007ffff50a7800,
0x00007fffd5a27000, 0x00007fffcb27b800, 0x00007fffcb291000, 0x00007fffcb294000,
0x00007fffc1591000, 0x00007fffc1592000, 0x00007fffc1593000, 0x00007fffc1594000,
0x00007fffc1594800, 0x00007fffc1595800, 0x00007fffc1596800, 0x00007fffc1597800,
0x00007fffbe574000, 0x00007fffbe575000, 0x00007fffbe576000, 0x00007fffbe578800,
0x00007fffbe57a800, 0x00007fffbe66c000, 0x00007fffbe66d000, 0x00007fffb4018000,
0x00007fffb36b7000, 0x00007fffbe66f000, 0x00007fffbe66f800, 0x00007fffbe670800,
0x00007fffbe671800, 0x00007fffbe672800, 0x00007fffbe673000, 0x00007fffbe674000,
0x00007fffbe675000, 0x00007fffbe676000, 0x00007fffbe676800, 0x00007fffbe677800,
0x00007fffbe678800, 0x00007fffd5034000, 0x00007fffaca56800, 0x00007fffbbe0e000,
0x00007fffbbe0f000, 0x00007fffbc868000, 0x00007fffbbe10000, 0x00007fffbc869000,
0x00007fffbc86a000, 0x00007fffa32aa800, 0x00007fffa32ab800, 0x00007fffb0423000,
0x00007fffb0424000, 0x00007fffb0425000, 0x00007fffb0426000, 0x00007fffb0426800,
0x00007fffc5670800, 0x00007fffb0427800, 0x00007fffc022d000, 0x00007fffb0428800,
0x00007fffcbcca000, 0x00007fffacc41000, 0x00007fffb57a8000, 0x00007fffcee6f000,
0x00007fffcee70000, 0x00007fffca0b4800, 0x00007fffc8a57000, 0x00007fffb57a8800,
0x00007fffc6ca7000, 0x00007fffc6cb0000, 0x00007fffc444f000, 0x00007fffc3e57000,
0x00007fffb57a9800, 0x00007fffc1670000, 0x00007fffc1671000, 0x00007fffbd343000,
0x00007fffbc871000, 0x00007fffb57aa800, 0x00007fffbb47c000, 0x00007fffbb47d000,
0x00007fffb9e19000, 0x00007fffb9418000, 0x00007fffb57ab800, 0x00007fffb8017000,
0x00007fffb8018000, 0x00007fffb6d11000, 0x00007fffb609c000, 0x00007fffb57ac000,
0x00007fffb36c0000, 0x00007fffb36c1000, 0x00007fffb224d000, 0x00007fffafa19000,
0x00007fffb57ad000, 0x00007fffe42da000, 0x00007fffe42dc000, 0x00007fffd3ef9000,
0x00007fffd34ca000, 0x00007fffb56b9000, 0x00007fffb56ba000, 0x00007fffd207b000,
0x00007fffd207c000, 0x00007fffd16df800, 0x00007fffd0e9d800, 0x00007fffd16e0800,
0x00007fffd00be000, 0x00007fffcfc7c000, 0x00007fffcee7c000, 0x00007fffb56bc000,
0x00007fffcbccb000, 0x00007fffcbccc000, 0x00007fff420a0000, 0x00007fffc8bb1800,
0x00007fffb56bc800, 0x00007fffc70d9000, 0x00007fffc70eb000, 0x00007fffc6848000,
0x00007fffc5c52000, 0x00007fffb56bd800, 0x00007fffc4a74000, 0x00007fffc4a75000,
0x00007fffc383e000, 0x00007fffc324f000, 0x00007fffb56be800, 0x00007fffc2062000,
0x00007fffc2063000, 0x00007fffc022b000, 0x00007fffbf926000, 0x00007fffb56bf800,
0x00007fffbc8cb800, 0x00007fffbc8cc800, 0x00007fffbb4dc000, 0x00007fffba83d000,
0x00007fffb57a5000, 0x00007fffb57a6000, 0x00007fffb94ce000, 0x00007fffb94cf000,
0x00007fffb8a5a000, 0x00007fffb761e000, 0x00007fffb8a5b000, 0x00007fffb6146800,
0x00007fffb57ae000, 0x00007fffb4021000, 0x00007fffb57a7000, 0x00007fffb2cc2000,
0x00007fffb2cc3000, 0x00007fffb1836000, 0x00007fffb0e6b000, 0x00007fffb5701000,
0x00007fff54b76000, 0x00007fff54b77000, 0x00007fffe42ea800, 0x00007fffd927b000,
0x00007fffb5701800, 0x00007fffd503c000, 0x00007fffd503d000, 0x00007fffab6ca000,
0x00007fffd35bc000, 0x00007fffb5702800, 0x00007fffd219a800, 0x00007fffd219b800,
0x00007fffd128c000, 0x00007fffd0fea000, 0x00007fffb5703800, 0x00007fffd00ca800,
0x00007fffd00cb800, 0x00007fffcf22f000, 0x00007fffceeab800, 0x00007fffb5704800,
0x00007fffcbe2a800, 0x00007fffcbe2b800, 0x00007fffc9443000, 0x00007fff5bc8a800,
0x00007fff8dc6f000, 0x00007fffc7102800, 0x00007fffc7103800, 0x00007fffc68c2000,
0x00007fffc6257000, 0x00007fff8dc70000, 0x00007fffc564f000, 0x00007fffc5652000,
0x00007fffc4ae3000, 0x00007fffc451e000, 0x00007fff8dc71000, 0x00007fffc3860800,
0x00007fffc3861800, 0x00007fffc242d000, 0x00007fffc2078000, 0x00007fff8dc72000,
0x00007fffc02e9000, 0x00007fffc02e9800, 0x00007fffbd2c9000, 0x00007fffbc96d800,
0x00007fff8dc72800, 0x00007fffbb558800, 0x00007fffbb559800, 0x00007fffb9e6c000,
0x00007fff98500800, 0x00007fff8dc73800, 0x00007fffb8063000, 0x00007fffb8063800,
0x00007fffb6d38000, 0x00007fff8deaf000, 0x00007fff8dc74800, 0x00007fffb4ccf000,
0x00007fffb4cd0000, 0x00007fffb377b800, 0x00007fffb2ccd800, 0x00007fff8dc75800,
0x00007fffb1898000, 0x00007fffb1899000, 0x00007fffb0429800, 0x00007fffafb52800,
0x00007fff8dc97000, 0x00007fffcb40f000, 0x00007fffcb40f800, 0x00007fffd9359800,
0x00007fffd8c57000, 0x00007fff8dc98000, 0x00007fffd4d13000, 0x00007fffd4d14000,
0x00007fffa7c86800, 0x00007fffd2afd000, 0x00007fff8dc99000, 0x00007fff8dc9a000,
0x00007fffd175f800, 0x00007fffd1712000, 0x00007fffd0433000, 0x00007fffcd575000,
0x00007fff9d077000, 0x00007fffcfcef000, 0x00007fffca0b5800, 0x00007fffca947000,
0x00007fffc4450000, 0x00007fffa7a0b000, 0x00007fffbd344000, 0x00007fffc8ba7000,
0x00007fffb9e1a000, 0x00007fffc70d4800, 0x00007fffb6d12000, 0x00007fffc691b800,
0x00007fffb224e000, 0x00007fffc5d30000, 0x00007fffd3efa000, 0x00007fffc504e000,
0x00007fffd046e000, 0x00007fffc45e4800, 0x00007fffcfc7d000, 0x00007fffc38d2800,
0x00007fff420a1000, 0x00007fffc2443000, 0x00007fffc6851000, 0x00007fffc1685000,
0x00007fffc3841000, 0x00007fffbf997000, 0x00007fffc022c000, 0x00007fffbc93b000,
0x00007fffbb4dd000, 0x00007fffbb4c6800, 0x00007fff900b1800, 0x00007fffb9fc1800,
0x00007fffb57af000, 0x00007fffb8b2e000, 0x00007fffacd88800, 0x00007fffa9b3e000,
0x00007fffa9b41800, 0x00007fffacc41800, 0x00007fffacc42800, 0x00007fffacc43800,
0x00007fffaccbc000, 0x00007fffc7ccf800, 0x00007fffacc3e000, 0x00007fffcbf22000,
0x00007fffacc3f000, 0x00007fffaccc0800, 0x00007fffb047c800, 0x00007fffaccc1800,
0x00007fffa32a7000, 0x00007fffaccbf800, 0x00007fffcf287800, 0x00007fffcf288800,
0x00007fffaccd4800, 0x00007fffcd228800, 0x00007fffaccd5800
}

Java Threads: ( => current thread )
  0x00007ffff50a1000 JavaThread "main" [_thread_blocked, id=1759196, stack(0x00007ffff5532000,0x00007ffff5933000)]
  0x00007ffff50a2000 JavaThread "Reference Handler" daemon [_thread_blocked, id=1759203, stack(0x00007fffd39ff000,0x00007fffd3e00000)]
  0x00007ffff50a3000 JavaThread "Finalizer" daemon [_thread_blocked, id=1759204, stack(0x00007fffd2fff000,0x00007fffd3400000)]
  0x00007ffff50a4000 JavaThread "Signal Dispatcher" daemon [_thread_blocked, id=1759205, stack(0x00007fffd25ff000,0x00007fffd2a00000)]
  0x00007ffff50a4800 JavaThread "Service Thread" daemon [_thread_blocked, id=1759206, stack(0x00007fffd1bff000,0x00007fffd2000000)]
  0x00007ffff50a5800 JavaThread "C2 CompilerThread0" daemon [_thread_blocked, id=1759207, stack(0x00007fffd2efe000,0x00007fffd2fff000)]
  0x00007ffff50a6800 JavaThread "C1 CompilerThread0" daemon [_thread_blocked, id=1759208, stack(0x00007fffd24fe000,0x00007fffd25ff000)]
  0x00007ffff50a7800 JavaThread "Sweeper thread" daemon [_thread_blocked, id=1759209, stack(0x00007fffd09ff000,0x00007fffd0e00000)]
  0x00007fffd5a27000 JavaThread "Common-Cleaner" daemon [_thread_blocked, id=1759215, stack(0x00007fffcf7ff000,0x00007fffcfc00000)]
  0x00007fffcb27b800 JavaThread "Timer-0" [_thread_blocked, id=1759238, stack(0x00007fffc99ff000,0x00007fffc9e00000)]
  0x00007fffcb291000 JavaThread "ScalaTest-dispatcher" [_thread_blocked, id=1759239, stack(0x00007fffc8fff000,0x00007fffc9400000)]
  0x00007fffcb294000 JavaThread "pool-1-thread-1-ScalaTest-running-SubquerySuite" [_thread_blocked, id=1759240, stack(0x00007fffc807f000,0x00007fffc8480000)]
  0x00007fffc1591000 JavaThread "rpc-boss-3-1" daemon [_thread_in_native, id=1759335, stack(0x00007fffbfdff000,0x00007fffc0200000)]
  0x00007fffc1592000 JavaThread "dispatcher-event-loop-0" daemon [_thread_blocked, id=1759343, stack(0x00007fffbcdff000,0x00007fffbd200000)]
  0x00007fffc1593000 JavaThread "dispatcher-event-loop-1" daemon [_thread_blocked, id=1759344, stack(0x00007fffbc3ff000,0x00007fffbc800000)]
  0x00007fffc1594000 JavaThread "map-output-dispatcher-0" daemon [_thread_blocked, id=1759348, stack(0x00007fffbb9ff000,0x00007fffbbe00000)]
  0x00007fffc1594800 JavaThread "map-output-dispatcher-1" daemon [_thread_blocked, id=1759349, stack(0x00007fffbafff000,0x00007fffbb400000)]
  0x00007fffc1595800 JavaThread "map-output-dispatcher-2" daemon [_thread_blocked, id=1759350, stack(0x00007fffba3ff000,0x00007fffba800000)]
  0x00007fffc1596800 JavaThread "map-output-dispatcher-3" daemon [_thread_blocked, id=1759351, stack(0x00007fffb99ff000,0x00007fffb9e00000)]
  0x00007fffc1597800 JavaThread "map-output-dispatcher-4" daemon [_thread_blocked, id=1759352, stack(0x00007fffb8fff000,0x00007fffb9400000)]
  0x00007fffbe574000 JavaThread "map-output-dispatcher-5" daemon [_thread_blocked, id=1759353, stack(0x00007fffb85ff000,0x00007fffb8a00000)]
  0x00007fffbe575000 JavaThread "map-output-dispatcher-6" daemon [_thread_blocked, id=1759354, stack(0x00007fffb7bff000,0x00007fffb8000000)]
  0x00007fffbe576000 JavaThread "map-output-dispatcher-7" daemon [_thread_blocked, id=1759355, stack(0x00007fffb71ff000,0x00007fffb7600000)]
  0x00007fffbe578800 JavaThread "dispatcher-BlockManagerMaster" daemon [_thread_blocked, id=1759356, stack(0x00007fffb65ff000,0x00007fffb6a00000)]
  0x00007fffbe57a800 JavaThread "dispatcher-BlockManagerEndpoint1" daemon [_thread_blocked, id=1759357, stack(0x00007fffb5bff000,0x00007fffb6000000)]
  0x00007fffbe66c000 JavaThread "RemoteBlock-temp-file-clean-thread" daemon [_thread_blocked, id=1759358, stack(0x00007fffb51ff000,0x00007fffb5600000)]
  0x00007fffbe66d000 JavaThread "dispatcher-HeartbeatReceiver" daemon [_thread_blocked, id=1759359, stack(0x00007fffb45ff000,0x00007fffb4a00000)]
  0x00007fffb4018000 JavaThread "heartbeat-receiver-event-loop-thread" daemon [_thread_blocked, id=1759360, stack(0x00007fffb3bff000,0x00007fffb4000000)]
  0x00007fffb36b7000 JavaThread "netty-rpc-env-timeout" daemon [_thread_blocked, id=1759361, stack(0x00007fffb31ff000,0x00007fffb3600000)]
  0x00007fffbe66f000 JavaThread "dispatcher-org.apache.spark.internal.plugin.PluginEndpoint" daemon [_thread_blocked, id=1759362, stack(0x00007fffb27ff000,0x00007fffb2c00000)]
  0x00007fffbe66f800 JavaThread "task-starvation-timer" daemon [_thread_blocked, id=1759363, stack(0x00007fffb1dff000,0x00007fffb2200000)]
  0x00007fffbe670800 JavaThread "task-abort-timer" daemon [_thread_blocked, id=1759364, stack(0x00007fffb13ff000,0x00007fffb1800000)]
  0x00007fffbe671800 JavaThread "dag-scheduler-event-loop" daemon [_thread_blocked, id=1759365, stack(0x00007fffb09ff000,0x00007fffb0e00000)]
  0x00007fffbe672800 JavaThread "driver-heartbeater" daemon [_thread_blocked, id=1759366, stack(0x00007fffaffff000,0x00007fffb0400000)]
  0x00007fffbe673000 JavaThread "executor-kill-mark-cleanup" daemon [_thread_blocked, id=1759367, stack(0x00007fffaf5ff000,0x00007fffafa00000)]
  0x00007fffbe674000 JavaThread "executor-heartbeater" daemon [_thread_blocked, id=1759368, stack(0x00007fffaf1fe000,0x00007fffaf5ff000)]
  0x00007fffbe675000 JavaThread "shuffle-boss-6-1" daemon [_thread_in_native, id=1759369, stack(0x00007fffaedfd000,0x00007fffaf1fe000)]
  0x00007fffbe676000 JavaThread "Spark Context Cleaner" daemon [_thread_blocked, id=1759372, stack(0x00007fffae1fc000,0x00007fffae5fd000)]
  0x00007fffbe676800 JavaThread "context-cleaner-periodic-gc" daemon [_thread_blocked, id=1759373, stack(0x00007fffaddfb000,0x00007fffae1fc000)]
  0x00007fffbe677800 JavaThread "spark-listener-group-appStatus" daemon [_thread_blocked, id=1759374, stack(0x00007fffad9fa000,0x00007fffaddfb000)]
  0x00007fffbe678800 JavaThread "spark-listener-group-executorManagement" daemon [_thread_blocked, id=1759375, stack(0x00007fffad5f9000,0x00007fffad9fa000)]
  0x00007fffd5034000 JavaThread "element-tracking-store-worker" daemon [_thread_blocked, id=1759376, stack(0x00007fffad1f8000,0x00007fffad5f9000)]
  0x00007fffaca56800 JavaThread "org.apache.hadoop.fs.FileSystem$Statistics$StatisticsDataReferenceCleaner" daemon [_thread_blocked, id=1759405, stack(0x00007fffc1bff000,0x00007fffc2000000)]
=>0x00007fffbbe0e000 JavaThread "Executor task launch worker for task 1.0 in stage 724.0 (TID 987)" daemon [_thread_in_native, id=1759767, stack(0x00007fffa45f5000,0x00007fffa49f6000)]
  0x00007fffbbe0f000 JavaThread "task-result-getter-0" daemon [_thread_blocked, id=1759770, stack(0x00007fffa49f6000,0x00007fffa4df7000)]
  0x00007fffbc868000 JavaThread "task-result-getter-1" daemon [_thread_blocked, id=1759772, stack(0x00007fffa4df7000,0x00007fffa51f8000)]
  0x00007fffbbe10000 JavaThread "task-result-getter-2" daemon [_thread_blocked, id=1759773, stack(0x00007fffa0850000,0x00007fffa0c51000)]
  0x00007fffbc869000 JavaThread "task-result-getter-3" daemon [_thread_blocked, id=1759847, stack(0x00007fff9ee4f000,0x00007fff9f250000)]
  0x00007fffbc86a000 JavaThread "Executor task launch worker for task 0.0 in stage 724.0 (TID 986)" daemon [_thread_in_native, id=1760549, stack(0x00007fff8c6a3000,0x00007fff8caa4000)]
  0x00007fffa32aa800 JavaThread "QueryStageCreator-6" daemon [_thread_blocked, id=1761148, stack(0x00007fff87a19000,0x00007fff87e1a000)]
  0x00007fffa32ab800 JavaThread "QueryStageCreator-7" daemon [_thread_blocked, id=1761149, stack(0x00007fff85f95000,0x00007fff86396000)]
  0x00007fffb0423000 JavaThread "QueryStageCreator-8" daemon [_thread_blocked, id=1761516, stack(0x00007fff600ff000,0x00007fff60500000)]
  0x00007fffb0424000 JavaThread "QueryStageCreator-9" daemon [_thread_blocked, id=1761620, stack(0x00007fff5fcfe000,0x00007fff600ff000)]
  0x00007fffb0425000 JavaThread "QueryStageCreator-10" daemon [_thread_blocked, id=1761706, stack(0x00007fff5e7fa000,0x00007fff5ebfb000)]
  0x00007fffb0426000 JavaThread "QueryStageCreator-11" daemon [_thread_blocked, id=1761855, stack(0x00007fff5dff8000,0x00007fff5e3f9000)]
  0x00007fffb0426800 JavaThread "QueryStageCreator-12" daemon [_thread_blocked, id=1761940, stack(0x00007fff5e3f9000,0x00007fff5e7fa000)]
  0x00007fffc5670800 JavaThread "QueryStageCreator-13" daemon [_thread_blocked, id=1762045, stack(0x00007fff5cdf6000,0x00007fff5d1f7000)]
  0x00007fffb0427800 JavaThread "QueryStageCreator-14" daemon [_thread_blocked, id=1762200, stack(0x00007fff928ac000,0x00007fff92cad000)]
  0x00007fffc022d000 JavaThread "QueryStageCreator-15" daemon [_thread_blocked, id=1762203, stack(0x00007fff938b0000,0x00007fff93cb1000)]
  0x00007fffb0428800 JavaThread "QueryStageCreator-16" daemon [_thread_blocked, id=1762299, stack(0x00007fff940b2000,0x00007fff944b3000)]
  0x00007fffcbcca000 JavaThread "process reaper" daemon [_thread_blocked, id=1768532, stack(0x00007fffe461a000,0x00007fffe463c000)]
  0x00007fffacc41000 JavaThread "broadcast-exchange-186" daemon [_thread_blocked, id=1775713, stack(0x00007fff8037e000,0x00007fff8077f000)]
  0x00007fffb57a8000 JavaThread "block-manager-storage-async-thread-pool-358" daemon [_thread_blocked, id=1775787, stack(0x00007fff93cb1000,0x00007fff940b2000)]
  0x00007fffcee6f000 JavaThread "block-manager-storage-async-thread-pool-359" daemon [_thread_blocked, id=1775788, stack(0x00007fff8f5a7000,0x00007fff8f9a8000)]
  0x00007fffcee70000 JavaThread "block-manager-storage-async-thread-pool-360" daemon [_thread_blocked, id=1775789, stack(0x00007fff2de2f000,0x00007fff2e230000)]
  0x00007fffca0b4800 JavaThread "block-manager-ask-thread-pool-283" daemon [_thread_blocked, id=1775790, stack(0x00007fff2e230000,0x00007fff2e631000)]
  0x00007fffc8a57000 JavaThread "block-manager-ask-thread-pool-284" daemon [_thread_blocked, id=1775791, stack(0x00007fff8a220000,0x00007fff8a621000)]
  0x00007fffb57a8800 JavaThread "block-manager-storage-async-thread-pool-361" daemon [_thread_blocked, id=1775792, stack(0x00007fff38075000,0x00007fff38476000)]
  0x00007fffc6ca7000 JavaThread "block-manager-storage-async-thread-pool-362" daemon [_thread_blocked, id=1775793, stack(0x00007fff2f0b2000,0x00007fff2f4b3000)]
  0x00007fffc6cb0000 JavaThread "block-manager-storage-async-thread-pool-363" daemon [_thread_blocked, id=1775794, stack(0x00007fff4af40000,0x00007fff4b341000)]
  0x00007fffc444f000 JavaThread "block-manager-ask-thread-pool-285" daemon [_thread_blocked, id=1775795, stack(0x00007fff2f8b4000,0x00007fff2fcb5000)]
  0x00007fffc3e57000 JavaThread "block-manager-ask-thread-pool-286" daemon [_thread_blocked, id=1775796, stack(0x00007fff934af000,0x00007fff938b0000)]
  0x00007fffb57a9800 JavaThread "block-manager-storage-async-thread-pool-364" daemon [_thread_blocked, id=1775797, stack(0x00007fff8efa6000,0x00007fff8f3a7000)]
  0x00007fffc1670000 JavaThread "block-manager-storage-async-thread-pool-365" daemon [_thread_blocked, id=1775798, stack(0x00007fff8e7f6000,0x00007fff8ebf7000)]
  0x00007fffc1671000 JavaThread "block-manager-storage-async-thread-pool-366" daemon [_thread_blocked, id=1775799, stack(0x00007fff8c2a2000,0x00007fff8c6a3000)]
  0x00007fffbd343000 JavaThread "block-manager-ask-thread-pool-287" daemon [_thread_blocked, id=1775800, stack(0x00007fff88e1e000,0x00007fff8921f000)]
  0x00007fffbc871000 JavaThread "block-manager-ask-thread-pool-288" daemon [_thread_blocked, id=1775801, stack(0x00007fff88a1d000,0x00007fff88e1e000)]
  0x00007fffb57aa800 JavaThread "block-manager-storage-async-thread-pool-367" daemon [_thread_blocked, id=1775802, stack(0x00007fff8861c000,0x00007fff88a1d000)]
  0x00007fffbb47c000 JavaThread "block-manager-storage-async-thread-pool-368" daemon [_thread_blocked, id=1775803, stack(0x00007fff87618000,0x00007fff87a19000)]
  0x00007fffbb47d000 JavaThread "block-manager-storage-async-thread-pool-369" daemon [_thread_blocked, id=1775804, stack(0x00007fff86616000,0x00007fff86a17000)]
  0x00007fffb9e19000 JavaThread "block-manager-ask-thread-pool-289" daemon [_thread_blocked, id=1775805, stack(0x00007fff85b94000,0x00007fff85f95000)]
  0x00007fffb9418000 JavaThread "block-manager-ask-thread-pool-290" daemon [_thread_blocked, id=1775806, stack(0x00007fff85793000,0x00007fff85b94000)]
  0x00007fffb57ab800 JavaThread "block-manager-storage-async-thread-pool-370" daemon [_thread_blocked, id=1775807, stack(0x00007fff84f91000,0x00007fff85392000)]
  0x00007fffb8017000 JavaThread "block-manager-storage-async-thread-pool-371" daemon [_thread_blocked, id=1775808, stack(0x00007fff84b90000,0x00007fff84f91000)]
  0x00007fffb8018000 JavaThread "block-manager-storage-async-thread-pool-372" daemon [_thread_blocked, id=1775809, stack(0x00007fff83b8e000,0x00007fff83f8f000)]
  0x00007fffb6d11000 JavaThread "block-manager-ask-thread-pool-291" daemon [_thread_blocked, id=1775810, stack(0x00007fff82f89000,0x00007fff8338a000)]
  0x00007fffb609c000 JavaThread "block-manager-ask-thread-pool-292" daemon [_thread_blocked, id=1775811, stack(0x00007fff82a4e000,0x00007fff82e4f000)]
  0x00007fffb57ac000 JavaThread "block-manager-storage-async-thread-pool-373" daemon [_thread_blocked, id=1775812, stack(0x00007fff81c05000,0x00007fff82006000)]
  0x00007fffb36c0000 JavaThread "block-manager-storage-async-thread-pool-374" daemon [_thread_blocked, id=1775813, stack(0x00007fff81804000,0x00007fff81c05000)]
  0x00007fffb36c1000 JavaThread "block-manager-storage-async-thread-pool-375" daemon [_thread_blocked, id=1775814, stack(0x00007fff81403000,0x00007fff81804000)]
  0x00007fffb224d000 JavaThread "block-manager-ask-thread-pool-293" daemon [_thread_blocked, id=1775815, stack(0x00007fff80c01000,0x00007fff81002000)]
  0x00007fffafa19000 JavaThread "block-manager-ask-thread-pool-294" daemon [_thread_blocked, id=1775816, stack(0x00007fff80800000,0x00007fff80c01000)]
  0x00007fffb57ad000 JavaThread "block-manager-storage-async-thread-pool-376" daemon [_thread_blocked, id=1775817, stack(0x00007fff7ff7d000,0x00007fff8037e000)]
  0x00007fffe42da000 JavaThread "block-manager-storage-async-thread-pool-377" daemon [_thread_blocked, id=1775818, stack(0x00007fff7fb7c000,0x00007fff7ff7d000)]
  0x00007fffe42dc000 JavaThread "block-manager-storage-async-thread-pool-378" daemon [_thread_blocked, id=1775819, stack(0x00007fff7f77b000,0x00007fff7fb7c000)]
  0x00007fffd3ef9000 JavaThread "block-manager-ask-thread-pool-295" daemon [_thread_blocked, id=1775820, stack(0x00007fff7f37a000,0x00007fff7f77b000)]
  0x00007fffd34ca000 JavaThread "block-manager-ask-thread-pool-296" daemon [_thread_blocked, id=1775821, stack(0x00007fff7ec38000,0x00007fff7f039000)]
  0x00007fffb56b9000 JavaThread "block-manager-storage-async-thread-pool-379" daemon [_thread_blocked, id=1775822, stack(0x00007fff7e837000,0x00007fff7ec38000)]
  0x00007fffb56ba000 JavaThread "block-manager-storage-async-thread-pool-380" daemon [_thread_blocked, id=1775823, stack(0x00007fff7e436000,0x00007fff7e837000)]
  0x00007fffd207b000 JavaThread "block-manager-storage-async-thread-pool-381" daemon [_thread_blocked, id=1775824, stack(0x00007fff7e035000,0x00007fff7e436000)]
  0x00007fffd207c000 JavaThread "block-manager-storage-async-thread-pool-382" daemon [_thread_blocked, id=1775825, stack(0x00007fff7dc34000,0x00007fff7e035000)]
  0x00007fffd16df800 JavaThread "block-manager-storage-async-thread-pool-383" daemon [_thread_blocked, id=1775826, stack(0x00007fff7d833000,0x00007fff7dc34000)]
  0x00007fffd0e9d800 JavaThread "block-manager-ask-thread-pool-297" daemon [_thread_blocked, id=1775827, stack(0x00007fff7d432000,0x00007fff7d833000)]
  0x00007fffd16e0800 JavaThread "block-manager-storage-async-thread-pool-384" daemon [_thread_blocked, id=1775829, stack(0x00007fff7d031000,0x00007fff7d432000)]
  0x00007fffd00be000 JavaThread "block-manager-ask-thread-pool-298" daemon [_thread_blocked, id=1775830, stack(0x00007fff7cc30000,0x00007fff7d031000)]
  0x00007fffcfc7c000 JavaThread "block-manager-ask-thread-pool-299" daemon [_thread_blocked, id=1775831, stack(0x00007fff7c3ef000,0x00007fff7c7f0000)]
  0x00007fffcee7c000 JavaThread "block-manager-ask-thread-pool-300" daemon [_thread_blocked, id=1775832, stack(0x00007fff7bb8e000,0x00007fff7bf8f000)]
  0x00007fffb56bc000 JavaThread "block-manager-storage-async-thread-pool-385" daemon [_thread_blocked, id=1775833, stack(0x00007fff7b78d000,0x00007fff7bb8e000)]
  0x00007fffcbccb000 JavaThread "block-manager-storage-async-thread-pool-386" daemon [_thread_blocked, id=1775834, stack(0x00007fff7b38c000,0x00007fff7b78d000)]
  0x00007fffcbccc000 JavaThread "block-manager-storage-async-thread-pool-387" daemon [_thread_blocked, id=1775835, stack(0x00007fff7af8b000,0x00007fff7b38c000)]
  0x00007fff420a0000 JavaThread "block-manager-ask-thread-pool-301" daemon [_thread_blocked, id=1775836, stack(0x00007fff7ab8a000,0x00007fff7af8b000)]
  0x00007fffc8bb1800 JavaThread "block-manager-ask-thread-pool-302" daemon [_thread_blocked, id=1775837, stack(0x00007fff79b77000,0x00007fff79f78000)]
  0x00007fffb56bc800 JavaThread "block-manager-storage-async-thread-pool-388" daemon [_thread_blocked, id=1775838, stack(0x00007fff79776000,0x00007fff79b77000)]
  0x00007fffc70d9000 JavaThread "block-manager-storage-async-thread-pool-389" daemon [_thread_blocked, id=1775839, stack(0x00007fff79062000,0x00007fff79463000)]
  0x00007fffc70eb000 JavaThread "block-manager-storage-async-thread-pool-390" daemon [_thread_blocked, id=1775840, stack(0x00007fff78c61000,0x00007fff79062000)]
  0x00007fffc6848000 JavaThread "block-manager-ask-thread-pool-303" daemon [_thread_blocked, id=1775841, stack(0x00007fff78860000,0x00007fff78c61000)]
  0x00007fffc5c52000 JavaThread "block-manager-ask-thread-pool-304" daemon [_thread_blocked, id=1775842, stack(0x00007fff7845f000,0x00007fff78860000)]
  0x00007fffb56bd800 JavaThread "block-manager-storage-async-thread-pool-391" daemon [_thread_blocked, id=1775844, stack(0x00007fff77c5d000,0x00007fff7805e000)]
  0x00007fffc4a74000 JavaThread "block-manager-storage-async-thread-pool-392" daemon [_thread_blocked, id=1775846, stack(0x00007fff7805e000,0x00007fff7845f000)]
  0x00007fffc4a75000 JavaThread "block-manager-storage-async-thread-pool-393" daemon [_thread_blocked, id=1775848, stack(0x00007fff7602a000,0x00007fff7642b000)]
  0x00007fffc383e000 JavaThread "block-manager-ask-thread-pool-305" daemon [_thread_blocked, id=1775849, stack(0x00007fff75c29000,0x00007fff7602a000)]
  0x00007fffc324f000 JavaThread "block-manager-ask-thread-pool-306" daemon [_thread_blocked, id=1775850, stack(0x00007fff75554000,0x00007fff75955000)]
  0x00007fffb56be800 JavaThread "block-manager-storage-async-thread-pool-394" daemon [_thread_blocked, id=1775851, stack(0x00007fff74de6000,0x00007fff751e7000)]
  0x00007fffc2062000 JavaThread "block-manager-storage-async-thread-pool-395" daemon [_thread_blocked, id=1775852, stack(0x00007fff749e5000,0x00007fff74de6000)]
  0x00007fffc2063000 JavaThread "block-manager-storage-async-thread-pool-396" daemon [_thread_blocked, id=1775853, stack(0x00007fff745e4000,0x00007fff749e5000)]
  0x00007fffc022b000 JavaThread "block-manager-ask-thread-pool-307" daemon [_thread_blocked, id=1775854, stack(0x00007fff741e3000,0x00007fff745e4000)]
  0x00007fffbf926000 JavaThread "block-manager-ask-thread-pool-308" daemon [_thread_blocked, id=1775855, stack(0x00007fff73211000,0x00007fff73612000)]
  0x00007fffb56bf800 JavaThread "block-manager-storage-async-thread-pool-397" daemon [_thread_blocked, id=1775856, stack(0x00007fff72e10000,0x00007fff73211000)]
  0x00007fffbc8cb800 JavaThread "block-manager-storage-async-thread-pool-398" daemon [_thread_blocked, id=1775857, stack(0x00007fff72a0f000,0x00007fff72e10000)]
  0x00007fffbc8cc800 JavaThread "block-manager-storage-async-thread-pool-399" daemon [_thread_blocked, id=1775858, stack(0x00007fff71df1000,0x00007fff721f2000)]
  0x00007fffbb4dc000 JavaThread "block-manager-ask-thread-pool-309" daemon [_thread_blocked, id=1775859, stack(0x00007fff71544000,0x00007fff71945000)]
  0x00007fffba83d000 JavaThread "block-manager-ask-thread-pool-310" daemon [_thread_blocked, id=1775861, stack(0x00007fff71143000,0x00007fff71544000)]
  0x00007fffb57a5000 JavaThread "block-manager-storage-async-thread-pool-400" daemon [_thread_blocked, id=1775862, stack(0x00007fff70d42000,0x00007fff71143000)]
  0x00007fffb57a6000 JavaThread "block-manager-storage-async-thread-pool-401" daemon [_thread_blocked, id=1775863, stack(0x00007fff70941000,0x00007fff70d42000)]
  0x00007fffb94ce000 JavaThread "block-manager-storage-async-thread-pool-402" daemon [_thread_blocked, id=1775864, stack(0x00007fff70540000,0x00007fff70941000)]
  0x00007fffb94cf000 JavaThread "block-manager-storage-async-thread-pool-403" daemon [_thread_blocked, id=1775865, stack(0x00007fff7013f000,0x00007fff70540000)]
  0x00007fffb8a5a000 JavaThread "block-manager-storage-async-thread-pool-404" daemon [_thread_blocked, id=1775866, stack(0x00007fff6fd3e000,0x00007fff7013f000)]
  0x00007fffb761e000 JavaThread "block-manager-ask-thread-pool-311" daemon [_thread_blocked, id=1775867, stack(0x00007fff6f93d000,0x00007fff6fd3e000)]
  0x00007fffb8a5b000 JavaThread "block-manager-storage-async-thread-pool-405" daemon [_thread_blocked, id=1775868, stack(0x00007fff6f53c000,0x00007fff6f93d000)]
  0x00007fffb6146800 JavaThread "block-manager-ask-thread-pool-312" daemon [_thread_blocked, id=1775869, stack(0x00007fff6f13b000,0x00007fff6f53c000)]
  0x00007fffb57ae000 JavaThread "block-manager-ask-thread-pool-313" daemon [_thread_blocked, id=1775870, stack(0x00007fff6ed3a000,0x00007fff6f13b000)]
  0x00007fffb4021000 JavaThread "block-manager-ask-thread-pool-314" daemon [_thread_blocked, id=1775871, stack(0x00007fff6e939000,0x00007fff6ed3a000)]
  0x00007fffb57a7000 JavaThread "block-manager-storage-async-thread-pool-406" daemon [_thread_blocked, id=1775872, stack(0x00007fff6e538000,0x00007fff6e939000)]
  0x00007fffb2cc2000 JavaThread "block-manager-storage-async-thread-pool-407" daemon [_thread_blocked, id=1775873, stack(0x00007fff6e137000,0x00007fff6e538000)]
  0x00007fffb2cc3000 JavaThread "block-manager-storage-async-thread-pool-408" daemon [_thread_blocked, id=1775874, stack(0x00007fff6dd36000,0x00007fff6e137000)]
  0x00007fffb1836000 JavaThread "block-manager-ask-thread-pool-315" daemon [_thread_blocked, id=1775875, stack(0x00007fff6d935000,0x00007fff6dd36000)]
  0x00007fffb0e6b000 JavaThread "block-manager-ask-thread-pool-316" daemon [_thread_blocked, id=1775876, stack(0x00007fff6d534000,0x00007fff6d935000)]
  0x00007fffb5701000 JavaThread "block-manager-storage-async-thread-pool-409" daemon [_thread_blocked, id=1775877, stack(0x00007fff6d133000,0x00007fff6d534000)]
  0x00007fff54b76000 JavaThread "block-manager-storage-async-thread-pool-410" daemon [_thread_blocked, id=1775878, stack(0x00007fff6cd32000,0x00007fff6d133000)]
  0x00007fff54b77000 JavaThread "block-manager-storage-async-thread-pool-411" daemon [_thread_blocked, id=1775879, stack(0x00007fff6c931000,0x00007fff6cd32000)]
  0x00007fffe42ea800 JavaThread "block-manager-ask-thread-pool-317" daemon [_thread_blocked, id=1775880, stack(0x00007fff6c530000,0x00007fff6c931000)]
  0x00007fffd927b000 JavaThread "block-manager-ask-thread-pool-318" daemon [_thread_blocked, id=1775881, stack(0x00007fff6c12f000,0x00007fff6c530000)]
  0x00007fffb5701800 JavaThread "block-manager-storage-async-thread-pool-412" daemon [_thread_blocked, id=1775882, stack(0x00007fff6bd2e000,0x00007fff6c12f000)]
  0x00007fffd503c000 JavaThread "block-manager-storage-async-thread-pool-413" daemon [_thread_blocked, id=1775883, stack(0x00007fff6b92d000,0x00007fff6bd2e000)]
  0x00007fffd503d000 JavaThread "block-manager-storage-async-thread-pool-414" daemon [_thread_blocked, id=1775884, stack(0x00007fff6b52c000,0x00007fff6b92d000)]
  0x00007fffab6ca000 JavaThread "block-manager-ask-thread-pool-319" daemon [_thread_blocked, id=1775885, stack(0x00007fff6b12b000,0x00007fff6b52c000)]
  0x00007fffd35bc000 JavaThread "block-manager-ask-thread-pool-320" daemon [_thread_blocked, id=1775886, stack(0x00007fff6ad2a000,0x00007fff6b12b000)]
  0x00007fffb5702800 JavaThread "block-manager-storage-async-thread-pool-415" daemon [_thread_blocked, id=1775887, stack(0x00007fff6a929000,0x00007fff6ad2a000)]
  0x00007fffd219a800 JavaThread "block-manager-storage-async-thread-pool-416" daemon [_thread_blocked, id=1775888, stack(0x00007fff6a528000,0x00007fff6a929000)]
  0x00007fffd219b800 JavaThread "block-manager-storage-async-thread-pool-417" daemon [_thread_blocked, id=1775889, stack(0x00007fff6a127000,0x00007fff6a528000)]
  0x00007fffd128c000 JavaThread "block-manager-ask-thread-pool-321" daemon [_thread_blocked, id=1775890, stack(0x00007fff68d52000,0x00007fff69153000)]
  0x00007fffd0fea000 JavaThread "block-manager-ask-thread-pool-322" daemon [_thread_blocked, id=1775891, stack(0x00007fff68951000,0x00007fff68d52000)]
  0x00007fffb5703800 JavaThread "block-manager-storage-async-thread-pool-418" daemon [_thread_blocked, id=1775892, stack(0x00007fff67d20000,0x00007fff68121000)]
  0x00007fffd00ca800 JavaThread "block-manager-storage-async-thread-pool-419" daemon [_thread_blocked, id=1775893, stack(0x00007fff6791f000,0x00007fff67d20000)]
  0x00007fffd00cb800 JavaThread "block-manager-storage-async-thread-pool-420" daemon [_thread_blocked, id=1775894, stack(0x00007fff6751e000,0x00007fff6791f000)]
  0x00007fffcf22f000 JavaThread "block-manager-ask-thread-pool-323" daemon [_thread_blocked, id=1775895, stack(0x00007fff6711d000,0x00007fff6751e000)]
  0x00007fffceeab800 JavaThread "block-manager-ask-thread-pool-324" daemon [_thread_blocked, id=1775896, stack(0x00007fff66d1c000,0x00007fff6711d000)]
  0x00007fffb5704800 JavaThread "block-manager-storage-async-thread-pool-421" daemon [_thread_blocked, id=1775897, stack(0x00007fff6691b000,0x00007fff66d1c000)]
  0x00007fffcbe2a800 JavaThread "block-manager-storage-async-thread-pool-422" daemon [_thread_blocked, id=1775898, stack(0x00007fff6651a000,0x00007fff6691b000)]
  0x00007fffcbe2b800 JavaThread "block-manager-storage-async-thread-pool-423" daemon [_thread_blocked, id=1775899, stack(0x00007fff66119000,0x00007fff6651a000)]
  0x00007fffc9443000 JavaThread "block-manager-ask-thread-pool-325" daemon [_thread_blocked, id=1775900, stack(0x00007fff65d18000,0x00007fff66119000)]
  0x00007fff5bc8a800 JavaThread "block-manager-ask-thread-pool-326" daemon [_thread_blocked, id=1775901, stack(0x00007fff65917000,0x00007fff65d18000)]
  0x00007fff8dc6f000 JavaThread "block-manager-storage-async-thread-pool-424" daemon [_thread_blocked, id=1775902, stack(0x00007fff65516000,0x00007fff65917000)]
  0x00007fffc7102800 JavaThread "block-manager-storage-async-thread-pool-425" daemon [_thread_blocked, id=1775903, stack(0x00007fff65115000,0x00007fff65516000)]
  0x00007fffc7103800 JavaThread "block-manager-storage-async-thread-pool-426" daemon [_thread_blocked, id=1775904, stack(0x00007fff64d14000,0x00007fff65115000)]
  0x00007fffc68c2000 JavaThread "block-manager-ask-thread-pool-327" daemon [_thread_blocked, id=1775905, stack(0x00007fff64913000,0x00007fff64d14000)]
  0x00007fffc6257000 JavaThread "block-manager-ask-thread-pool-328" daemon [_thread_blocked, id=1775906, stack(0x00007fff64512000,0x00007fff64913000)]
  0x00007fff8dc70000 JavaThread "block-manager-storage-async-thread-pool-427" daemon [_thread_blocked, id=1775907, stack(0x00007fff64111000,0x00007fff64512000)]
  0x00007fffc564f000 JavaThread "block-manager-storage-async-thread-pool-428" daemon [_thread_blocked, id=1775908, stack(0x00007fff63d10000,0x00007fff64111000)]
  0x00007fffc5652000 JavaThread "block-manager-storage-async-thread-pool-429" daemon [_thread_blocked, id=1775909, stack(0x00007fff6390f000,0x00007fff63d10000)]
  0x00007fffc4ae3000 JavaThread "block-manager-ask-thread-pool-329" daemon [_thread_blocked, id=1775910, stack(0x00007fff6350e000,0x00007fff6390f000)]
  0x00007fffc451e000 JavaThread "block-manager-ask-thread-pool-330" daemon [_thread_blocked, id=1775911, stack(0x00007fff6310d000,0x00007fff6350e000)]
  0x00007fff8dc71000 JavaThread "block-manager-storage-async-thread-pool-430" daemon [_thread_blocked, id=1775912, stack(0x00007fff6293e000,0x00007fff62d3f000)]
  0x00007fffc3860800 JavaThread "block-manager-storage-async-thread-pool-431" daemon [_thread_blocked, id=1775913, stack(0x00007fff6253d000,0x00007fff6293e000)]
  0x00007fffc3861800 JavaThread "block-manager-storage-async-thread-pool-432" daemon [_thread_blocked, id=1775914, stack(0x00007fff6213c000,0x00007fff6253d000)]
  0x00007fffc242d000 JavaThread "block-manager-ask-thread-pool-331" daemon [_thread_blocked, id=1775915, stack(0x00007fff61d3b000,0x00007fff6213c000)]
  0x00007fffc2078000 JavaThread "block-manager-ask-thread-pool-332" daemon [_thread_blocked, id=1775916, stack(0x00007fff6193a000,0x00007fff61d3b000)]
  0x00007fff8dc72000 JavaThread "block-manager-storage-async-thread-pool-433" daemon [_thread_blocked, id=1775917, stack(0x00007fff61539000,0x00007fff6193a000)]
  0x00007fffc02e9000 JavaThread "block-manager-storage-async-thread-pool-434" daemon [_thread_blocked, id=1775918, stack(0x00007fff61138000,0x00007fff61539000)]
  0x00007fffc02e9800 JavaThread "block-manager-storage-async-thread-pool-435" daemon [_thread_blocked, id=1775919, stack(0x00007fff60d37000,0x00007fff61138000)]
  0x00007fffbd2c9000 JavaThread "block-manager-ask-thread-pool-333" daemon [_thread_blocked, id=1775920, stack(0x00007fff60936000,0x00007fff60d37000)]
  0x00007fffbc96d800 JavaThread "block-manager-ask-thread-pool-334" daemon [_thread_blocked, id=1775921, stack(0x00007fff60535000,0x00007fff60936000)]
  0x00007fff8dc72800 JavaThread "block-manager-storage-async-thread-pool-436" daemon [_thread_blocked, id=1775922, stack(0x00007fff5f8fd000,0x00007fff5fcfe000)]
  0x00007fffbb558800 JavaThread "block-manager-storage-async-thread-pool-437" daemon [_thread_blocked, id=1775923, stack(0x00007fff5f1fc000,0x00007fff5f5fd000)]
  0x00007fffbb559800 JavaThread "block-manager-storage-async-thread-pool-438" daemon [_thread_blocked, id=1775924, stack(0x00007fff5d1f7000,0x00007fff5d5f8000)]
  0x00007fffb9e6c000 JavaThread "block-manager-ask-thread-pool-335" daemon [_thread_blocked, id=1775925, stack(0x00007fff58973000,0x00007fff58d74000)]
  0x00007fff98500800 JavaThread "block-manager-ask-thread-pool-336" daemon [_thread_blocked, id=1775926, stack(0x00007fff58572000,0x00007fff58973000)]
  0x00007fff8dc73800 JavaThread "block-manager-storage-async-thread-pool-439" daemon [_thread_blocked, id=1775927, stack(0x00007fff57ef1000,0x00007fff582f2000)]
  0x00007fffb8063000 JavaThread "block-manager-storage-async-thread-pool-440" daemon [_thread_blocked, id=1775928, stack(0x00007fff57af0000,0x00007fff57ef1000)]
  0x00007fffb8063800 JavaThread "block-manager-storage-async-thread-pool-441" daemon [_thread_blocked, id=1775929, stack(0x00007fff576ef000,0x00007fff57af0000)]
  0x00007fffb6d38000 JavaThread "block-manager-ask-thread-pool-337" daemon [_thread_blocked, id=1775930, stack(0x00007fff56eed000,0x00007fff572ee000)]
  0x00007fff8deaf000 JavaThread "block-manager-ask-thread-pool-338" daemon [_thread_blocked, id=1775931, stack(0x00007fff56aec000,0x00007fff56eed000)]
  0x00007fff8dc74800 JavaThread "block-manager-storage-async-thread-pool-442" daemon [_thread_blocked, id=1775932, stack(0x00007fff566eb000,0x00007fff56aec000)]
  0x00007fffb4ccf000 JavaThread "block-manager-storage-async-thread-pool-443" daemon [_thread_blocked, id=1775933, stack(0x00007fff562ea000,0x00007fff566eb000)]
  0x00007fffb4cd0000 JavaThread "block-manager-storage-async-thread-pool-444" daemon [_thread_blocked, id=1775934, stack(0x00007fff55ee9000,0x00007fff562ea000)]
  0x00007fffb377b800 JavaThread "block-manager-ask-thread-pool-339" daemon [_thread_blocked, id=1775935, stack(0x00007fff55ae8000,0x00007fff55ee9000)]
  0x00007fffb2ccd800 JavaThread "block-manager-ask-thread-pool-340" daemon [_thread_blocked, id=1775936, stack(0x00007fff556e7000,0x00007fff55ae8000)]
  0x00007fff8dc75800 JavaThread "block-manager-storage-async-thread-pool-445" daemon [_thread_blocked, id=1775937, stack(0x00007fff552e6000,0x00007fff556e7000)]
  0x00007fffb1898000 JavaThread "block-manager-storage-async-thread-pool-446" daemon [_thread_blocked, id=1775938, stack(0x00007fff54ee5000,0x00007fff552e6000)]
  0x00007fffb1899000 JavaThread "block-manager-storage-async-thread-pool-447" daemon [_thread_blocked, id=1775939, stack(0x00007fff546e4000,0x00007fff54ae5000)]
  0x00007fffb0429800 JavaThread "block-manager-ask-thread-pool-341" daemon [_thread_blocked, id=1775940, stack(0x00007fff542e3000,0x00007fff546e4000)]
  0x00007fffafb52800 JavaThread "block-manager-ask-thread-pool-342" daemon [_thread_blocked, id=1775941, stack(0x00007fff53ee2000,0x00007fff542e3000)]
  0x00007fff8dc97000 JavaThread "block-manager-storage-async-thread-pool-448" daemon [_thread_blocked, id=1775942, stack(0x00007fff53ae1000,0x00007fff53ee2000)]
  0x00007fffcb40f000 JavaThread "block-manager-storage-async-thread-pool-449" daemon [_thread_blocked, id=1775943, stack(0x00007fff536e0000,0x00007fff53ae1000)]
  0x00007fffcb40f800 JavaThread "block-manager-storage-async-thread-pool-450" daemon [_thread_blocked, id=1775944, stack(0x00007fff532df000,0x00007fff536e0000)]
  0x00007fffd9359800 JavaThread "block-manager-ask-thread-pool-343" daemon [_thread_blocked, id=1775945, stack(0x00007fff52ede000,0x00007fff532df000)]
  0x00007fffd8c57000 JavaThread "block-manager-ask-thread-pool-344" daemon [_thread_blocked, id=1775946, stack(0x00007fff526dc000,0x00007fff52add000)]
  0x00007fff8dc98000 JavaThread "block-manager-storage-async-thread-pool-451" daemon [_thread_blocked, id=1775947, stack(0x00007fff522db000,0x00007fff526dc000)]
  0x00007fffd4d13000 JavaThread "block-manager-storage-async-thread-pool-452" daemon [_thread_blocked, id=1775948, stack(0x00007fff51eda000,0x00007fff522db000)]
  0x00007fffd4d14000 JavaThread "block-manager-storage-async-thread-pool-453" daemon [_thread_blocked, id=1775949, stack(0x00007fff51ad9000,0x00007fff51eda000)]
  0x00007fffa7c86800 JavaThread "block-manager-ask-thread-pool-345" daemon [_thread_blocked, id=1775950, stack(0x00007fff512dc000,0x00007fff516dd000)]
  0x00007fffd2afd000 JavaThread "block-manager-ask-thread-pool-346" daemon [_thread_blocked, id=1775951, stack(0x00007fff50ad5000,0x00007fff50ed6000)]
  0x00007fff8dc99000 JavaThread "block-manager-storage-async-thread-pool-454" daemon [_thread_blocked, id=1775952, stack(0x00007fff506d4000,0x00007fff50ad5000)]
  0x00007fff8dc9a000 JavaThread "block-manager-storage-async-thread-pool-455" daemon [_thread_blocked, id=1775953, stack(0x00007fff502d3000,0x00007fff506d4000)]
  0x00007fffd175f800 JavaThread "block-manager-storage-async-thread-pool-456" daemon [_thread_blocked, id=1775954, stack(0x00007fff4fed2000,0x00007fff502d3000)]
  0x00007fffd1712000 JavaThread "block-manager-storage-async-thread-pool-457" daemon [_thread_blocked, id=1775955, stack(0x00007fff4fad1000,0x00007fff4fed2000)]
  0x00007fffd0433000 JavaThread "block-manager-ask-thread-pool-347" daemon [_thread_blocked, id=1775956, stack(0x00007fff4f6d0000,0x00007fff4fad1000)]
  0x00007fffcd575000 JavaThread "block-manager-ask-thread-pool-348" daemon [_thread_blocked, id=1775957, stack(0x00007fff4f2cf000,0x00007fff4f6d0000)]
  0x00007fff9d077000 JavaThread "block-manager-ask-thread-pool-349" daemon [_thread_blocked, id=1775958, stack(0x00007fff4eba1000,0x00007fff4efa2000)]
  0x00007fffcfcef000 JavaThread "block-manager-ask-thread-pool-350" daemon [_thread_blocked, id=1775959, stack(0x00007fff4e3cc000,0x00007fff4e7cd000)]
  0x00007fffca0b5800 JavaThread "block-manager-ask-thread-pool-351" daemon [_thread_blocked, id=1775960, stack(0x00007fff4db4a000,0x00007fff4df4b000)]
  0x00007fffca947000 JavaThread "block-manager-ask-thread-pool-352" daemon [_thread_blocked, id=1775961, stack(0x00007fff4d749000,0x00007fff4db4a000)]
  0x00007fffc4450000 JavaThread "block-manager-ask-thread-pool-353" daemon [_thread_blocked, id=1775962, stack(0x00007fff4d348000,0x00007fff4d749000)]
  0x00007fffa7a0b000 JavaThread "block-manager-ask-thread-pool-354" daemon [_thread_blocked, id=1775963, stack(0x00007fff49d3d000,0x00007fff4a13e000)]
  0x00007fffbd344000 JavaThread "block-manager-ask-thread-pool-355" daemon [_thread_blocked, id=1775964, stack(0x00007fff4953b000,0x00007fff4993c000)]
  0x00007fffc8ba7000 JavaThread "block-manager-ask-thread-pool-356" daemon [_thread_blocked, id=1775965, stack(0x00007fff4913a000,0x00007fff4953b000)]
  0x00007fffb9e1a000 JavaThread "block-manager-ask-thread-pool-357" daemon [_thread_blocked, id=1775966, stack(0x00007fff488b8000,0x00007fff48cb9000)]
  0x00007fffc70d4800 JavaThread "block-manager-ask-thread-pool-358" daemon [_thread_blocked, id=1775967, stack(0x00007fff484b7000,0x00007fff488b8000)]
  0x00007fffb6d12000 JavaThread "block-manager-ask-thread-pool-359" daemon [_thread_blocked, id=1775968, stack(0x00007fff480b6000,0x00007fff484b7000)]
  0x00007fffc691b800 JavaThread "block-manager-ask-thread-pool-360" daemon [_thread_blocked, id=1775969, stack(0x00007fff47180000,0x00007fff47581000)]
  0x00007fffb224e000 JavaThread "block-manager-ask-thread-pool-361" daemon [_thread_blocked, id=1775970, stack(0x00007fff45c5a000,0x00007fff4605b000)]
  0x00007fffc5d30000 JavaThread "block-manager-ask-thread-pool-362" daemon [_thread_blocked, id=1775971, stack(0x00007fff44b17000,0x00007fff44f18000)]
  0x00007fffd3efa000 JavaThread "block-manager-ask-thread-pool-363" daemon [_thread_blocked, id=1775972, stack(0x00007fff434bc000,0x00007fff438bd000)]
  0x00007fffc504e000 JavaThread "block-manager-ask-thread-pool-364" daemon [_thread_blocked, id=1775973, stack(0x00007fff41a7c000,0x00007fff41e7d000)]
  0x00007fffd046e000 JavaThread "block-manager-ask-thread-pool-365" daemon [_thread_blocked, id=1775974, stack(0x00007fff40479000,0x00007fff4087a000)]
  0x00007fffc45e4800 JavaThread "block-manager-ask-thread-pool-366" daemon [_thread_blocked, id=1775975, stack(0x00007fff40078000,0x00007fff40479000)]
  0x00007fffcfc7d000 JavaThread "block-manager-ask-thread-pool-367" daemon [_thread_blocked, id=1775976, stack(0x00007fff3fc77000,0x00007fff40078000)]
  0x00007fffc38d2800 JavaThread "block-manager-ask-thread-pool-368" daemon [_thread_blocked, id=1775977, stack(0x00007fff3f876000,0x00007fff3fc77000)]
  0x00007fff420a1000 JavaThread "block-manager-ask-thread-pool-369" daemon [_thread_blocked, id=1775978, stack(0x00007fff3f475000,0x00007fff3f876000)]
  0x00007fffc2443000 JavaThread "block-manager-ask-thread-pool-370" daemon [_thread_blocked, id=1775979, stack(0x00007fff3f074000,0x00007fff3f475000)]
  0x00007fffc6851000 JavaThread "block-manager-ask-thread-pool-371" daemon [_thread_blocked, id=1775980, stack(0x00007fff3ec73000,0x00007fff3f074000)]
  0x00007fffc1685000 JavaThread "block-manager-ask-thread-pool-372" daemon [_thread_blocked, id=1775981, stack(0x00007fff3e872000,0x00007fff3ec73000)]
  0x00007fffc3841000 JavaThread "block-manager-ask-thread-pool-373" daemon [_thread_blocked, id=1775982, stack(0x00007fff3de71000,0x00007fff3e272000)]
  0x00007fffbf997000 JavaThread "block-manager-ask-thread-pool-374" daemon [_thread_blocked, id=1775983, stack(0x00007fff3da70000,0x00007fff3de71000)]
  0x00007fffc022c000 JavaThread "block-manager-ask-thread-pool-375" daemon [_thread_blocked, id=1775984, stack(0x00007fff3d26e000,0x00007fff3d66f000)]
  0x00007fffbc93b000 JavaThread "block-manager-ask-thread-pool-376" daemon [_thread_blocked, id=1775985, stack(0x00007fff3bfff000,0x00007fff3c400000)]
  0x00007fffbb4dd000 JavaThread "block-manager-ask-thread-pool-377" daemon [_thread_blocked, id=1775986, stack(0x00007fff3bbfe000,0x00007fff3bfff000)]
  0x00007fffbb4c6800 JavaThread "block-manager-ask-thread-pool-378" daemon [_thread_blocked, id=1775987, stack(0x00007fff3affb000,0x00007fff3b3fc000)]
  0x00007fff900b1800 JavaThread "block-manager-ask-thread-pool-379" daemon [_thread_blocked, id=1775988, stack(0x00007fff3a7f9000,0x00007fff3abfa000)]
  0x00007fffb9fc1800 JavaThread "block-manager-ask-thread-pool-380" daemon [_thread_blocked, id=1775989, stack(0x00007fff38478000,0x00007fff38879000)]
  0x00007fffb57af000 JavaThread "block-manager-ask-thread-pool-381" daemon [_thread_blocked, id=1775990, stack(0x00007fff37c74000,0x00007fff38075000)]
  0x00007fffb8b2e000 JavaThread "block-manager-ask-thread-pool-382" daemon [_thread_blocked, id=1775991, stack(0x00007fff37873000,0x00007fff37c74000)]
  0x00007fffacd88800 JavaThread "broadcast-exchange-187" daemon [_thread_blocked, id=1776134, stack(0x00007fff76fda000,0x00007fff773db000)]
  0x00007fffa9b3e000 JavaThread "broadcast-exchange-188" daemon [_thread_blocked, id=1776153, stack(0x00007fff773db000,0x00007fff777dc000)]
  0x00007fffa9b41800 JavaThread "broadcast-exchange-189" daemon [_thread_blocked, id=1776154, stack(0x00007fff36cea000,0x00007fff370eb000)]
  0x00007fffacc41800 JavaThread "broadcast-exchange-190" daemon [_thread_blocked, id=1776355, stack(0x00007fff314bb000,0x00007fff318bc000)]
  0x00007fffacc42800 JavaThread "broadcast-exchange-191" daemon [_thread_blocked, id=1776356, stack(0x00007fff30cb9000,0x00007fff310ba000)]
  0x00007fffacc43800 JavaThread "broadcast-exchange-192" daemon [_thread_blocked, id=1776359, stack(0x00007fff2ceac000,0x00007fff2d2ad000)]
  0x00007fffaccbc000 JavaThread "subquery-34" daemon [_thread_blocked, id=1776360, stack(0x00007fff310ba000,0x00007fff314bb000)]
  0x00007fffc7ccf800 JavaThread "broadcast-exchange-193" daemon [_thread_blocked, id=1776640, stack(0x00007fff3abfa000,0x00007fff3affb000)]
  0x00007fffacc3e000 JavaThread "subquery-35" daemon [_thread_blocked, id=1776641, stack(0x00007fff2feb7000,0x00007fff302b8000)]
  0x00007fffcbf22000 JavaThread "process reaper" daemon [_thread_blocked, id=1776906, stack(0x00007ffff5400000,0x00007ffff5422000)]
  0x00007fffacc3f000 JavaThread "broadcast-exchange-194" daemon [_thread_blocked, id=1777005, stack(0x00007fff82386000,0x00007fff82787000)]
  0x00007fffaccc0800 JavaThread "subquery-36" daemon [_thread_blocked, id=1777422, stack(0x00007fff3d66f000,0x00007fff3da70000)]
  0x00007fffb047c800 JavaThread "QueryStageCreator-18" daemon [_thread_blocked, id=1777509, stack(0x00007fff91428000,0x00007fff91829000)]
  0x00007fffaccc1800 JavaThread "subquery-37" daemon [_thread_blocked, id=1777639, stack(0x00007fff8a621000,0x00007fff8aa22000)]
  0x00007fffa32a7000 JavaThread "QueryStageCreator-19" daemon [_thread_blocked, id=1777640, stack(0x00007fff3b7fd000,0x00007fff3bbfe000)]
  0x00007fffaccbf800 JavaThread "broadcast-exchange-195" daemon [_thread_blocked, id=1777643, stack(0x00007fff2c1aa000,0x00007fff2c5ab000)]
  0x00007fffcf287800 JavaThread "QueryStageCreator-20" daemon [_thread_blocked, id=1777744, stack(0x00007fff572ee000,0x00007fff576ef000)]
  0x00007fffcf288800 JavaThread "QueryStageCreator-21" daemon [_thread_blocked, id=1777745, stack(0x00007fff2f4b3000,0x00007fff2f8b4000)]
  0x00007fffaccd4800 JavaThread "broadcast-exchange-196" daemon [_thread_blocked, id=1777877, stack(0x00007fff89e1f000,0x00007fff8a220000)]
  0x00007fffcd228800 JavaThread "QueryStageCreator-22" daemon [_thread_blocked, id=1777880, stack(0x00007fff87e1a000,0x00007fff8821b000)]
  0x00007fffaccd5800 JavaThread "broadcast-exchange-197" daemon [_thread_blocked, id=1777919, stack(0x00007fff87217000,0x00007fff87618000)]

Other Threads:
  0x00007ffff504e800 VMThread "VM Thread" [stack: 0x00007fffd4300000,0x00007fffd4400000] [id=1759202]
  0x00007ffff504f800 WatcherThread [stack: 0x00007fffcf6ff000,0x00007fffcf7ff000] [id=1759216]
  0x00007ffff504b000 GCTaskThread "GC Thread#0" [stack: 0x00007ffff5432000,0x00007ffff5532000] [id=1759197]
  0x00007fffd3e09000 GCTaskThread "GC Thread#1" [stack: 0x00007fffc98ff000,0x00007fffc99ff000] [id=1759242]
  0x00007fffd3e0a000 GCTaskThread "GC Thread#2" [stack: 0x00007fffc8eff000,0x00007fffc8fff000] [id=1759243]
  0x00007fffd3e0a800 GCTaskThread "GC Thread#3" [stack: 0x00007fffc7480000,0x00007fffc7580000] [id=1759244]
  0x00007fffd3e0b800 GCTaskThread "GC Thread#4" [stack: 0x00007fffc6700000,0x00007fffc6800000] [id=1759245]
  0x00007fffd3e0c000 GCTaskThread "GC Thread#5" [stack: 0x00007fffc6100000,0x00007fffc6200000] [id=1759246]
  0x00007fffd3e0d000 GCTaskThread "GC Thread#6" [stack: 0x00007fffc5b00000,0x00007fffc5c00000] [id=1759247]
  0x00007fffd3e0d800 GCTaskThread "GC Thread#7" [stack: 0x00007fffc5500000,0x00007fffc5600000] [id=1759248]
  0x00007fffd3e0e800 GCTaskThread "GC Thread#8" [stack: 0x00007fffc4f00000,0x00007fffc5000000] [id=1759249]
  0x00007fffd3e0f000 GCTaskThread "GC Thread#9" [stack: 0x00007fffc4900000,0x00007fffc4a00000] [id=1759250]
  0x00007fffd3e10000 GCTaskThread "GC Thread#10" [stack: 0x00007fffc4300000,0x00007fffc4400000] [id=1759251]
  0x00007fffd3e10800 GCTaskThread "GC Thread#11" [stack: 0x00007fffc3d00000,0x00007fffc3e00000] [id=1759252]
  0x00007fffd3e11800 GCTaskThread "GC Thread#12" [stack: 0x00007fffc3700000,0x00007fffc3800000] [id=1759253]
  0x00007ffff504b800 ConcurrentGCThread "G1 Main Marker" [stack: 0x00007fffd9700000,0x00007fffd9800000] [id=1759198]
  0x00007ffff504c800 ConcurrentGCThread "G1 Conc#0" [stack: 0x00007fffd9100000,0x00007fffd9200000] [id=1759199]
  0x00007fffd9209000 ConcurrentGCThread "G1 Conc#1" [stack: 0x00007fffc2980000,0x00007fffc2a80000] [id=1759308]
  0x00007fffd920a000 ConcurrentGCThread "G1 Conc#2" [stack: 0x00007fffc287f000,0x00007fffc297f000] [id=1759309]
  0x00007ffff504d000 ConcurrentGCThread "G1 Refine#0" [stack: 0x00007fffd5600000,0x00007fffd5700000] [id=1759200]
  0x00007fffd5119800 ConcurrentGCThread "G1 Refine#1" [stack: 0x00007fff52ade000,0x00007fff52ede000] [id=1773231]
  0x00007ffff504e000 ConcurrentGCThread "G1 Young RemSet Sampling" [stack: 0x00007fffd54ff000,0x00007fffd55ff000] [id=1759201]

Threads with active compile tasks:

VM state:not at safepoint (normal execution)

VM Mutex/Monitor currently owned by a thread: None

Heap address: 0x0000000700000000, size: 4096 MB, Compressed Oops mode: Zero based, Oop shift amount: 3
Narrow klass base: 0x0000000800000000, Narrow klass shift: 3
Compressed class space size: 1073741824 Address: 0x0000000840000000

Heap:
 garbage-first heap   total 2060288K, used 955893K [0x0000000700000000, 0x0000000800000000)
  region size 1024K, 334 young (342016K), 54 survivors (55296K)
 Metaspace       used 168251K, capacity 183799K, committed 183844K, reserved 1202176K
  class space    used 24414K, capacity 30887K, committed 30924K, reserved 1048576K
Heap Regions: E=young(eden), S=young(survivor), O=old, HS=humongous(starts), HC=humongous(continues), CS=collection set, F=free, A=archive, TAMS=top-at-mark-start (previous, next)
|   0|0x0000000700000000, 0x0000000700100000, 0x0000000700100000|100%|HS|  |TAMS 0x0000000700100000, 0x0000000700000000| Complete 
|   1|0x0000000700100000, 0x0000000700200000, 0x0000000700200000|100%|HS|  |TAMS 0x0000000700200000, 0x0000000700100000| Complete 
|   2|0x0000000700200000, 0x0000000700300000, 0x0000000700300000|100%|HC|  |TAMS 0x0000000700300000, 0x0000000700200000| Complete 
|   3|0x0000000700300000, 0x0000000700400000, 0x0000000700400000|100%|HS|  |TAMS 0x0000000700400000, 0x0000000700300000| Complete 
|   4|0x0000000700400000, 0x0000000700500000, 0x0000000700500000|100%|HC|  |TAMS 0x0000000700500000, 0x0000000700400000| Complete 
|   5|0x0000000700500000, 0x0000000700600000, 0x0000000700600000|100%|HC|  |TAMS 0x0000000700600000, 0x0000000700500000| Complete 
|   6|0x0000000700600000, 0x0000000700700000, 0x0000000700700000|100%|HS|  |TAMS 0x0000000700700000, 0x0000000700600000| Complete 
|   7|0x0000000700700000, 0x0000000700800000, 0x0000000700800000|100%|HC|  |TAMS 0x0000000700800000, 0x0000000700700000| Complete 
|   8|0x0000000700800000, 0x0000000700900000, 0x0000000700900000|100%|HC|  |TAMS 0x0000000700900000, 0x0000000700800000| Complete 
|   9|0x0000000700900000, 0x0000000700a00000, 0x0000000700a00000|100%|HC|  |TAMS 0x0000000700a00000, 0x0000000700900000| Complete 
|  10|0x0000000700a00000, 0x0000000700b00000, 0x0000000700b00000|100%|HC|  |TAMS 0x0000000700b00000, 0x0000000700a00000| Complete 
|  11|0x0000000700b00000, 0x0000000700c00000, 0x0000000700c00000|100%|HC|  |TAMS 0x0000000700c00000, 0x0000000700b00000| Complete 
|  12|0x0000000700c00000, 0x0000000700d00000, 0x0000000700d00000|100%|HC|  |TAMS 0x0000000700d00000, 0x0000000700c00000| Complete 
|  13|0x0000000700d00000, 0x0000000700e00000, 0x0000000700e00000|100%|HC|  |TAMS 0x0000000700e00000, 0x0000000700d00000| Complete 
|  14|0x0000000700e00000, 0x0000000700f00000, 0x0000000700f00000|100%|HC|  |TAMS 0x0000000700f00000, 0x0000000700e00000| Complete 
|  15|0x0000000700f00000, 0x0000000701000000, 0x0000000701000000|100%|HC|  |TAMS 0x0000000701000000, 0x0000000700f00000| Complete 
|  16|0x0000000701000000, 0x0000000701100000, 0x0000000701100000|100%|HC|  |TAMS 0x0000000701100000, 0x0000000701000000| Complete 
|  17|0x0000000701100000, 0x0000000701200000, 0x0000000701200000|100%|HC|  |TAMS 0x0000000701200000, 0x0000000701100000| Complete 
|  18|0x0000000701200000, 0x0000000701300000, 0x0000000701300000|100%|HC|  |TAMS 0x0000000701300000, 0x0000000701200000| Complete 
|  19|0x0000000701300000, 0x0000000701400000, 0x0000000701400000|100%|HC|  |TAMS 0x0000000701400000, 0x0000000701300000| Complete 
|  20|0x0000000701400000, 0x0000000701500000, 0x0000000701500000|100%|HC|  |TAMS 0x0000000701500000, 0x0000000701400000| Complete 
|  21|0x0000000701500000, 0x0000000701600000, 0x0000000701600000|100%|HC|  |TAMS 0x0000000701600000, 0x0000000701500000| Complete 
|  22|0x0000000701600000, 0x0000000701700000, 0x0000000701700000|100%|HS|  |TAMS 0x0000000701700000, 0x0000000701600000| Complete 
|  23|0x0000000701700000, 0x0000000701800000, 0x0000000701800000|100%|HC|  |TAMS 0x0000000701800000, 0x0000000701700000| Complete 
|  24|0x0000000701800000, 0x0000000701900000, 0x0000000701900000|100%| O|  |TAMS 0x0000000701900000, 0x0000000701800000| Untracked 
|  25|0x0000000701900000, 0x0000000701a00000, 0x0000000701a00000|100%| O|  |TAMS 0x0000000701a00000, 0x0000000701900000| Untracked 
|  26|0x0000000701a00000, 0x0000000701b00000, 0x0000000701b00000|100%| O|  |TAMS 0x0000000701b00000, 0x0000000701a00000| Untracked 
|  27|0x0000000701b00000, 0x0000000701c00000, 0x0000000701c00000|100%| O|  |TAMS 0x0000000701c00000, 0x0000000701b00000| Untracked 
|  28|0x0000000701c00000, 0x0000000701d00000, 0x0000000701d00000|100%| O|  |TAMS 0x0000000701d00000, 0x0000000701c00000| Untracked 
|  29|0x0000000701d00000, 0x0000000701e00000, 0x0000000701e00000|100%| O|  |TAMS 0x0000000701e00000, 0x0000000701d00000| Untracked 
|  30|0x0000000701e00000, 0x0000000701f00000, 0x0000000701f00000|100%| O|  |TAMS 0x0000000701f00000, 0x0000000701e00000| Untracked 
|  31|0x0000000701f00000, 0x0000000702000000, 0x0000000702000000|100%| O|  |TAMS 0x0000000702000000, 0x0000000701f00000| Untracked 
|  32|0x0000000702000000, 0x0000000702100000, 0x0000000702100000|100%| O|  |TAMS 0x0000000702100000, 0x0000000702000000| Untracked 
|  33|0x0000000702100000, 0x0000000702200000, 0x0000000702200000|100%| O|  |TAMS 0x0000000702200000, 0x0000000702100000| Untracked 
|  34|0x0000000702200000, 0x0000000702300000, 0x0000000702300000|100%| O|  |TAMS 0x0000000702300000, 0x0000000702200000| Untracked 
|  35|0x0000000702300000, 0x0000000702400000, 0x0000000702400000|100%| O|  |TAMS 0x0000000702400000, 0x0000000702300000| Untracked 
|  36|0x0000000702400000, 0x0000000702500000, 0x0000000702500000|100%| O|  |TAMS 0x0000000702500000, 0x0000000702400000| Untracked 
|  37|0x0000000702500000, 0x0000000702600000, 0x0000000702600000|100%| O|  |TAMS 0x0000000702600000, 0x0000000702500000| Untracked 
|  38|0x0000000702600000, 0x0000000702700000, 0x0000000702700000|100%| O|  |TAMS 0x0000000702700000, 0x0000000702600000| Untracked 
|  39|0x0000000702700000, 0x0000000702800000, 0x0000000702800000|100%| O|  |TAMS 0x0000000702800000, 0x0000000702700000| Untracked 
|  40|0x0000000702800000, 0x0000000702900000, 0x0000000702900000|100%| O|  |TAMS 0x0000000702900000, 0x0000000702800000| Untracked 
|  41|0x0000000702900000, 0x0000000702a00000, 0x0000000702a00000|100%| O|  |TAMS 0x0000000702a00000, 0x0000000702900000| Untracked 
|  42|0x0000000702a00000, 0x0000000702b00000, 0x0000000702b00000|100%| O|  |TAMS 0x0000000702b00000, 0x0000000702a00000| Untracked 
|  43|0x0000000702b00000, 0x0000000702c00000, 0x0000000702c00000|100%| O|  |TAMS 0x0000000702c00000, 0x0000000702b00000| Untracked 
|  44|0x0000000702c00000, 0x0000000702d00000, 0x0000000702d00000|100%|HS|  |TAMS 0x0000000702d00000, 0x0000000702c00000| Complete 
|  45|0x0000000702d00000, 0x0000000702e00000, 0x0000000702e00000|100%|HC|  |TAMS 0x0000000702e00000, 0x0000000702d00000| Complete 
|  46|0x0000000702e00000, 0x0000000702f00000, 0x0000000702f00000|100%|HS|  |TAMS 0x0000000702e00000, 0x0000000702e00000| Complete 
|  47|0x0000000702f00000, 0x0000000703000000, 0x0000000703000000|100%|HC|  |TAMS 0x0000000702f00000, 0x0000000702f00000| Complete 
|  48|0x0000000703000000, 0x0000000703100000, 0x0000000703100000|100%|HC|  |TAMS 0x0000000703000000, 0x0000000703000000| Complete 
|  49|0x0000000703100000, 0x0000000703200000, 0x0000000703200000|100%|HC|  |TAMS 0x0000000703100000, 0x0000000703100000| Complete 
|  50|0x0000000703200000, 0x0000000703300000, 0x0000000703300000|100%|HC|  |TAMS 0x0000000703200000, 0x0000000703200000| Complete 
|  51|0x0000000703300000, 0x0000000703400000, 0x0000000703400000|100%|HS|  |TAMS 0x0000000703300000, 0x0000000703300000| Complete 
|  52|0x0000000703400000, 0x0000000703500000, 0x0000000703500000|100%|HC|  |TAMS 0x0000000703400000, 0x0000000703400000| Complete 
|  53|0x0000000703500000, 0x0000000703600000, 0x0000000703600000|100%|HS|  |TAMS 0x0000000703500000, 0x0000000703500000| Complete 
|  54|0x0000000703600000, 0x0000000703700000, 0x0000000703700000|100%|HC|  |TAMS 0x0000000703600000, 0x0000000703600000| Complete 
|  55|0x0000000703700000, 0x0000000703800000, 0x0000000703800000|100%|HS|  |TAMS 0x0000000703700000, 0x0000000703700000| Complete 
|  56|0x0000000703800000, 0x0000000703900000, 0x0000000703900000|100%|HC|  |TAMS 0x0000000703800000, 0x0000000703800000| Complete 
|  57|0x0000000703900000, 0x0000000703a00000, 0x0000000703a00000|100%|HS|  |TAMS 0x0000000703900000, 0x0000000703900000| Complete 
|  58|0x0000000703a00000, 0x0000000703b00000, 0x0000000703b00000|100%|HC|  |TAMS 0x0000000703a00000, 0x0000000703a00000| Complete 
|  59|0x0000000703b00000, 0x0000000703c00000, 0x0000000703c00000|100%|HS|  |TAMS 0x0000000703b00000, 0x0000000703b00000| Complete 
|  60|0x0000000703c00000, 0x0000000703d00000, 0x0000000703d00000|100%|HC|  |TAMS 0x0000000703c00000, 0x0000000703c00000| Complete 
|  61|0x0000000703d00000, 0x0000000703e00000, 0x0000000703e00000|100%|HS|  |TAMS 0x0000000703d00000, 0x0000000703d00000| Complete 
|  62|0x0000000703e00000, 0x0000000703f00000, 0x0000000703f00000|100%|HC|  |TAMS 0x0000000703e00000, 0x0000000703e00000| Complete 
|  63|0x0000000703f00000, 0x0000000704000000, 0x0000000704000000|100%|HS|  |TAMS 0x0000000703f00000, 0x0000000703f00000| Complete 
|  64|0x0000000704000000, 0x0000000704100000, 0x0000000704100000|100%|HC|  |TAMS 0x0000000704000000, 0x0000000704000000| Complete 
|  65|0x0000000704100000, 0x0000000704200000, 0x0000000704200000|100%|HC|  |TAMS 0x0000000704100000, 0x0000000704100000| Complete 
|  66|0x0000000704200000, 0x0000000704300000, 0x0000000704300000|100%|HC|  |TAMS 0x0000000704200000, 0x0000000704200000| Complete 
|  67|0x0000000704300000, 0x0000000704400000, 0x0000000704400000|100%|HC|  |TAMS 0x0000000704300000, 0x0000000704300000| Complete 
|  68|0x0000000704400000, 0x0000000704500000, 0x0000000704500000|100%|HS|  |TAMS 0x0000000704400000, 0x0000000704400000| Complete 
|  69|0x0000000704500000, 0x0000000704600000, 0x0000000704600000|100%|HC|  |TAMS 0x0000000704500000, 0x0000000704500000| Complete 
|  70|0x0000000704600000, 0x0000000704700000, 0x0000000704700000|100%|HS|  |TAMS 0x0000000704600000, 0x0000000704600000| Complete 
|  71|0x0000000704700000, 0x0000000704800000, 0x0000000704800000|100%|HC|  |TAMS 0x0000000704700000, 0x0000000704700000| Complete 
|  72|0x0000000704800000, 0x0000000704900000, 0x0000000704900000|100%|HS|  |TAMS 0x0000000704800000, 0x0000000704800000| Complete 
|  73|0x0000000704900000, 0x0000000704a00000, 0x0000000704a00000|100%|HC|  |TAMS 0x0000000704900000, 0x0000000704900000| Complete 
|  74|0x0000000704a00000, 0x0000000704b00000, 0x0000000704b00000|100%|HS|  |TAMS 0x0000000704a00000, 0x0000000704a00000| Complete 
|  75|0x0000000704b00000, 0x0000000704c00000, 0x0000000704c00000|100%|HC|  |TAMS 0x0000000704b00000, 0x0000000704b00000| Complete 
|  76|0x0000000704c00000, 0x0000000704d00000, 0x0000000704d00000|100%|HS|  |TAMS 0x0000000704c00000, 0x0000000704c00000| Complete 
|  77|0x0000000704d00000, 0x0000000704e00000, 0x0000000704e00000|100%|HC|  |TAMS 0x0000000704d00000, 0x0000000704d00000| Complete 
|  78|0x0000000704e00000, 0x0000000704f00000, 0x0000000704f00000|100%|HS|  |TAMS 0x0000000704e00000, 0x0000000704e00000| Complete 
|  79|0x0000000704f00000, 0x0000000705000000, 0x0000000705000000|100%|HC|  |TAMS 0x0000000704f00000, 0x0000000704f00000| Complete 
|  80|0x0000000705000000, 0x0000000705100000, 0x0000000705100000|100%|HS|  |TAMS 0x0000000705100000, 0x0000000705000000| Complete 
|  81|0x0000000705100000, 0x0000000705200000, 0x0000000705200000|100%|HC|  |TAMS 0x0000000705200000, 0x0000000705100000| Complete 
|  82|0x0000000705200000, 0x0000000705300000, 0x0000000705300000|100%|HS|  |TAMS 0x0000000705200000, 0x0000000705200000| Complete 
|  83|0x0000000705300000, 0x0000000705400000, 0x0000000705400000|100%|HC|  |TAMS 0x0000000705300000, 0x0000000705300000| Complete 
|  84|0x0000000705400000, 0x0000000705500000, 0x0000000705500000|100%|HC|  |TAMS 0x0000000705400000, 0x0000000705400000| Complete 
|  85|0x0000000705500000, 0x0000000705600000, 0x0000000705600000|100%|HC|  |TAMS 0x0000000705500000, 0x0000000705500000| Complete 
|  86|0x0000000705600000, 0x0000000705700000, 0x0000000705700000|100%|HC|  |TAMS 0x0000000705600000, 0x0000000705600000| Complete 
|  87|0x0000000705700000, 0x0000000705800000, 0x0000000705800000|100%|HS|  |TAMS 0x0000000705700000, 0x0000000705700000| Complete 
|  88|0x0000000705800000, 0x0000000705900000, 0x0000000705900000|100%|HC|  |TAMS 0x0000000705800000, 0x0000000705800000| Complete 
|  89|0x0000000705900000, 0x00000007059c9600, 0x0000000705a00000| 78%| O|  |TAMS 0x00000007059c9600, 0x0000000705900000| Untracked 
|  90|0x0000000705a00000, 0x0000000705b00000, 0x0000000705b00000|100%|HS|  |TAMS 0x0000000705a00000, 0x0000000705a00000| Complete 
|  91|0x0000000705b00000, 0x0000000705c00000, 0x0000000705c00000|100%|HC|  |TAMS 0x0000000705b00000, 0x0000000705b00000| Complete 
|  92|0x0000000705c00000, 0x0000000705d00000, 0x0000000705d00000|100%|HC|  |TAMS 0x0000000705c00000, 0x0000000705c00000| Complete 
|  93|0x0000000705d00000, 0x0000000705e00000, 0x0000000705e00000|100%|HC|  |TAMS 0x0000000705d00000, 0x0000000705d00000| Complete 
|  94|0x0000000705e00000, 0x0000000705f00000, 0x0000000705f00000|100%|HC|  |TAMS 0x0000000705e00000, 0x0000000705e00000| Complete 
|  95|0x0000000705f00000, 0x0000000706000000, 0x0000000706000000|100%|HS|  |TAMS 0x0000000705f00000, 0x0000000705f00000| Complete 
|  96|0x0000000706000000, 0x0000000706100000, 0x0000000706100000|100%|HC|  |TAMS 0x0000000706000000, 0x0000000706000000| Complete 
|  97|0x0000000706100000, 0x0000000706200000, 0x0000000706200000|100%|HS|  |TAMS 0x0000000706100000, 0x0000000706100000| Complete 
|  98|0x0000000706200000, 0x0000000706300000, 0x0000000706300000|100%|HC|  |TAMS 0x0000000706200000, 0x0000000706200000| Complete 
|  99|0x0000000706300000, 0x0000000706400000, 0x0000000706400000|100%| O|  |TAMS 0x0000000706400000, 0x0000000706300000| Untracked 
| 100|0x0000000706400000, 0x0000000706500000, 0x0000000706500000|100%| O|  |TAMS 0x0000000706500000, 0x0000000706400000| Untracked 
| 101|0x0000000706500000, 0x0000000706600000, 0x0000000706600000|100%| O|  |TAMS 0x0000000706600000, 0x0000000706500000| Untracked 
| 102|0x0000000706600000, 0x0000000706700000, 0x0000000706700000|100%|HS|  |TAMS 0x0000000706600000, 0x0000000706600000| Complete 
| 103|0x0000000706700000, 0x0000000706800000, 0x0000000706800000|100%|HC|  |TAMS 0x0000000706700000, 0x0000000706700000| Complete 
| 104|0x0000000706800000, 0x0000000706900000, 0x0000000706900000|100%|HC|  |TAMS 0x0000000706800000, 0x0000000706800000| Complete 
| 105|0x0000000706900000, 0x0000000706a00000, 0x0000000706a00000|100%|HC|  |TAMS 0x0000000706900000, 0x0000000706900000| Complete 
| 106|0x0000000706a00000, 0x0000000706b00000, 0x0000000706b00000|100%|HC|  |TAMS 0x0000000706a00000, 0x0000000706a00000| Complete 
| 107|0x0000000706b00000, 0x0000000706c00000, 0x0000000706c00000|100%|HS|  |TAMS 0x0000000706b00000, 0x0000000706b00000| Complete 
| 108|0x0000000706c00000, 0x0000000706d00000, 0x0000000706d00000|100%|HC|  |TAMS 0x0000000706c00000, 0x0000000706c00000| Complete 
| 109|0x0000000706d00000, 0x0000000706e00000, 0x0000000706e00000|100%|HC|  |TAMS 0x0000000706d00000, 0x0000000706d00000| Complete 
| 110|0x0000000706e00000, 0x0000000706f00000, 0x0000000706f00000|100%|HC|  |TAMS 0x0000000706e00000, 0x0000000706e00000| Complete 
| 111|0x0000000706f00000, 0x0000000707000000, 0x0000000707000000|100%|HC|  |TAMS 0x0000000706f00000, 0x0000000706f00000| Complete 
| 112|0x0000000707000000, 0x0000000707100000, 0x0000000707100000|100%|HS|  |TAMS 0x0000000707000000, 0x0000000707000000| Complete 
| 113|0x0000000707100000, 0x0000000707200000, 0x0000000707200000|100%|HC|  |TAMS 0x0000000707100000, 0x0000000707100000| Complete 
| 114|0x0000000707200000, 0x0000000707300000, 0x0000000707300000|100%|HC|  |TAMS 0x0000000707200000, 0x0000000707200000| Complete 
| 115|0x0000000707300000, 0x0000000707400000, 0x0000000707400000|100%|HC|  |TAMS 0x0000000707300000, 0x0000000707300000| Complete 
| 116|0x0000000707400000, 0x0000000707500000, 0x0000000707500000|100%|HC|  |TAMS 0x0000000707400000, 0x0000000707400000| Complete 
| 117|0x0000000707500000, 0x0000000707600000, 0x0000000707600000|100%|HS|  |TAMS 0x0000000707500000, 0x0000000707500000| Complete 
| 118|0x0000000707600000, 0x0000000707700000, 0x0000000707700000|100%|HC|  |TAMS 0x0000000707600000, 0x0000000707600000| Complete 
| 119|0x0000000707700000, 0x0000000707800000, 0x0000000707800000|100%|HS|  |TAMS 0x0000000707700000, 0x0000000707700000| Complete 
| 120|0x0000000707800000, 0x0000000707900000, 0x0000000707900000|100%|HC|  |TAMS 0x0000000707800000, 0x0000000707800000| Complete 
| 121|0x0000000707900000, 0x0000000707a00000, 0x0000000707a00000|100%|HC|  |TAMS 0x0000000707900000, 0x0000000707900000| Complete 
| 122|0x0000000707a00000, 0x0000000707b00000, 0x0000000707b00000|100%|HC|  |TAMS 0x0000000707a00000, 0x0000000707a00000| Complete 
| 123|0x0000000707b00000, 0x0000000707c00000, 0x0000000707c00000|100%|HC|  |TAMS 0x0000000707b00000, 0x0000000707b00000| Complete 
| 124|0x0000000707c00000, 0x0000000707d00000, 0x0000000707d00000|100%|HS|  |TAMS 0x0000000707d00000, 0x0000000707c00000| Complete 
| 125|0x0000000707d00000, 0x0000000707e00000, 0x0000000707e00000|100%|HC|  |TAMS 0x0000000707e00000, 0x0000000707d00000| Complete 
| 126|0x0000000707e00000, 0x0000000707f00000, 0x0000000707f00000|100%|HC|  |TAMS 0x0000000707f00000, 0x0000000707e00000| Complete 
| 127|0x0000000707f00000, 0x0000000708000000, 0x0000000708000000|100%|HC|  |TAMS 0x0000000708000000, 0x0000000707f00000| Complete 
| 128|0x0000000708000000, 0x0000000708100000, 0x0000000708100000|100%|HC|  |TAMS 0x0000000708100000, 0x0000000708000000| Complete 
| 129|0x0000000708100000, 0x0000000708200000, 0x0000000708200000|100%|HC|  |TAMS 0x0000000708200000, 0x0000000708100000| Complete 
| 130|0x0000000708200000, 0x0000000708300000, 0x0000000708300000|100%|HC|  |TAMS 0x0000000708300000, 0x0000000708200000| Complete 
| 131|0x0000000708300000, 0x0000000708400000, 0x0000000708400000|100%|HC|  |TAMS 0x0000000708400000, 0x0000000708300000| Complete 
| 132|0x0000000708400000, 0x0000000708500000, 0x0000000708500000|100%|HC|  |TAMS 0x0000000708500000, 0x0000000708400000| Complete 
| 133|0x0000000708500000, 0x0000000708600000, 0x0000000708600000|100%|HC|  |TAMS 0x0000000708600000, 0x0000000708500000| Complete 
| 134|0x0000000708600000, 0x0000000708700000, 0x0000000708700000|100%|HC|  |TAMS 0x0000000708700000, 0x0000000708600000| Complete 
| 135|0x0000000708700000, 0x0000000708800000, 0x0000000708800000|100%|HC|  |TAMS 0x0000000708800000, 0x0000000708700000| Complete 
| 136|0x0000000708800000, 0x0000000708900000, 0x0000000708900000|100%|HC|  |TAMS 0x0000000708900000, 0x0000000708800000| Complete 
| 137|0x0000000708900000, 0x0000000708a00000, 0x0000000708a00000|100%|HC|  |TAMS 0x0000000708a00000, 0x0000000708900000| Complete 
| 138|0x0000000708a00000, 0x0000000708b00000, 0x0000000708b00000|100%|HC|  |TAMS 0x0000000708b00000, 0x0000000708a00000| Complete 
| 139|0x0000000708b00000, 0x0000000708c00000, 0x0000000708c00000|100%|HC|  |TAMS 0x0000000708c00000, 0x0000000708b00000| Complete 
| 140|0x0000000708c00000, 0x0000000708d00000, 0x0000000708d00000|100%|HC|  |TAMS 0x0000000708d00000, 0x0000000708c00000| Complete 
| 141|0x0000000708d00000, 0x0000000708e00000, 0x0000000708e00000|100%|HC|  |TAMS 0x0000000708e00000, 0x0000000708d00000| Complete 
| 142|0x0000000708e00000, 0x0000000708f00000, 0x0000000708f00000|100%|HC|  |TAMS 0x0000000708f00000, 0x0000000708e00000| Complete 
| 143|0x0000000708f00000, 0x0000000709000000, 0x0000000709000000|100%|HC|  |TAMS 0x0000000709000000, 0x0000000708f00000| Complete 
| 144|0x0000000709000000, 0x0000000709100000, 0x0000000709100000|100%|HC|  |TAMS 0x0000000709100000, 0x0000000709000000| Complete 
| 145|0x0000000709100000, 0x0000000709200000, 0x0000000709200000|100%|HC|  |TAMS 0x0000000709200000, 0x0000000709100000| Complete 
| 146|0x0000000709200000, 0x0000000709300000, 0x0000000709300000|100%|HC|  |TAMS 0x0000000709300000, 0x0000000709200000| Complete 
| 147|0x0000000709300000, 0x0000000709400000, 0x0000000709400000|100%|HC|  |TAMS 0x0000000709400000, 0x0000000709300000| Complete 
| 148|0x0000000709400000, 0x0000000709500000, 0x0000000709500000|100%|HC|  |TAMS 0x0000000709500000, 0x0000000709400000| Complete 
| 149|0x0000000709500000, 0x0000000709600000, 0x0000000709600000|100%|HC|  |TAMS 0x0000000709600000, 0x0000000709500000| Complete 
| 150|0x0000000709600000, 0x0000000709700000, 0x0000000709700000|100%|HC|  |TAMS 0x0000000709700000, 0x0000000709600000| Complete 
| 151|0x0000000709700000, 0x0000000709800000, 0x0000000709800000|100%|HC|  |TAMS 0x0000000709800000, 0x0000000709700000| Complete 
| 152|0x0000000709800000, 0x0000000709900000, 0x0000000709900000|100%|HC|  |TAMS 0x0000000709900000, 0x0000000709800000| Complete 
| 153|0x0000000709900000, 0x0000000709a00000, 0x0000000709a00000|100%|HC|  |TAMS 0x0000000709a00000, 0x0000000709900000| Complete 
| 154|0x0000000709a00000, 0x0000000709b00000, 0x0000000709b00000|100%|HC|  |TAMS 0x0000000709b00000, 0x0000000709a00000| Complete 
| 155|0x0000000709b00000, 0x0000000709c00000, 0x0000000709c00000|100%|HC|  |TAMS 0x0000000709c00000, 0x0000000709b00000| Complete 
| 156|0x0000000709c00000, 0x0000000709d00000, 0x0000000709d00000|100%|HC|  |TAMS 0x0000000709d00000, 0x0000000709c00000| Complete 
| 157|0x0000000709d00000, 0x0000000709e00000, 0x0000000709e00000|100%|HC|  |TAMS 0x0000000709e00000, 0x0000000709d00000| Complete 
| 158|0x0000000709e00000, 0x0000000709f00000, 0x0000000709f00000|100%|HC|  |TAMS 0x0000000709f00000, 0x0000000709e00000| Complete 
| 159|0x0000000709f00000, 0x000000070a000000, 0x000000070a000000|100%|HC|  |TAMS 0x000000070a000000, 0x0000000709f00000| Complete 
| 160|0x000000070a000000, 0x000000070a100000, 0x000000070a100000|100%|HC|  |TAMS 0x000000070a100000, 0x000000070a000000| Complete 
| 161|0x000000070a100000, 0x000000070a200000, 0x000000070a200000|100%|HC|  |TAMS 0x000000070a200000, 0x000000070a100000| Complete 
| 162|0x000000070a200000, 0x000000070a300000, 0x000000070a300000|100%|HC|  |TAMS 0x000000070a300000, 0x000000070a200000| Complete 
| 163|0x000000070a300000, 0x000000070a400000, 0x000000070a400000|100%|HC|  |TAMS 0x000000070a400000, 0x000000070a300000| Complete 
| 164|0x000000070a400000, 0x000000070a500000, 0x000000070a500000|100%|HC|  |TAMS 0x000000070a500000, 0x000000070a400000| Complete 
| 165|0x000000070a500000, 0x000000070a600000, 0x000000070a600000|100%|HC|  |TAMS 0x000000070a600000, 0x000000070a500000| Complete 
| 166|0x000000070a600000, 0x000000070a700000, 0x000000070a700000|100%|HC|  |TAMS 0x000000070a700000, 0x000000070a600000| Complete 
| 167|0x000000070a700000, 0x000000070a800000, 0x000000070a800000|100%|HC|  |TAMS 0x000000070a800000, 0x000000070a700000| Complete 
| 168|0x000000070a800000, 0x000000070a900000, 0x000000070a900000|100%|HC|  |TAMS 0x000000070a900000, 0x000000070a800000| Complete 
| 169|0x000000070a900000, 0x000000070aa00000, 0x000000070aa00000|100%|HC|  |TAMS 0x000000070aa00000, 0x000000070a900000| Complete 
| 170|0x000000070aa00000, 0x000000070ab00000, 0x000000070ab00000|100%|HC|  |TAMS 0x000000070ab00000, 0x000000070aa00000| Complete 
| 171|0x000000070ab00000, 0x000000070ac00000, 0x000000070ac00000|100%|HC|  |TAMS 0x000000070ac00000, 0x000000070ab00000| Complete 
| 172|0x000000070ac00000, 0x000000070ad00000, 0x000000070ad00000|100%|HC|  |TAMS 0x000000070ad00000, 0x000000070ac00000| Complete 
| 173|0x000000070ad00000, 0x000000070ae00000, 0x000000070ae00000|100%|HC|  |TAMS 0x000000070ae00000, 0x000000070ad00000| Complete 
| 174|0x000000070ae00000, 0x000000070af00000, 0x000000070af00000|100%|HC|  |TAMS 0x000000070af00000, 0x000000070ae00000| Complete 
| 175|0x000000070af00000, 0x000000070b000000, 0x000000070b000000|100%|HC|  |TAMS 0x000000070b000000, 0x000000070af00000| Complete 
| 176|0x000000070b000000, 0x000000070b100000, 0x000000070b100000|100%|HC|  |TAMS 0x000000070b100000, 0x000000070b000000| Complete 
| 177|0x000000070b100000, 0x000000070b200000, 0x000000070b200000|100%|HC|  |TAMS 0x000000070b200000, 0x000000070b100000| Complete 
| 178|0x000000070b200000, 0x000000070b300000, 0x000000070b300000|100%|HC|  |TAMS 0x000000070b300000, 0x000000070b200000| Complete 
| 179|0x000000070b300000, 0x000000070b400000, 0x000000070b400000|100%|HC|  |TAMS 0x000000070b400000, 0x000000070b300000| Complete 
| 180|0x000000070b400000, 0x000000070b500000, 0x000000070b500000|100%|HC|  |TAMS 0x000000070b500000, 0x000000070b400000| Complete 
| 181|0x000000070b500000, 0x000000070b600000, 0x000000070b600000|100%|HC|  |TAMS 0x000000070b600000, 0x000000070b500000| Complete 
| 182|0x000000070b600000, 0x000000070b700000, 0x000000070b700000|100%|HC|  |TAMS 0x000000070b700000, 0x000000070b600000| Complete 
| 183|0x000000070b700000, 0x000000070b800000, 0x000000070b800000|100%|HC|  |TAMS 0x000000070b800000, 0x000000070b700000| Complete 
| 184|0x000000070b800000, 0x000000070b900000, 0x000000070b900000|100%|HC|  |TAMS 0x000000070b900000, 0x000000070b800000| Complete 
| 185|0x000000070b900000, 0x000000070ba00000, 0x000000070ba00000|100%|HC|  |TAMS 0x000000070ba00000, 0x000000070b900000| Complete 
| 186|0x000000070ba00000, 0x000000070bb00000, 0x000000070bb00000|100%|HC|  |TAMS 0x000000070bb00000, 0x000000070ba00000| Complete 
| 187|0x000000070bb00000, 0x000000070bc00000, 0x000000070bc00000|100%|HC|  |TAMS 0x000000070bc00000, 0x000000070bb00000| Complete 
| 188|0x000000070bc00000, 0x000000070bd00000, 0x000000070bd00000|100%|HC|  |TAMS 0x000000070bd00000, 0x000000070bc00000| Complete 
| 189|0x000000070bd00000, 0x000000070be00000, 0x000000070be00000|100%|HS|  |TAMS 0x000000070bd00000, 0x000000070bd00000| Complete 
| 190|0x000000070be00000, 0x000000070bf00000, 0x000000070bf00000|100%|HC|  |TAMS 0x000000070be00000, 0x000000070be00000| Complete 
| 191|0x000000070bf00000, 0x000000070c000000, 0x000000070c000000|100%|HC|  |TAMS 0x000000070bf00000, 0x000000070bf00000| Complete 
| 192|0x000000070c000000, 0x000000070c100000, 0x000000070c100000|100%|HC|  |TAMS 0x000000070c000000, 0x000000070c000000| Complete 
| 193|0x000000070c100000, 0x000000070c200000, 0x000000070c200000|100%|HC|  |TAMS 0x000000070c100000, 0x000000070c100000| Complete 
| 194|0x000000070c200000, 0x000000070c300000, 0x000000070c300000|100%|HS|  |TAMS 0x000000070c200000, 0x000000070c200000| Complete 
| 195|0x000000070c300000, 0x000000070c400000, 0x000000070c400000|100%|HC|  |TAMS 0x000000070c300000, 0x000000070c300000| Complete 
| 196|0x000000070c400000, 0x000000070c500000, 0x000000070c500000|100%|HS|  |TAMS 0x000000070c400000, 0x000000070c400000| Complete 
| 197|0x000000070c500000, 0x000000070c600000, 0x000000070c600000|100%|HC|  |TAMS 0x000000070c500000, 0x000000070c500000| Complete 
| 198|0x000000070c600000, 0x000000070c700000, 0x000000070c700000|100%|HS|  |TAMS 0x000000070c600000, 0x000000070c600000| Complete 
| 199|0x000000070c700000, 0x000000070c800000, 0x000000070c800000|100%|HC|  |TAMS 0x000000070c700000, 0x000000070c700000| Complete 
| 200|0x000000070c800000, 0x000000070c900000, 0x000000070c900000|100%|HC|  |TAMS 0x000000070c800000, 0x000000070c800000| Complete 
| 201|0x000000070c900000, 0x000000070ca00000, 0x000000070ca00000|100%|HC|  |TAMS 0x000000070c900000, 0x000000070c900000| Complete 
| 202|0x000000070ca00000, 0x000000070cb00000, 0x000000070cb00000|100%|HC|  |TAMS 0x000000070ca00000, 0x000000070ca00000| Complete 
| 203|0x000000070cb00000, 0x000000070cc00000, 0x000000070cc00000|100%|HS|  |TAMS 0x000000070cb00000, 0x000000070cb00000| Complete 
| 204|0x000000070cc00000, 0x000000070cd00000, 0x000000070cd00000|100%|HC|  |TAMS 0x000000070cc00000, 0x000000070cc00000| Complete 
| 205|0x000000070cd00000, 0x000000070ce00000, 0x000000070ce00000|100%|HS|  |TAMS 0x000000070cd00000, 0x000000070cd00000| Complete 
| 206|0x000000070ce00000, 0x000000070cf00000, 0x000000070cf00000|100%|HC|  |TAMS 0x000000070ce00000, 0x000000070ce00000| Complete 
| 207|0x000000070cf00000, 0x000000070d000000, 0x000000070d000000|100%|HS|  |TAMS 0x000000070cf00000, 0x000000070cf00000| Complete 
| 208|0x000000070d000000, 0x000000070d100000, 0x000000070d100000|100%|HC|  |TAMS 0x000000070d000000, 0x000000070d000000| Complete 
| 209|0x000000070d100000, 0x000000070d200000, 0x000000070d200000|100%|HC|  |TAMS 0x000000070d100000, 0x000000070d100000| Complete 
| 210|0x000000070d200000, 0x000000070d300000, 0x000000070d300000|100%|HC|  |TAMS 0x000000070d200000, 0x000000070d200000| Complete 
| 211|0x000000070d300000, 0x000000070d400000, 0x000000070d400000|100%|HC|  |TAMS 0x000000070d300000, 0x000000070d300000| Complete 
| 212|0x000000070d400000, 0x000000070d500000, 0x000000070d500000|100%|HS|  |TAMS 0x000000070d500000, 0x000000070d400000| Complete 
| 213|0x000000070d500000, 0x000000070d600000, 0x000000070d600000|100%|HC|  |TAMS 0x000000070d600000, 0x000000070d500000| Complete 
| 214|0x000000070d600000, 0x000000070d700000, 0x000000070d700000|100%|HS|  |TAMS 0x000000070d600000, 0x000000070d600000| Complete 
| 215|0x000000070d700000, 0x000000070d800000, 0x000000070d800000|100%|HC|  |TAMS 0x000000070d700000, 0x000000070d700000| Complete 
| 216|0x000000070d800000, 0x000000070d900000, 0x000000070d900000|100%|HC|  |TAMS 0x000000070d800000, 0x000000070d800000| Complete 
| 217|0x000000070d900000, 0x000000070da00000, 0x000000070da00000|100%|HC|  |TAMS 0x000000070d900000, 0x000000070d900000| Complete 
| 218|0x000000070da00000, 0x000000070db00000, 0x000000070db00000|100%|HC|  |TAMS 0x000000070da00000, 0x000000070da00000| Complete 
| 219|0x000000070db00000, 0x000000070dc00000, 0x000000070dc00000|100%|HS|  |TAMS 0x000000070db00000, 0x000000070db00000| Complete 
| 220|0x000000070dc00000, 0x000000070dd00000, 0x000000070dd00000|100%|HC|  |TAMS 0x000000070dc00000, 0x000000070dc00000| Complete 
| 221|0x000000070dd00000, 0x000000070de00000, 0x000000070de00000|100%|HS|  |TAMS 0x000000070dd00000, 0x000000070dd00000| Complete 
| 222|0x000000070de00000, 0x000000070df00000, 0x000000070df00000|100%|HC|  |TAMS 0x000000070de00000, 0x000000070de00000| Complete 
| 223|0x000000070df00000, 0x000000070e000000, 0x000000070e000000|100%|HS|  |TAMS 0x000000070df00000, 0x000000070df00000| Complete 
| 224|0x000000070e000000, 0x000000070e100000, 0x000000070e100000|100%|HC|  |TAMS 0x000000070e000000, 0x000000070e000000| Complete 
| 225|0x000000070e100000, 0x000000070e200000, 0x000000070e200000|100%|HS|  |TAMS 0x000000070e100000, 0x000000070e100000| Complete 
| 226|0x000000070e200000, 0x000000070e300000, 0x000000070e300000|100%|HC|  |TAMS 0x000000070e200000, 0x000000070e200000| Complete 
| 227|0x000000070e300000, 0x000000070e400000, 0x000000070e400000|100%|HS|  |TAMS 0x000000070e300000, 0x000000070e300000| Complete 
| 228|0x000000070e400000, 0x000000070e500000, 0x000000070e500000|100%|HC|  |TAMS 0x000000070e400000, 0x000000070e400000| Complete 
| 229|0x000000070e500000, 0x000000070e600000, 0x000000070e600000|100%|HC|  |TAMS 0x000000070e500000, 0x000000070e500000| Complete 
| 230|0x000000070e600000, 0x000000070e700000, 0x000000070e700000|100%|HC|  |TAMS 0x000000070e600000, 0x000000070e600000| Complete 
| 231|0x000000070e700000, 0x000000070e800000, 0x000000070e800000|100%|HC|  |TAMS 0x000000070e700000, 0x000000070e700000| Complete 
| 232|0x000000070e800000, 0x000000070e900000, 0x000000070e900000|100%|HS|  |TAMS 0x000000070e800000, 0x000000070e800000| Complete 
| 233|0x000000070e900000, 0x000000070ea00000, 0x000000070ea00000|100%|HC|  |TAMS 0x000000070e900000, 0x000000070e900000| Complete 
| 234|0x000000070ea00000, 0x000000070eb00000, 0x000000070eb00000|100%|HS|  |TAMS 0x000000070ea00000, 0x000000070ea00000| Complete 
| 235|0x000000070eb00000, 0x000000070ec00000, 0x000000070ec00000|100%|HC|  |TAMS 0x000000070eb00000, 0x000000070eb00000| Complete 
| 236|0x000000070ec00000, 0x000000070ed00000, 0x000000070ed00000|100%|HS|  |TAMS 0x000000070ec00000, 0x000000070ec00000| Complete 
| 237|0x000000070ed00000, 0x000000070ee00000, 0x000000070ee00000|100%|HC|  |TAMS 0x000000070ed00000, 0x000000070ed00000| Complete 
| 238|0x000000070ee00000, 0x000000070ef00000, 0x000000070ef00000|100%|HS|  |TAMS 0x000000070ee00000, 0x000000070ee00000| Complete 
| 239|0x000000070ef00000, 0x000000070f000000, 0x000000070f000000|100%|HC|  |TAMS 0x000000070ef00000, 0x000000070ef00000| Complete 
| 240|0x000000070f000000, 0x000000070f100000, 0x000000070f100000|100%|HS|  |TAMS 0x000000070f000000, 0x000000070f000000| Complete 
| 241|0x000000070f100000, 0x000000070f200000, 0x000000070f200000|100%|HC|  |TAMS 0x000000070f100000, 0x000000070f100000| Complete 
| 242|0x000000070f200000, 0x000000070f300000, 0x000000070f300000|100%|HC|  |TAMS 0x000000070f200000, 0x000000070f200000| Complete 
| 243|0x000000070f300000, 0x000000070f400000, 0x000000070f400000|100%|HC|  |TAMS 0x000000070f300000, 0x000000070f300000| Complete 
| 244|0x000000070f400000, 0x000000070f500000, 0x000000070f500000|100%|HC|  |TAMS 0x000000070f400000, 0x000000070f400000| Complete 
| 245|0x000000070f500000, 0x000000070f600000, 0x000000070f600000|100%|HS|  |TAMS 0x000000070f500000, 0x000000070f500000| Complete 
| 246|0x000000070f600000, 0x000000070f700000, 0x000000070f700000|100%|HC|  |TAMS 0x000000070f600000, 0x000000070f600000| Complete 
| 247|0x000000070f700000, 0x000000070f800000, 0x000000070f800000|100%|HC|  |TAMS 0x000000070f700000, 0x000000070f700000| Complete 
| 248|0x000000070f800000, 0x000000070f900000, 0x000000070f900000|100%|HC|  |TAMS 0x000000070f800000, 0x000000070f800000| Complete 
| 249|0x000000070f900000, 0x000000070fa00000, 0x000000070fa00000|100%|HC|  |TAMS 0x000000070f900000, 0x000000070f900000| Complete 
| 250|0x000000070fa00000, 0x000000070fb00000, 0x000000070fb00000|100%|HS|  |TAMS 0x000000070fa00000, 0x000000070fa00000| Complete 
| 251|0x000000070fb00000, 0x000000070fc00000, 0x000000070fc00000|100%|HC|  |TAMS 0x000000070fb00000, 0x000000070fb00000| Complete 
| 252|0x000000070fc00000, 0x000000070fd00000, 0x000000070fd00000|100%|HC|  |TAMS 0x000000070fc00000, 0x000000070fc00000| Complete 
| 253|0x000000070fd00000, 0x000000070fe00000, 0x000000070fe00000|100%|HC|  |TAMS 0x000000070fd00000, 0x000000070fd00000| Complete 
| 254|0x000000070fe00000, 0x000000070ff00000, 0x000000070ff00000|100%|HC|  |TAMS 0x000000070fe00000, 0x000000070fe00000| Complete 
| 255|0x000000070ff00000, 0x0000000710000000, 0x0000000710000000|100%|HS|  |TAMS 0x000000070ff00000, 0x000000070ff00000| Complete 
| 256|0x0000000710000000, 0x0000000710100000, 0x0000000710100000|100%|HC|  |TAMS 0x0000000710000000, 0x0000000710000000| Complete 
| 257|0x0000000710100000, 0x0000000710200000, 0x0000000710200000|100%|HS|  |TAMS 0x0000000710100000, 0x0000000710100000| Complete 
| 258|0x0000000710200000, 0x0000000710300000, 0x0000000710300000|100%|HC|  |TAMS 0x0000000710200000, 0x0000000710200000| Complete 
| 259|0x0000000710300000, 0x0000000710400000, 0x0000000710400000|100%|HS|  |TAMS 0x0000000710300000, 0x0000000710300000| Complete 
| 260|0x0000000710400000, 0x0000000710500000, 0x0000000710500000|100%|HC|  |TAMS 0x0000000710400000, 0x0000000710400000| Complete 
| 261|0x0000000710500000, 0x0000000710600000, 0x0000000710600000|100%|HS|  |TAMS 0x0000000710500000, 0x0000000710500000| Complete 
| 262|0x0000000710600000, 0x0000000710700000, 0x0000000710700000|100%|HC|  |TAMS 0x0000000710600000, 0x0000000710600000| Complete 
| 263|0x0000000710700000, 0x0000000710700000, 0x0000000710800000|  0%| F|  |TAMS 0x0000000710700000, 0x0000000710700000| Untracked 
| 264|0x0000000710800000, 0x0000000710900000, 0x0000000710900000|100%|HS|  |TAMS 0x0000000710900000, 0x0000000710800000| Complete 
| 265|0x0000000710900000, 0x0000000710a00000, 0x0000000710a00000|100%|HC|  |TAMS 0x0000000710a00000, 0x0000000710900000| Complete 
| 266|0x0000000710a00000, 0x0000000710b00000, 0x0000000710b00000|100%|HS|  |TAMS 0x0000000710a00000, 0x0000000710a00000| Complete 
| 267|0x0000000710b00000, 0x0000000710c00000, 0x0000000710c00000|100%|HC|  |TAMS 0x0000000710b00000, 0x0000000710b00000| Complete 
| 268|0x0000000710c00000, 0x0000000710d00000, 0x0000000710d00000|100%|HC|  |TAMS 0x0000000710c00000, 0x0000000710c00000| Complete 
| 269|0x0000000710d00000, 0x0000000710e00000, 0x0000000710e00000|100%|HC|  |TAMS 0x0000000710d00000, 0x0000000710d00000| Complete 
| 270|0x0000000710e00000, 0x0000000710f00000, 0x0000000710f00000|100%|HC|  |TAMS 0x0000000710e00000, 0x0000000710e00000| Complete 
| 271|0x0000000710f00000, 0x0000000711000000, 0x0000000711000000|100%|HS|  |TAMS 0x0000000710f00000, 0x0000000710f00000| Complete 
| 272|0x0000000711000000, 0x0000000711100000, 0x0000000711100000|100%|HC|  |TAMS 0x0000000711000000, 0x0000000711000000| Complete 
| 273|0x0000000711100000, 0x0000000711200000, 0x0000000711200000|100%|HS|  |TAMS 0x0000000711100000, 0x0000000711100000| Complete 
| 274|0x0000000711200000, 0x0000000711300000, 0x0000000711300000|100%|HC|  |TAMS 0x0000000711200000, 0x0000000711200000| Complete 
| 275|0x0000000711300000, 0x0000000711400000, 0x0000000711400000|100%|HS|  |TAMS 0x0000000711300000, 0x0000000711300000| Complete 
| 276|0x0000000711400000, 0x0000000711500000, 0x0000000711500000|100%|HC|  |TAMS 0x0000000711400000, 0x0000000711400000| Complete 
| 277|0x0000000711500000, 0x0000000711600000, 0x0000000711600000|100%|HS|  |TAMS 0x0000000711500000, 0x0000000711500000| Complete 
| 278|0x0000000711600000, 0x0000000711700000, 0x0000000711700000|100%|HC|  |TAMS 0x0000000711600000, 0x0000000711600000| Complete 
| 279|0x0000000711700000, 0x0000000711800000, 0x0000000711800000|100%|HS|  |TAMS 0x0000000711700000, 0x0000000711700000| Complete 
| 280|0x0000000711800000, 0x0000000711900000, 0x0000000711900000|100%|HC|  |TAMS 0x0000000711800000, 0x0000000711800000| Complete 
| 281|0x0000000711900000, 0x0000000711a00000, 0x0000000711a00000|100%|HC|  |TAMS 0x0000000711900000, 0x0000000711900000| Complete 
| 282|0x0000000711a00000, 0x0000000711b00000, 0x0000000711b00000|100%|HC|  |TAMS 0x0000000711a00000, 0x0000000711a00000| Complete 
| 283|0x0000000711b00000, 0x0000000711c00000, 0x0000000711c00000|100%|HC|  |TAMS 0x0000000711b00000, 0x0000000711b00000| Complete 
| 284|0x0000000711c00000, 0x0000000711d00000, 0x0000000711d00000|100%|HS|  |TAMS 0x0000000711c00000, 0x0000000711c00000| Complete 
| 285|0x0000000711d00000, 0x0000000711e00000, 0x0000000711e00000|100%|HC|  |TAMS 0x0000000711d00000, 0x0000000711d00000| Complete 
| 286|0x0000000711e00000, 0x0000000711f00000, 0x0000000711f00000|100%|HC|  |TAMS 0x0000000711e00000, 0x0000000711e00000| Complete 
| 287|0x0000000711f00000, 0x0000000712000000, 0x0000000712000000|100%|HC|  |TAMS 0x0000000711f00000, 0x0000000711f00000| Complete 
| 288|0x0000000712000000, 0x0000000712100000, 0x0000000712100000|100%|HC|  |TAMS 0x0000000712000000, 0x0000000712000000| Complete 
| 289|0x0000000712100000, 0x0000000712200000, 0x0000000712200000|100%|HS|  |TAMS 0x0000000712100000, 0x0000000712100000| Complete 
| 290|0x0000000712200000, 0x0000000712300000, 0x0000000712300000|100%|HC|  |TAMS 0x0000000712200000, 0x0000000712200000| Complete 
| 291|0x0000000712300000, 0x0000000712400000, 0x0000000712400000|100%|HC|  |TAMS 0x0000000712300000, 0x0000000712300000| Complete 
| 292|0x0000000712400000, 0x0000000712500000, 0x0000000712500000|100%|HC|  |TAMS 0x0000000712400000, 0x0000000712400000| Complete 
| 293|0x0000000712500000, 0x0000000712600000, 0x0000000712600000|100%|HC|  |TAMS 0x0000000712500000, 0x0000000712500000| Complete 
| 294|0x0000000712600000, 0x0000000712700000, 0x0000000712700000|100%|HS|  |TAMS 0x0000000712600000, 0x0000000712600000| Complete 
| 295|0x0000000712700000, 0x0000000712800000, 0x0000000712800000|100%|HC|  |TAMS 0x0000000712700000, 0x0000000712700000| Complete 
| 296|0x0000000712800000, 0x0000000712800000, 0x0000000712900000|  0%| F|  |TAMS 0x0000000712800000, 0x0000000712800000| Untracked 
| 297|0x0000000712900000, 0x0000000712a00000, 0x0000000712a00000|100%|HS|  |TAMS 0x0000000712a00000, 0x0000000712900000| Complete 
| 298|0x0000000712a00000, 0x0000000712b00000, 0x0000000712b00000|100%|HC|  |TAMS 0x0000000712b00000, 0x0000000712a00000| Complete 
| 299|0x0000000712b00000, 0x0000000712c00000, 0x0000000712c00000|100%|HC|  |TAMS 0x0000000712c00000, 0x0000000712b00000| Complete 
| 300|0x0000000712c00000, 0x0000000712d00000, 0x0000000712d00000|100%|HC|  |TAMS 0x0000000712d00000, 0x0000000712c00000| Complete 
| 301|0x0000000712d00000, 0x0000000712e00000, 0x0000000712e00000|100%|HC|  |TAMS 0x0000000712e00000, 0x0000000712d00000| Complete 
| 302|0x0000000712e00000, 0x0000000712f00000, 0x0000000712f00000|100%|HC|  |TAMS 0x0000000712f00000, 0x0000000712e00000| Complete 
| 303|0x0000000712f00000, 0x0000000713000000, 0x0000000713000000|100%|HC|  |TAMS 0x0000000713000000, 0x0000000712f00000| Complete 
| 304|0x0000000713000000, 0x0000000713100000, 0x0000000713100000|100%|HC|  |TAMS 0x0000000713100000, 0x0000000713000000| Complete 
| 305|0x0000000713100000, 0x0000000713200000, 0x0000000713200000|100%|HC|  |TAMS 0x0000000713200000, 0x0000000713100000| Complete 
| 306|0x0000000713200000, 0x0000000713300000, 0x0000000713300000|100%|HC|  |TAMS 0x0000000713300000, 0x0000000713200000| Complete 
| 307|0x0000000713300000, 0x0000000713400000, 0x0000000713400000|100%|HC|  |TAMS 0x0000000713400000, 0x0000000713300000| Complete 
| 308|0x0000000713400000, 0x0000000713500000, 0x0000000713500000|100%|HC|  |TAMS 0x0000000713500000, 0x0000000713400000| Complete 
| 309|0x0000000713500000, 0x0000000713600000, 0x0000000713600000|100%|HC|  |TAMS 0x0000000713600000, 0x0000000713500000| Complete 
| 310|0x0000000713600000, 0x0000000713700000, 0x0000000713700000|100%|HC|  |TAMS 0x0000000713700000, 0x0000000713600000| Complete 
| 311|0x0000000713700000, 0x0000000713800000, 0x0000000713800000|100%|HC|  |TAMS 0x0000000713800000, 0x0000000713700000| Complete 
| 312|0x0000000713800000, 0x0000000713900000, 0x0000000713900000|100%|HC|  |TAMS 0x0000000713900000, 0x0000000713800000| Complete 
| 313|0x0000000713900000, 0x0000000713a00000, 0x0000000713a00000|100%|HC|  |TAMS 0x0000000713a00000, 0x0000000713900000| Complete 
| 314|0x0000000713a00000, 0x0000000713b00000, 0x0000000713b00000|100%|HC|  |TAMS 0x0000000713b00000, 0x0000000713a00000| Complete 
| 315|0x0000000713b00000, 0x0000000713c00000, 0x0000000713c00000|100%|HC|  |TAMS 0x0000000713c00000, 0x0000000713b00000| Complete 
| 316|0x0000000713c00000, 0x0000000713d00000, 0x0000000713d00000|100%|HC|  |TAMS 0x0000000713d00000, 0x0000000713c00000| Complete 
| 317|0x0000000713d00000, 0x0000000713e00000, 0x0000000713e00000|100%|HC|  |TAMS 0x0000000713e00000, 0x0000000713d00000| Complete 
| 318|0x0000000713e00000, 0x0000000713f00000, 0x0000000713f00000|100%|HC|  |TAMS 0x0000000713f00000, 0x0000000713e00000| Complete 
| 319|0x0000000713f00000, 0x0000000714000000, 0x0000000714000000|100%|HC|  |TAMS 0x0000000714000000, 0x0000000713f00000| Complete 
| 320|0x0000000714000000, 0x0000000714100000, 0x0000000714100000|100%|HC|  |TAMS 0x0000000714100000, 0x0000000714000000| Complete 
| 321|0x0000000714100000, 0x0000000714200000, 0x0000000714200000|100%|HC|  |TAMS 0x0000000714200000, 0x0000000714100000| Complete 
| 322|0x0000000714200000, 0x0000000714300000, 0x0000000714300000|100%|HC|  |TAMS 0x0000000714300000, 0x0000000714200000| Complete 
| 323|0x0000000714300000, 0x0000000714400000, 0x0000000714400000|100%|HC|  |TAMS 0x0000000714400000, 0x0000000714300000| Complete 
| 324|0x0000000714400000, 0x0000000714500000, 0x0000000714500000|100%|HC|  |TAMS 0x0000000714500000, 0x0000000714400000| Complete 
| 325|0x0000000714500000, 0x0000000714600000, 0x0000000714600000|100%|HC|  |TAMS 0x0000000714600000, 0x0000000714500000| Complete 
| 326|0x0000000714600000, 0x0000000714700000, 0x0000000714700000|100%|HC|  |TAMS 0x0000000714700000, 0x0000000714600000| Complete 
| 327|0x0000000714700000, 0x0000000714800000, 0x0000000714800000|100%|HC|  |TAMS 0x0000000714800000, 0x0000000714700000| Complete 
| 328|0x0000000714800000, 0x0000000714900000, 0x0000000714900000|100%|HC|  |TAMS 0x0000000714900000, 0x0000000714800000| Complete 
| 329|0x0000000714900000, 0x0000000714a00000, 0x0000000714a00000|100%|HC|  |TAMS 0x0000000714a00000, 0x0000000714900000| Complete 
| 330|0x0000000714a00000, 0x0000000714b00000, 0x0000000714b00000|100%|HC|  |TAMS 0x0000000714b00000, 0x0000000714a00000| Complete 
| 331|0x0000000714b00000, 0x0000000714c00000, 0x0000000714c00000|100%|HC|  |TAMS 0x0000000714c00000, 0x0000000714b00000| Complete 
| 332|0x0000000714c00000, 0x0000000714d00000, 0x0000000714d00000|100%|HC|  |TAMS 0x0000000714d00000, 0x0000000714c00000| Complete 
| 333|0x0000000714d00000, 0x0000000714e00000, 0x0000000714e00000|100%|HC|  |TAMS 0x0000000714e00000, 0x0000000714d00000| Complete 
| 334|0x0000000714e00000, 0x0000000714f00000, 0x0000000714f00000|100%|HC|  |TAMS 0x0000000714f00000, 0x0000000714e00000| Complete 
| 335|0x0000000714f00000, 0x0000000715000000, 0x0000000715000000|100%|HC|  |TAMS 0x0000000715000000, 0x0000000714f00000| Complete 
| 336|0x0000000715000000, 0x0000000715100000, 0x0000000715100000|100%|HC|  |TAMS 0x0000000715100000, 0x0000000715000000| Complete 
| 337|0x0000000715100000, 0x0000000715200000, 0x0000000715200000|100%|HC|  |TAMS 0x0000000715200000, 0x0000000715100000| Complete 
| 338|0x0000000715200000, 0x0000000715300000, 0x0000000715300000|100%|HC|  |TAMS 0x0000000715300000, 0x0000000715200000| Complete 
| 339|0x0000000715300000, 0x0000000715400000, 0x0000000715400000|100%|HC|  |TAMS 0x0000000715400000, 0x0000000715300000| Complete 
| 340|0x0000000715400000, 0x0000000715500000, 0x0000000715500000|100%|HC|  |TAMS 0x0000000715500000, 0x0000000715400000| Complete 
| 341|0x0000000715500000, 0x0000000715600000, 0x0000000715600000|100%|HC|  |TAMS 0x0000000715600000, 0x0000000715500000| Complete 
| 342|0x0000000715600000, 0x0000000715700000, 0x0000000715700000|100%|HC|  |TAMS 0x0000000715700000, 0x0000000715600000| Complete 
| 343|0x0000000715700000, 0x0000000715800000, 0x0000000715800000|100%|HC|  |TAMS 0x0000000715800000, 0x0000000715700000| Complete 
| 344|0x0000000715800000, 0x0000000715900000, 0x0000000715900000|100%|HC|  |TAMS 0x0000000715900000, 0x0000000715800000| Complete 
| 345|0x0000000715900000, 0x0000000715a00000, 0x0000000715a00000|100%|HC|  |TAMS 0x0000000715a00000, 0x0000000715900000| Complete 
| 346|0x0000000715a00000, 0x0000000715b00000, 0x0000000715b00000|100%|HC|  |TAMS 0x0000000715b00000, 0x0000000715a00000| Complete 
| 347|0x0000000715b00000, 0x0000000715c00000, 0x0000000715c00000|100%|HC|  |TAMS 0x0000000715c00000, 0x0000000715b00000| Complete 
| 348|0x0000000715c00000, 0x0000000715d00000, 0x0000000715d00000|100%|HC|  |TAMS 0x0000000715d00000, 0x0000000715c00000| Complete 
| 349|0x0000000715d00000, 0x0000000715e00000, 0x0000000715e00000|100%|HC|  |TAMS 0x0000000715e00000, 0x0000000715d00000| Complete 
| 350|0x0000000715e00000, 0x0000000715f00000, 0x0000000715f00000|100%|HC|  |TAMS 0x0000000715f00000, 0x0000000715e00000| Complete 
| 351|0x0000000715f00000, 0x0000000716000000, 0x0000000716000000|100%|HC|  |TAMS 0x0000000716000000, 0x0000000715f00000| Complete 
| 352|0x0000000716000000, 0x0000000716100000, 0x0000000716100000|100%|HC|  |TAMS 0x0000000716100000, 0x0000000716000000| Complete 
| 353|0x0000000716100000, 0x0000000716200000, 0x0000000716200000|100%|HC|  |TAMS 0x0000000716200000, 0x0000000716100000| Complete 
| 354|0x0000000716200000, 0x0000000716300000, 0x0000000716300000|100%|HC|  |TAMS 0x0000000716300000, 0x0000000716200000| Complete 
| 355|0x0000000716300000, 0x0000000716400000, 0x0000000716400000|100%|HC|  |TAMS 0x0000000716400000, 0x0000000716300000| Complete 
| 356|0x0000000716400000, 0x0000000716500000, 0x0000000716500000|100%|HC|  |TAMS 0x0000000716500000, 0x0000000716400000| Complete 
| 357|0x0000000716500000, 0x0000000716600000, 0x0000000716600000|100%|HC|  |TAMS 0x0000000716600000, 0x0000000716500000| Complete 
| 358|0x0000000716600000, 0x0000000716700000, 0x0000000716700000|100%|HC|  |TAMS 0x0000000716700000, 0x0000000716600000| Complete 
| 359|0x0000000716700000, 0x0000000716800000, 0x0000000716800000|100%|HC|  |TAMS 0x0000000716800000, 0x0000000716700000| Complete 
| 360|0x0000000716800000, 0x0000000716900000, 0x0000000716900000|100%|HC|  |TAMS 0x0000000716900000, 0x0000000716800000| Complete 
| 361|0x0000000716900000, 0x0000000716a00000, 0x0000000716a00000|100%|HC|  |TAMS 0x0000000716a00000, 0x0000000716900000| Complete 
| 362|0x0000000716a00000, 0x0000000716b00000, 0x0000000716b00000|100%|HS|  |TAMS 0x0000000716a00000, 0x0000000716a00000| Complete 
| 363|0x0000000716b00000, 0x0000000716c00000, 0x0000000716c00000|100%|HC|  |TAMS 0x0000000716b00000, 0x0000000716b00000| Complete 
| 364|0x0000000716c00000, 0x0000000716d00000, 0x0000000716d00000|100%|HS|  |TAMS 0x0000000716c00000, 0x0000000716c00000| Complete 
| 365|0x0000000716d00000, 0x0000000716e00000, 0x0000000716e00000|100%|HC|  |TAMS 0x0000000716d00000, 0x0000000716d00000| Complete 
| 366|0x0000000716e00000, 0x0000000716f00000, 0x0000000716f00000|100%|HS|  |TAMS 0x0000000716e00000, 0x0000000716e00000| Complete 
| 367|0x0000000716f00000, 0x0000000717000000, 0x0000000717000000|100%|HC|  |TAMS 0x0000000716f00000, 0x0000000716f00000| Complete 
| 368|0x0000000717000000, 0x0000000717100000, 0x0000000717100000|100%|HS|  |TAMS 0x0000000717000000, 0x0000000717000000| Complete 
| 369|0x0000000717100000, 0x0000000717200000, 0x0000000717200000|100%|HC|  |TAMS 0x0000000717100000, 0x0000000717100000| Complete 
| 370|0x0000000717200000, 0x0000000717300000, 0x0000000717300000|100%|HS|  |TAMS 0x0000000717200000, 0x0000000717200000| Complete 
| 371|0x0000000717300000, 0x0000000717400000, 0x0000000717400000|100%|HC|  |TAMS 0x0000000717300000, 0x0000000717300000| Complete 
| 372|0x0000000717400000, 0x0000000717500000, 0x0000000717500000|100%|HS|  |TAMS 0x0000000717400000, 0x0000000717400000| Complete 
| 373|0x0000000717500000, 0x0000000717600000, 0x0000000717600000|100%|HC|  |TAMS 0x0000000717500000, 0x0000000717500000| Complete 
| 374|0x0000000717600000, 0x0000000717700000, 0x0000000717700000|100%|HS|  |TAMS 0x0000000717600000, 0x0000000717600000| Complete 
| 375|0x0000000717700000, 0x0000000717800000, 0x0000000717800000|100%|HC|  |TAMS 0x0000000717700000, 0x0000000717700000| Complete 
| 376|0x0000000717800000, 0x0000000717900000, 0x0000000717900000|100%|HS|  |TAMS 0x0000000717800000, 0x0000000717800000| Complete 
| 377|0x0000000717900000, 0x0000000717a00000, 0x0000000717a00000|100%|HC|  |TAMS 0x0000000717900000, 0x0000000717900000| Complete 
| 378|0x0000000717a00000, 0x0000000717b00000, 0x0000000717b00000|100%|HC|  |TAMS 0x0000000717a00000, 0x0000000717a00000| Complete 
| 379|0x0000000717b00000, 0x0000000717c00000, 0x0000000717c00000|100%|HC|  |TAMS 0x0000000717b00000, 0x0000000717b00000| Complete 
| 380|0x0000000717c00000, 0x0000000717d00000, 0x0000000717d00000|100%|HC|  |TAMS 0x0000000717c00000, 0x0000000717c00000| Complete 
| 381|0x0000000717d00000, 0x0000000717e00000, 0x0000000717e00000|100%|HS|  |TAMS 0x0000000717d00000, 0x0000000717d00000| Complete 
| 382|0x0000000717e00000, 0x0000000717f00000, 0x0000000717f00000|100%|HC|  |TAMS 0x0000000717e00000, 0x0000000717e00000| Complete 
| 383|0x0000000717f00000, 0x0000000717f00000, 0x0000000718000000|  0%| F|  |TAMS 0x0000000717f00000, 0x0000000717f00000| Untracked 
| 384|0x0000000718000000, 0x0000000718100000, 0x0000000718100000|100%|HS|  |TAMS 0x0000000718100000, 0x0000000718000000| Complete 
| 385|0x0000000718100000, 0x0000000718200000, 0x0000000718200000|100%|HC|  |TAMS 0x0000000718200000, 0x0000000718100000| Complete 
| 386|0x0000000718200000, 0x0000000718300000, 0x0000000718300000|100%|HS|  |TAMS 0x0000000718200000, 0x0000000718200000| Complete 
| 387|0x0000000718300000, 0x0000000718400000, 0x0000000718400000|100%|HC|  |TAMS 0x0000000718300000, 0x0000000718300000| Complete 
| 388|0x0000000718400000, 0x0000000718500000, 0x0000000718500000|100%|HS|  |TAMS 0x0000000718400000, 0x0000000718400000| Complete 
| 389|0x0000000718500000, 0x0000000718600000, 0x0000000718600000|100%|HC|  |TAMS 0x0000000718500000, 0x0000000718500000| Complete 
| 390|0x0000000718600000, 0x0000000718700000, 0x0000000718700000|100%|HS|  |TAMS 0x0000000718600000, 0x0000000718600000| Complete 
| 391|0x0000000718700000, 0x0000000718800000, 0x0000000718800000|100%|HC|  |TAMS 0x0000000718700000, 0x0000000718700000| Complete 
| 392|0x0000000718800000, 0x0000000718900000, 0x0000000718900000|100%|HS|  |TAMS 0x0000000718800000, 0x0000000718800000| Complete 
| 393|0x0000000718900000, 0x0000000718a00000, 0x0000000718a00000|100%|HC|  |TAMS 0x0000000718900000, 0x0000000718900000| Complete 
| 394|0x0000000718a00000, 0x0000000718b00000, 0x0000000718b00000|100%|HC|  |TAMS 0x0000000718a00000, 0x0000000718a00000| Complete 
| 395|0x0000000718b00000, 0x0000000718c00000, 0x0000000718c00000|100%|HC|  |TAMS 0x0000000718b00000, 0x0000000718b00000| Complete 
| 396|0x0000000718c00000, 0x0000000718d00000, 0x0000000718d00000|100%|HC|  |TAMS 0x0000000718c00000, 0x0000000718c00000| Complete 
| 397|0x0000000718d00000, 0x0000000718e00000, 0x0000000718e00000|100%|HS|  |TAMS 0x0000000718d00000, 0x0000000718d00000| Complete 
| 398|0x0000000718e00000, 0x0000000718f00000, 0x0000000718f00000|100%|HC|  |TAMS 0x0000000718e00000, 0x0000000718e00000| Complete 
| 399|0x0000000718f00000, 0x0000000719000000, 0x0000000719000000|100%|HC|  |TAMS 0x0000000718f00000, 0x0000000718f00000| Complete 
| 400|0x0000000719000000, 0x0000000719100000, 0x0000000719100000|100%|HC|  |TAMS 0x0000000719000000, 0x0000000719000000| Complete 
| 401|0x0000000719100000, 0x0000000719200000, 0x0000000719200000|100%|HC|  |TAMS 0x0000000719100000, 0x0000000719100000| Complete 
| 402|0x0000000719200000, 0x0000000719300000, 0x0000000719300000|100%|HS|  |TAMS 0x0000000719200000, 0x0000000719200000| Complete 
| 403|0x0000000719300000, 0x0000000719400000, 0x0000000719400000|100%|HC|  |TAMS 0x0000000719300000, 0x0000000719300000| Complete 
| 404|0x0000000719400000, 0x0000000719500000, 0x0000000719500000|100%|HC|  |TAMS 0x0000000719400000, 0x0000000719400000| Complete 
| 405|0x0000000719500000, 0x0000000719600000, 0x0000000719600000|100%|HC|  |TAMS 0x0000000719500000, 0x0000000719500000| Complete 
| 406|0x0000000719600000, 0x0000000719700000, 0x0000000719700000|100%|HC|  |TAMS 0x0000000719600000, 0x0000000719600000| Complete 
| 407|0x0000000719700000, 0x0000000719700000, 0x0000000719800000|  0%| F|  |TAMS 0x0000000719700000, 0x0000000719700000| Untracked 
| 408|0x0000000719800000, 0x0000000719800000, 0x0000000719900000|  0%| F|  |TAMS 0x0000000719800000, 0x0000000719800000| Untracked 
| 409|0x0000000719900000, 0x0000000719900000, 0x0000000719a00000|  0%| F|  |TAMS 0x0000000719900000, 0x0000000719900000| Untracked 
| 410|0x0000000719a00000, 0x0000000719a00000, 0x0000000719b00000|  0%| F|  |TAMS 0x0000000719a00000, 0x0000000719a00000| Untracked 
| 411|0x0000000719b00000, 0x0000000719b00000, 0x0000000719c00000|  0%| F|  |TAMS 0x0000000719b00000, 0x0000000719b00000| Untracked 
| 412|0x0000000719c00000, 0x0000000719c00000, 0x0000000719d00000|  0%| F|  |TAMS 0x0000000719c00000, 0x0000000719c00000| Untracked 
| 413|0x0000000719d00000, 0x0000000719d00000, 0x0000000719e00000|  0%| F|  |TAMS 0x0000000719d00000, 0x0000000719d00000| Untracked 
| 414|0x0000000719e00000, 0x0000000719e00000, 0x0000000719f00000|  0%| F|  |TAMS 0x0000000719e00000, 0x0000000719e00000| Untracked 
| 415|0x0000000719f00000, 0x0000000719f00000, 0x000000071a000000|  0%| F|  |TAMS 0x0000000719f00000, 0x0000000719f00000| Untracked 
| 416|0x000000071a000000, 0x000000071a000000, 0x000000071a100000|  0%| F|  |TAMS 0x000000071a000000, 0x000000071a000000| Untracked 
| 417|0x000000071a100000, 0x000000071a100000, 0x000000071a200000|  0%| F|  |TAMS 0x000000071a100000, 0x000000071a100000| Untracked 
| 418|0x000000071a200000, 0x000000071a200000, 0x000000071a300000|  0%| F|  |TAMS 0x000000071a200000, 0x000000071a200000| Untracked 
| 419|0x000000071a300000, 0x000000071a300000, 0x000000071a400000|  0%| F|  |TAMS 0x000000071a300000, 0x000000071a300000| Untracked 
| 420|0x000000071a400000, 0x000000071a400000, 0x000000071a500000|  0%| F|  |TAMS 0x000000071a400000, 0x000000071a400000| Untracked 
| 421|0x000000071a500000, 0x000000071a500000, 0x000000071a600000|  0%| F|  |TAMS 0x000000071a500000, 0x000000071a500000| Untracked 
| 422|0x000000071a600000, 0x000000071a600000, 0x000000071a700000|  0%| F|  |TAMS 0x000000071a600000, 0x000000071a600000| Untracked 
| 423|0x000000071a700000, 0x000000071a700000, 0x000000071a800000|  0%| F|  |TAMS 0x000000071a700000, 0x000000071a700000| Untracked 
| 424|0x000000071a800000, 0x000000071a800000, 0x000000071a900000|  0%| F|  |TAMS 0x000000071a800000, 0x000000071a800000| Untracked 
| 425|0x000000071a900000, 0x000000071a900000, 0x000000071aa00000|  0%| F|  |TAMS 0x000000071a900000, 0x000000071a900000| Untracked 
| 426|0x000000071aa00000, 0x000000071aa00000, 0x000000071ab00000|  0%| F|  |TAMS 0x000000071aa00000, 0x000000071aa00000| Untracked 
| 427|0x000000071ab00000, 0x000000071ab00000, 0x000000071ac00000|  0%| F|  |TAMS 0x000000071ab00000, 0x000000071ab00000| Untracked 
| 428|0x000000071ac00000, 0x000000071ac00000, 0x000000071ad00000|  0%| F|  |TAMS 0x000000071ac00000, 0x000000071ac00000| Untracked 
| 429|0x000000071ad00000, 0x000000071ad00000, 0x000000071ae00000|  0%| F|  |TAMS 0x000000071ad00000, 0x000000071ad00000| Untracked 
| 430|0x000000071ae00000, 0x000000071ae00000, 0x000000071af00000|  0%| F|  |TAMS 0x000000071ae00000, 0x000000071ae00000| Untracked 
| 431|0x000000071af00000, 0x000000071af00000, 0x000000071b000000|  0%| F|  |TAMS 0x000000071af00000, 0x000000071af00000| Untracked 
| 432|0x000000071b000000, 0x000000071b000000, 0x000000071b100000|  0%| F|  |TAMS 0x000000071b000000, 0x000000071b000000| Untracked 
| 433|0x000000071b100000, 0x000000071b100000, 0x000000071b200000|  0%| F|  |TAMS 0x000000071b100000, 0x000000071b100000| Untracked 
| 434|0x000000071b200000, 0x000000071b200000, 0x000000071b300000|  0%| F|  |TAMS 0x000000071b200000, 0x000000071b200000| Untracked 
| 435|0x000000071b300000, 0x000000071b300000, 0x000000071b400000|  0%| F|  |TAMS 0x000000071b300000, 0x000000071b300000| Untracked 
| 436|0x000000071b400000, 0x000000071b400000, 0x000000071b500000|  0%| F|  |TAMS 0x000000071b400000, 0x000000071b400000| Untracked 
| 437|0x000000071b500000, 0x000000071b500000, 0x000000071b600000|  0%| F|  |TAMS 0x000000071b500000, 0x000000071b500000| Untracked 
| 438|0x000000071b600000, 0x000000071b700000, 0x000000071b700000|100%|HS|  |TAMS 0x000000071b700000, 0x000000071b600000| Complete 
| 439|0x000000071b700000, 0x000000071b800000, 0x000000071b800000|100%|HC|  |TAMS 0x000000071b800000, 0x000000071b700000| Complete 
| 440|0x000000071b800000, 0x000000071b900000, 0x000000071b900000|100%|HS|  |TAMS 0x000000071b800000, 0x000000071b800000| Complete 
| 441|0x000000071b900000, 0x000000071ba00000, 0x000000071ba00000|100%|HC|  |TAMS 0x000000071b900000, 0x000000071b900000| Complete 
| 442|0x000000071ba00000, 0x000000071bb00000, 0x000000071bb00000|100%|HC|  |TAMS 0x000000071ba00000, 0x000000071ba00000| Complete 
| 443|0x000000071bb00000, 0x000000071bc00000, 0x000000071bc00000|100%|HC|  |TAMS 0x000000071bb00000, 0x000000071bb00000| Complete 
| 444|0x000000071bc00000, 0x000000071bd00000, 0x000000071bd00000|100%|HC|  |TAMS 0x000000071bc00000, 0x000000071bc00000| Complete 
| 445|0x000000071bd00000, 0x000000071be00000, 0x000000071be00000|100%|HC|  |TAMS 0x000000071bd00000, 0x000000071bd00000| Complete 
| 446|0x000000071be00000, 0x000000071bf00000, 0x000000071bf00000|100%|HC|  |TAMS 0x000000071be00000, 0x000000071be00000| Complete 
| 447|0x000000071bf00000, 0x000000071c000000, 0x000000071c000000|100%|HC|  |TAMS 0x000000071bf00000, 0x000000071bf00000| Complete 
| 448|0x000000071c000000, 0x000000071c100000, 0x000000071c100000|100%|HC|  |TAMS 0x000000071c000000, 0x000000071c000000| Complete 
| 449|0x000000071c100000, 0x000000071c200000, 0x000000071c200000|100%|HC|  |TAMS 0x000000071c100000, 0x000000071c100000| Complete 
| 450|0x000000071c200000, 0x000000071c300000, 0x000000071c300000|100%|HC|  |TAMS 0x000000071c200000, 0x000000071c200000| Complete 
| 451|0x000000071c300000, 0x000000071c400000, 0x000000071c400000|100%|HC|  |TAMS 0x000000071c300000, 0x000000071c300000| Complete 
| 452|0x000000071c400000, 0x000000071c500000, 0x000000071c500000|100%|HC|  |TAMS 0x000000071c400000, 0x000000071c400000| Complete 
| 453|0x000000071c500000, 0x000000071c600000, 0x000000071c600000|100%|HC|  |TAMS 0x000000071c500000, 0x000000071c500000| Complete 
| 454|0x000000071c600000, 0x000000071c700000, 0x000000071c700000|100%|HC|  |TAMS 0x000000071c600000, 0x000000071c600000| Complete 
| 455|0x000000071c700000, 0x000000071c800000, 0x000000071c800000|100%|HC|  |TAMS 0x000000071c700000, 0x000000071c700000| Complete 
| 456|0x000000071c800000, 0x000000071c900000, 0x000000071c900000|100%|HC|  |TAMS 0x000000071c800000, 0x000000071c800000| Complete 
| 457|0x000000071c900000, 0x000000071ca00000, 0x000000071ca00000|100%|HC|  |TAMS 0x000000071c900000, 0x000000071c900000| Complete 
| 458|0x000000071ca00000, 0x000000071cb00000, 0x000000071cb00000|100%|HC|  |TAMS 0x000000071ca00000, 0x000000071ca00000| Complete 
| 459|0x000000071cb00000, 0x000000071cc00000, 0x000000071cc00000|100%|HC|  |TAMS 0x000000071cb00000, 0x000000071cb00000| Complete 
| 460|0x000000071cc00000, 0x000000071cd00000, 0x000000071cd00000|100%|HC|  |TAMS 0x000000071cc00000, 0x000000071cc00000| Complete 
| 461|0x000000071cd00000, 0x000000071ce00000, 0x000000071ce00000|100%|HC|  |TAMS 0x000000071cd00000, 0x000000071cd00000| Complete 
| 462|0x000000071ce00000, 0x000000071cf00000, 0x000000071cf00000|100%|HC|  |TAMS 0x000000071ce00000, 0x000000071ce00000| Complete 
| 463|0x000000071cf00000, 0x000000071d000000, 0x000000071d000000|100%|HC|  |TAMS 0x000000071cf00000, 0x000000071cf00000| Complete 
| 464|0x000000071d000000, 0x000000071d100000, 0x000000071d100000|100%|HC|  |TAMS 0x000000071d000000, 0x000000071d000000| Complete 
| 465|0x000000071d100000, 0x000000071d200000, 0x000000071d200000|100%|HC|  |TAMS 0x000000071d100000, 0x000000071d100000| Complete 
| 466|0x000000071d200000, 0x000000071d300000, 0x000000071d300000|100%|HC|  |TAMS 0x000000071d200000, 0x000000071d200000| Complete 
| 467|0x000000071d300000, 0x000000071d400000, 0x000000071d400000|100%|HC|  |TAMS 0x000000071d300000, 0x000000071d300000| Complete 
| 468|0x000000071d400000, 0x000000071d500000, 0x000000071d500000|100%|HC|  |TAMS 0x000000071d400000, 0x000000071d400000| Complete 
| 469|0x000000071d500000, 0x000000071d600000, 0x000000071d600000|100%|HC|  |TAMS 0x000000071d500000, 0x000000071d500000| Complete 
| 470|0x000000071d600000, 0x000000071d700000, 0x000000071d700000|100%|HC|  |TAMS 0x000000071d600000, 0x000000071d600000| Complete 
| 471|0x000000071d700000, 0x000000071d800000, 0x000000071d800000|100%|HC|  |TAMS 0x000000071d700000, 0x000000071d700000| Complete 
| 472|0x000000071d800000, 0x000000071d900000, 0x000000071d900000|100%|HC|  |TAMS 0x000000071d800000, 0x000000071d800000| Complete 
| 473|0x000000071d900000, 0x000000071da00000, 0x000000071da00000|100%|HC|  |TAMS 0x000000071d900000, 0x000000071d900000| Complete 
| 474|0x000000071da00000, 0x000000071db00000, 0x000000071db00000|100%|HC|  |TAMS 0x000000071da00000, 0x000000071da00000| Complete 
| 475|0x000000071db00000, 0x000000071dc00000, 0x000000071dc00000|100%|HC|  |TAMS 0x000000071db00000, 0x000000071db00000| Complete 
| 476|0x000000071dc00000, 0x000000071dd00000, 0x000000071dd00000|100%|HC|  |TAMS 0x000000071dc00000, 0x000000071dc00000| Complete 
| 477|0x000000071dd00000, 0x000000071de00000, 0x000000071de00000|100%|HC|  |TAMS 0x000000071dd00000, 0x000000071dd00000| Complete 
| 478|0x000000071de00000, 0x000000071df00000, 0x000000071df00000|100%|HC|  |TAMS 0x000000071de00000, 0x000000071de00000| Complete 
| 479|0x000000071df00000, 0x000000071e000000, 0x000000071e000000|100%|HC|  |TAMS 0x000000071df00000, 0x000000071df00000| Complete 
| 480|0x000000071e000000, 0x000000071e100000, 0x000000071e100000|100%|HC|  |TAMS 0x000000071e000000, 0x000000071e000000| Complete 
| 481|0x000000071e100000, 0x000000071e200000, 0x000000071e200000|100%|HC|  |TAMS 0x000000071e100000, 0x000000071e100000| Complete 
| 482|0x000000071e200000, 0x000000071e300000, 0x000000071e300000|100%|HC|  |TAMS 0x000000071e200000, 0x000000071e200000| Complete 
| 483|0x000000071e300000, 0x000000071e400000, 0x000000071e400000|100%|HC|  |TAMS 0x000000071e300000, 0x000000071e300000| Complete 
| 484|0x000000071e400000, 0x000000071e500000, 0x000000071e500000|100%|HC|  |TAMS 0x000000071e400000, 0x000000071e400000| Complete 
| 485|0x000000071e500000, 0x000000071e600000, 0x000000071e600000|100%|HC|  |TAMS 0x000000071e500000, 0x000000071e500000| Complete 
| 486|0x000000071e600000, 0x000000071e700000, 0x000000071e700000|100%|HC|  |TAMS 0x000000071e600000, 0x000000071e600000| Complete 
| 487|0x000000071e700000, 0x000000071e800000, 0x000000071e800000|100%|HC|  |TAMS 0x000000071e700000, 0x000000071e700000| Complete 
| 488|0x000000071e800000, 0x000000071e900000, 0x000000071e900000|100%|HC|  |TAMS 0x000000071e800000, 0x000000071e800000| Complete 
| 489|0x000000071e900000, 0x000000071ea00000, 0x000000071ea00000|100%|HC|  |TAMS 0x000000071e900000, 0x000000071e900000| Complete 
| 490|0x000000071ea00000, 0x000000071eb00000, 0x000000071eb00000|100%|HC|  |TAMS 0x000000071ea00000, 0x000000071ea00000| Complete 
| 491|0x000000071eb00000, 0x000000071ec00000, 0x000000071ec00000|100%|HC|  |TAMS 0x000000071eb00000, 0x000000071eb00000| Complete 
| 492|0x000000071ec00000, 0x000000071ed00000, 0x000000071ed00000|100%|HC|  |TAMS 0x000000071ec00000, 0x000000071ec00000| Complete 
| 493|0x000000071ed00000, 0x000000071ee00000, 0x000000071ee00000|100%|HC|  |TAMS 0x000000071ed00000, 0x000000071ed00000| Complete 
| 494|0x000000071ee00000, 0x000000071ef00000, 0x000000071ef00000|100%|HC|  |TAMS 0x000000071ee00000, 0x000000071ee00000| Complete 
| 495|0x000000071ef00000, 0x000000071f000000, 0x000000071f000000|100%|HC|  |TAMS 0x000000071ef00000, 0x000000071ef00000| Complete 
| 496|0x000000071f000000, 0x000000071f100000, 0x000000071f100000|100%|HC|  |TAMS 0x000000071f000000, 0x000000071f000000| Complete 
| 497|0x000000071f100000, 0x000000071f200000, 0x000000071f200000|100%|HC|  |TAMS 0x000000071f100000, 0x000000071f100000| Complete 
| 498|0x000000071f200000, 0x000000071f300000, 0x000000071f300000|100%|HC|  |TAMS 0x000000071f200000, 0x000000071f200000| Complete 
| 499|0x000000071f300000, 0x000000071f400000, 0x000000071f400000|100%|HC|  |TAMS 0x000000071f300000, 0x000000071f300000| Complete 
| 500|0x000000071f400000, 0x000000071f500000, 0x000000071f500000|100%|HC|  |TAMS 0x000000071f400000, 0x000000071f400000| Complete 
| 501|0x000000071f500000, 0x000000071f600000, 0x000000071f600000|100%|HC|  |TAMS 0x000000071f500000, 0x000000071f500000| Complete 
| 502|0x000000071f600000, 0x000000071f700000, 0x000000071f700000|100%|HC|  |TAMS 0x000000071f600000, 0x000000071f600000| Complete 
| 503|0x000000071f700000, 0x000000071f800000, 0x000000071f800000|100%|HC|  |TAMS 0x000000071f700000, 0x000000071f700000| Complete 
| 504|0x000000071f800000, 0x000000071f900000, 0x000000071f900000|100%|HC|  |TAMS 0x000000071f800000, 0x000000071f800000| Complete 
| 505|0x000000071f900000, 0x000000071fa00000, 0x000000071fa00000|100%|HS|  |TAMS 0x000000071f900000, 0x000000071f900000| Complete 
| 506|0x000000071fa00000, 0x000000071fb00000, 0x000000071fb00000|100%|HC|  |TAMS 0x000000071fa00000, 0x000000071fa00000| Complete 
| 507|0x000000071fb00000, 0x000000071fc00000, 0x000000071fc00000|100%|HC|  |TAMS 0x000000071fb00000, 0x000000071fb00000| Complete 
| 508|0x000000071fc00000, 0x000000071fd00000, 0x000000071fd00000|100%|HC|  |TAMS 0x000000071fc00000, 0x000000071fc00000| Complete 
| 509|0x000000071fd00000, 0x000000071fe00000, 0x000000071fe00000|100%|HC|  |TAMS 0x000000071fd00000, 0x000000071fd00000| Complete 
| 510|0x000000071fe00000, 0x000000071ff00000, 0x000000071ff00000|100%|HC|  |TAMS 0x000000071fe00000, 0x000000071fe00000| Complete 
| 511|0x000000071ff00000, 0x0000000720000000, 0x0000000720000000|100%|HC|  |TAMS 0x000000071ff00000, 0x000000071ff00000| Complete 
| 512|0x0000000720000000, 0x0000000720100000, 0x0000000720100000|100%|HC|  |TAMS 0x0000000720000000, 0x0000000720000000| Complete 
| 513|0x0000000720100000, 0x0000000720200000, 0x0000000720200000|100%|HC|  |TAMS 0x0000000720100000, 0x0000000720100000| Complete 
| 514|0x0000000720200000, 0x0000000720300000, 0x0000000720300000|100%|HC|  |TAMS 0x0000000720200000, 0x0000000720200000| Complete 
| 515|0x0000000720300000, 0x0000000720400000, 0x0000000720400000|100%|HC|  |TAMS 0x0000000720300000, 0x0000000720300000| Complete 
| 516|0x0000000720400000, 0x0000000720500000, 0x0000000720500000|100%|HC|  |TAMS 0x0000000720400000, 0x0000000720400000| Complete 
| 517|0x0000000720500000, 0x0000000720600000, 0x0000000720600000|100%|HC|  |TAMS 0x0000000720500000, 0x0000000720500000| Complete 
| 518|0x0000000720600000, 0x0000000720700000, 0x0000000720700000|100%|HC|  |TAMS 0x0000000720600000, 0x0000000720600000| Complete 
| 519|0x0000000720700000, 0x0000000720800000, 0x0000000720800000|100%|HC|  |TAMS 0x0000000720700000, 0x0000000720700000| Complete 
| 520|0x0000000720800000, 0x0000000720900000, 0x0000000720900000|100%|HC|  |TAMS 0x0000000720800000, 0x0000000720800000| Complete 
| 521|0x0000000720900000, 0x0000000720a00000, 0x0000000720a00000|100%|HC|  |TAMS 0x0000000720900000, 0x0000000720900000| Complete 
| 522|0x0000000720a00000, 0x0000000720b00000, 0x0000000720b00000|100%|HC|  |TAMS 0x0000000720a00000, 0x0000000720a00000| Complete 
| 523|0x0000000720b00000, 0x0000000720c00000, 0x0000000720c00000|100%|HC|  |TAMS 0x0000000720b00000, 0x0000000720b00000| Complete 
| 524|0x0000000720c00000, 0x0000000720d00000, 0x0000000720d00000|100%|HC|  |TAMS 0x0000000720c00000, 0x0000000720c00000| Complete 
| 525|0x0000000720d00000, 0x0000000720e00000, 0x0000000720e00000|100%|HC|  |TAMS 0x0000000720d00000, 0x0000000720d00000| Complete 
| 526|0x0000000720e00000, 0x0000000720f00000, 0x0000000720f00000|100%|HC|  |TAMS 0x0000000720e00000, 0x0000000720e00000| Complete 
| 527|0x0000000720f00000, 0x0000000721000000, 0x0000000721000000|100%|HC|  |TAMS 0x0000000720f00000, 0x0000000720f00000| Complete 
| 528|0x0000000721000000, 0x0000000721100000, 0x0000000721100000|100%|HC|  |TAMS 0x0000000721000000, 0x0000000721000000| Complete 
| 529|0x0000000721100000, 0x0000000721200000, 0x0000000721200000|100%|HC|  |TAMS 0x0000000721100000, 0x0000000721100000| Complete 
| 530|0x0000000721200000, 0x0000000721300000, 0x0000000721300000|100%|HC|  |TAMS 0x0000000721200000, 0x0000000721200000| Complete 
| 531|0x0000000721300000, 0x0000000721400000, 0x0000000721400000|100%|HC|  |TAMS 0x0000000721300000, 0x0000000721300000| Complete 
| 532|0x0000000721400000, 0x0000000721500000, 0x0000000721500000|100%|HC|  |TAMS 0x0000000721400000, 0x0000000721400000| Complete 
| 533|0x0000000721500000, 0x0000000721600000, 0x0000000721600000|100%|HC|  |TAMS 0x0000000721500000, 0x0000000721500000| Complete 
| 534|0x0000000721600000, 0x0000000721700000, 0x0000000721700000|100%|HC|  |TAMS 0x0000000721600000, 0x0000000721600000| Complete 
| 535|0x0000000721700000, 0x0000000721800000, 0x0000000721800000|100%|HC|  |TAMS 0x0000000721700000, 0x0000000721700000| Complete 
| 536|0x0000000721800000, 0x0000000721900000, 0x0000000721900000|100%|HC|  |TAMS 0x0000000721800000, 0x0000000721800000| Complete 
| 537|0x0000000721900000, 0x0000000721a00000, 0x0000000721a00000|100%|HC|  |TAMS 0x0000000721900000, 0x0000000721900000| Complete 
| 538|0x0000000721a00000, 0x0000000721b00000, 0x0000000721b00000|100%|HC|  |TAMS 0x0000000721a00000, 0x0000000721a00000| Complete 
| 539|0x0000000721b00000, 0x0000000721c00000, 0x0000000721c00000|100%|HC|  |TAMS 0x0000000721b00000, 0x0000000721b00000| Complete 
| 540|0x0000000721c00000, 0x0000000721d00000, 0x0000000721d00000|100%|HC|  |TAMS 0x0000000721c00000, 0x0000000721c00000| Complete 
| 541|0x0000000721d00000, 0x0000000721e00000, 0x0000000721e00000|100%|HC|  |TAMS 0x0000000721d00000, 0x0000000721d00000| Complete 
| 542|0x0000000721e00000, 0x0000000721f00000, 0x0000000721f00000|100%|HC|  |TAMS 0x0000000721e00000, 0x0000000721e00000| Complete 
| 543|0x0000000721f00000, 0x0000000722000000, 0x0000000722000000|100%|HC|  |TAMS 0x0000000721f00000, 0x0000000721f00000| Complete 
| 544|0x0000000722000000, 0x0000000722100000, 0x0000000722100000|100%|HC|  |TAMS 0x0000000722000000, 0x0000000722000000| Complete 
| 545|0x0000000722100000, 0x0000000722200000, 0x0000000722200000|100%|HC|  |TAMS 0x0000000722100000, 0x0000000722100000| Complete 
| 546|0x0000000722200000, 0x0000000722300000, 0x0000000722300000|100%|HC|  |TAMS 0x0000000722200000, 0x0000000722200000| Complete 
| 547|0x0000000722300000, 0x0000000722400000, 0x0000000722400000|100%|HC|  |TAMS 0x0000000722300000, 0x0000000722300000| Complete 
| 548|0x0000000722400000, 0x0000000722500000, 0x0000000722500000|100%|HC|  |TAMS 0x0000000722400000, 0x0000000722400000| Complete 
| 549|0x0000000722500000, 0x0000000722600000, 0x0000000722600000|100%|HC|  |TAMS 0x0000000722500000, 0x0000000722500000| Complete 
| 550|0x0000000722600000, 0x0000000722700000, 0x0000000722700000|100%|HC|  |TAMS 0x0000000722600000, 0x0000000722600000| Complete 
| 551|0x0000000722700000, 0x0000000722800000, 0x0000000722800000|100%|HC|  |TAMS 0x0000000722700000, 0x0000000722700000| Complete 
| 552|0x0000000722800000, 0x0000000722900000, 0x0000000722900000|100%|HC|  |TAMS 0x0000000722800000, 0x0000000722800000| Complete 
| 553|0x0000000722900000, 0x0000000722a00000, 0x0000000722a00000|100%|HC|  |TAMS 0x0000000722900000, 0x0000000722900000| Complete 
| 554|0x0000000722a00000, 0x0000000722b00000, 0x0000000722b00000|100%|HC|  |TAMS 0x0000000722a00000, 0x0000000722a00000| Complete 
| 555|0x0000000722b00000, 0x0000000722c00000, 0x0000000722c00000|100%|HC|  |TAMS 0x0000000722b00000, 0x0000000722b00000| Complete 
| 556|0x0000000722c00000, 0x0000000722d00000, 0x0000000722d00000|100%|HC|  |TAMS 0x0000000722c00000, 0x0000000722c00000| Complete 
| 557|0x0000000722d00000, 0x0000000722e00000, 0x0000000722e00000|100%|HC|  |TAMS 0x0000000722d00000, 0x0000000722d00000| Complete 
| 558|0x0000000722e00000, 0x0000000722f00000, 0x0000000722f00000|100%|HC|  |TAMS 0x0000000722e00000, 0x0000000722e00000| Complete 
| 559|0x0000000722f00000, 0x0000000723000000, 0x0000000723000000|100%|HC|  |TAMS 0x0000000722f00000, 0x0000000722f00000| Complete 
| 560|0x0000000723000000, 0x0000000723100000, 0x0000000723100000|100%|HC|  |TAMS 0x0000000723000000, 0x0000000723000000| Complete 
| 561|0x0000000723100000, 0x0000000723200000, 0x0000000723200000|100%|HC|  |TAMS 0x0000000723100000, 0x0000000723100000| Complete 
| 562|0x0000000723200000, 0x0000000723300000, 0x0000000723300000|100%|HC|  |TAMS 0x0000000723200000, 0x0000000723200000| Complete 
| 563|0x0000000723300000, 0x0000000723400000, 0x0000000723400000|100%|HC|  |TAMS 0x0000000723300000, 0x0000000723300000| Complete 
| 564|0x0000000723400000, 0x0000000723500000, 0x0000000723500000|100%|HC|  |TAMS 0x0000000723400000, 0x0000000723400000| Complete 
| 565|0x0000000723500000, 0x0000000723600000, 0x0000000723600000|100%|HC|  |TAMS 0x0000000723500000, 0x0000000723500000| Complete 
| 566|0x0000000723600000, 0x0000000723700000, 0x0000000723700000|100%|HC|  |TAMS 0x0000000723600000, 0x0000000723600000| Complete 
| 567|0x0000000723700000, 0x0000000723800000, 0x0000000723800000|100%|HC|  |TAMS 0x0000000723700000, 0x0000000723700000| Complete 
| 568|0x0000000723800000, 0x0000000723900000, 0x0000000723900000|100%|HC|  |TAMS 0x0000000723800000, 0x0000000723800000| Complete 
| 569|0x0000000723900000, 0x0000000723a00000, 0x0000000723a00000|100%|HC|  |TAMS 0x0000000723900000, 0x0000000723900000| Complete 
| 570|0x0000000723a00000, 0x0000000723b00000, 0x0000000723b00000|100%|HS|  |TAMS 0x0000000723a00000, 0x0000000723a00000| Complete 
| 571|0x0000000723b00000, 0x0000000723c00000, 0x0000000723c00000|100%|HC|  |TAMS 0x0000000723b00000, 0x0000000723b00000| Complete 
| 572|0x0000000723c00000, 0x0000000723d00000, 0x0000000723d00000|100%|HC|  |TAMS 0x0000000723c00000, 0x0000000723c00000| Complete 
| 573|0x0000000723d00000, 0x0000000723e00000, 0x0000000723e00000|100%|HC|  |TAMS 0x0000000723d00000, 0x0000000723d00000| Complete 
| 574|0x0000000723e00000, 0x0000000723f00000, 0x0000000723f00000|100%|HC|  |TAMS 0x0000000723e00000, 0x0000000723e00000| Complete 
| 575|0x0000000723f00000, 0x0000000724000000, 0x0000000724000000|100%|HC|  |TAMS 0x0000000723f00000, 0x0000000723f00000| Complete 
| 576|0x0000000724000000, 0x0000000724100000, 0x0000000724100000|100%|HC|  |TAMS 0x0000000724000000, 0x0000000724000000| Complete 
| 577|0x0000000724100000, 0x0000000724200000, 0x0000000724200000|100%|HC|  |TAMS 0x0000000724100000, 0x0000000724100000| Complete 
| 578|0x0000000724200000, 0x0000000724300000, 0x0000000724300000|100%|HC|  |TAMS 0x0000000724200000, 0x0000000724200000| Complete 
| 579|0x0000000724300000, 0x0000000724400000, 0x0000000724400000|100%|HC|  |TAMS 0x0000000724300000, 0x0000000724300000| Complete 
| 580|0x0000000724400000, 0x0000000724500000, 0x0000000724500000|100%|HC|  |TAMS 0x0000000724400000, 0x0000000724400000| Complete 
| 581|0x0000000724500000, 0x0000000724600000, 0x0000000724600000|100%|HC|  |TAMS 0x0000000724500000, 0x0000000724500000| Complete 
| 582|0x0000000724600000, 0x0000000724700000, 0x0000000724700000|100%|HC|  |TAMS 0x0000000724600000, 0x0000000724600000| Complete 
| 583|0x0000000724700000, 0x0000000724800000, 0x0000000724800000|100%|HC|  |TAMS 0x0000000724700000, 0x0000000724700000| Complete 
| 584|0x0000000724800000, 0x0000000724900000, 0x0000000724900000|100%|HC|  |TAMS 0x0000000724800000, 0x0000000724800000| Complete 
| 585|0x0000000724900000, 0x0000000724a00000, 0x0000000724a00000|100%|HC|  |TAMS 0x0000000724900000, 0x0000000724900000| Complete 
| 586|0x0000000724a00000, 0x0000000724b00000, 0x0000000724b00000|100%|HC|  |TAMS 0x0000000724a00000, 0x0000000724a00000| Complete 
| 587|0x0000000724b00000, 0x0000000724c00000, 0x0000000724c00000|100%|HC|  |TAMS 0x0000000724b00000, 0x0000000724b00000| Complete 
| 588|0x0000000724c00000, 0x0000000724d00000, 0x0000000724d00000|100%|HC|  |TAMS 0x0000000724c00000, 0x0000000724c00000| Complete 
| 589|0x0000000724d00000, 0x0000000724e00000, 0x0000000724e00000|100%|HC|  |TAMS 0x0000000724d00000, 0x0000000724d00000| Complete 
| 590|0x0000000724e00000, 0x0000000724f00000, 0x0000000724f00000|100%|HC|  |TAMS 0x0000000724e00000, 0x0000000724e00000| Complete 
| 591|0x0000000724f00000, 0x0000000725000000, 0x0000000725000000|100%|HC|  |TAMS 0x0000000724f00000, 0x0000000724f00000| Complete 
| 592|0x0000000725000000, 0x0000000725100000, 0x0000000725100000|100%|HC|  |TAMS 0x0000000725000000, 0x0000000725000000| Complete 
| 593|0x0000000725100000, 0x0000000725200000, 0x0000000725200000|100%|HC|  |TAMS 0x0000000725100000, 0x0000000725100000| Complete 
| 594|0x0000000725200000, 0x0000000725300000, 0x0000000725300000|100%|HC|  |TAMS 0x0000000725200000, 0x0000000725200000| Complete 
| 595|0x0000000725300000, 0x0000000725400000, 0x0000000725400000|100%|HC|  |TAMS 0x0000000725300000, 0x0000000725300000| Complete 
| 596|0x0000000725400000, 0x0000000725500000, 0x0000000725500000|100%|HC|  |TAMS 0x0000000725400000, 0x0000000725400000| Complete 
| 597|0x0000000725500000, 0x0000000725600000, 0x0000000725600000|100%|HC|  |TAMS 0x0000000725500000, 0x0000000725500000| Complete 
| 598|0x0000000725600000, 0x0000000725700000, 0x0000000725700000|100%|HC|  |TAMS 0x0000000725600000, 0x0000000725600000| Complete 
| 599|0x0000000725700000, 0x0000000725800000, 0x0000000725800000|100%|HC|  |TAMS 0x0000000725700000, 0x0000000725700000| Complete 
| 600|0x0000000725800000, 0x0000000725900000, 0x0000000725900000|100%|HC|  |TAMS 0x0000000725800000, 0x0000000725800000| Complete 
| 601|0x0000000725900000, 0x0000000725a00000, 0x0000000725a00000|100%|HC|  |TAMS 0x0000000725900000, 0x0000000725900000| Complete 
| 602|0x0000000725a00000, 0x0000000725b00000, 0x0000000725b00000|100%|HC|  |TAMS 0x0000000725a00000, 0x0000000725a00000| Complete 
| 603|0x0000000725b00000, 0x0000000725c00000, 0x0000000725c00000|100%|HC|  |TAMS 0x0000000725b00000, 0x0000000725b00000| Complete 
| 604|0x0000000725c00000, 0x0000000725d00000, 0x0000000725d00000|100%|HC|  |TAMS 0x0000000725c00000, 0x0000000725c00000| Complete 
| 605|0x0000000725d00000, 0x0000000725e00000, 0x0000000725e00000|100%|HC|  |TAMS 0x0000000725d00000, 0x0000000725d00000| Complete 
| 606|0x0000000725e00000, 0x0000000725f00000, 0x0000000725f00000|100%|HC|  |TAMS 0x0000000725e00000, 0x0000000725e00000| Complete 
| 607|0x0000000725f00000, 0x0000000726000000, 0x0000000726000000|100%|HC|  |TAMS 0x0000000725f00000, 0x0000000725f00000| Complete 
| 608|0x0000000726000000, 0x0000000726100000, 0x0000000726100000|100%|HC|  |TAMS 0x0000000726000000, 0x0000000726000000| Complete 
| 609|0x0000000726100000, 0x0000000726200000, 0x0000000726200000|100%|HC|  |TAMS 0x0000000726100000, 0x0000000726100000| Complete 
| 610|0x0000000726200000, 0x0000000726300000, 0x0000000726300000|100%|HC|  |TAMS 0x0000000726200000, 0x0000000726200000| Complete 
| 611|0x0000000726300000, 0x0000000726400000, 0x0000000726400000|100%|HC|  |TAMS 0x0000000726300000, 0x0000000726300000| Complete 
| 612|0x0000000726400000, 0x0000000726500000, 0x0000000726500000|100%|HC|  |TAMS 0x0000000726400000, 0x0000000726400000| Complete 
| 613|0x0000000726500000, 0x0000000726600000, 0x0000000726600000|100%|HC|  |TAMS 0x0000000726500000, 0x0000000726500000| Complete 
| 614|0x0000000726600000, 0x0000000726700000, 0x0000000726700000|100%|HC|  |TAMS 0x0000000726600000, 0x0000000726600000| Complete 
| 615|0x0000000726700000, 0x0000000726800000, 0x0000000726800000|100%|HC|  |TAMS 0x0000000726700000, 0x0000000726700000| Complete 
| 616|0x0000000726800000, 0x0000000726900000, 0x0000000726900000|100%|HC|  |TAMS 0x0000000726800000, 0x0000000726800000| Complete 
| 617|0x0000000726900000, 0x0000000726a00000, 0x0000000726a00000|100%|HC|  |TAMS 0x0000000726900000, 0x0000000726900000| Complete 
| 618|0x0000000726a00000, 0x0000000726b00000, 0x0000000726b00000|100%|HC|  |TAMS 0x0000000726a00000, 0x0000000726a00000| Complete 
| 619|0x0000000726b00000, 0x0000000726c00000, 0x0000000726c00000|100%|HC|  |TAMS 0x0000000726b00000, 0x0000000726b00000| Complete 
| 620|0x0000000726c00000, 0x0000000726d00000, 0x0000000726d00000|100%|HC|  |TAMS 0x0000000726c00000, 0x0000000726c00000| Complete 
| 621|0x0000000726d00000, 0x0000000726e00000, 0x0000000726e00000|100%|HC|  |TAMS 0x0000000726d00000, 0x0000000726d00000| Complete 
| 622|0x0000000726e00000, 0x0000000726f00000, 0x0000000726f00000|100%|HC|  |TAMS 0x0000000726e00000, 0x0000000726e00000| Complete 
| 623|0x0000000726f00000, 0x0000000727000000, 0x0000000727000000|100%|HC|  |TAMS 0x0000000726f00000, 0x0000000726f00000| Complete 
| 624|0x0000000727000000, 0x0000000727100000, 0x0000000727100000|100%|HC|  |TAMS 0x0000000727000000, 0x0000000727000000| Complete 
| 625|0x0000000727100000, 0x0000000727200000, 0x0000000727200000|100%|HC|  |TAMS 0x0000000727100000, 0x0000000727100000| Complete 
| 626|0x0000000727200000, 0x0000000727300000, 0x0000000727300000|100%|HC|  |TAMS 0x0000000727200000, 0x0000000727200000| Complete 
| 627|0x0000000727300000, 0x0000000727400000, 0x0000000727400000|100%|HC|  |TAMS 0x0000000727300000, 0x0000000727300000| Complete 
| 628|0x0000000727400000, 0x0000000727500000, 0x0000000727500000|100%|HC|  |TAMS 0x0000000727400000, 0x0000000727400000| Complete 
| 629|0x0000000727500000, 0x0000000727600000, 0x0000000727600000|100%|HC|  |TAMS 0x0000000727500000, 0x0000000727500000| Complete 
| 630|0x0000000727600000, 0x0000000727700000, 0x0000000727700000|100%|HC|  |TAMS 0x0000000727600000, 0x0000000727600000| Complete 
| 631|0x0000000727700000, 0x0000000727800000, 0x0000000727800000|100%|HC|  |TAMS 0x0000000727700000, 0x0000000727700000| Complete 
| 632|0x0000000727800000, 0x0000000727900000, 0x0000000727900000|100%|HC|  |TAMS 0x0000000727800000, 0x0000000727800000| Complete 
| 633|0x0000000727900000, 0x0000000727a00000, 0x0000000727a00000|100%|HC|  |TAMS 0x0000000727900000, 0x0000000727900000| Complete 
| 634|0x0000000727a00000, 0x0000000727b00000, 0x0000000727b00000|100%|HC|  |TAMS 0x0000000727a00000, 0x0000000727a00000| Complete 
| 635|0x0000000727b00000, 0x0000000727b00000, 0x0000000727c00000|  0%| F|  |TAMS 0x0000000727b00000, 0x0000000727b00000| Untracked 
| 636|0x0000000727c00000, 0x0000000727c00000, 0x0000000727d00000|  0%| F|  |TAMS 0x0000000727c00000, 0x0000000727c00000| Untracked 
| 637|0x0000000727d00000, 0x0000000727d00000, 0x0000000727e00000|  0%| F|  |TAMS 0x0000000727d00000, 0x0000000727d00000| Untracked 
| 638|0x0000000727e00000, 0x0000000727e00000, 0x0000000727f00000|  0%| F|  |TAMS 0x0000000727e00000, 0x0000000727e00000| Untracked 
| 639|0x0000000727f00000, 0x0000000727f00000, 0x0000000728000000|  0%| F|  |TAMS 0x0000000727f00000, 0x0000000727f00000| Untracked 
| 640|0x0000000728000000, 0x0000000728000000, 0x0000000728100000|  0%| F|  |TAMS 0x0000000728000000, 0x0000000728000000| Untracked 
| 641|0x0000000728100000, 0x0000000728100000, 0x0000000728200000|  0%| F|  |TAMS 0x0000000728100000, 0x0000000728100000| Untracked 
| 642|0x0000000728200000, 0x0000000728200000, 0x0000000728300000|  0%| F|  |TAMS 0x0000000728200000, 0x0000000728200000| Untracked 
| 643|0x0000000728300000, 0x0000000728300000, 0x0000000728400000|  0%| F|  |TAMS 0x0000000728300000, 0x0000000728300000| Untracked 
| 644|0x0000000728400000, 0x0000000728400000, 0x0000000728500000|  0%| F|  |TAMS 0x0000000728400000, 0x0000000728400000| Untracked 
| 645|0x0000000728500000, 0x0000000728500000, 0x0000000728600000|  0%| F|  |TAMS 0x0000000728500000, 0x0000000728500000| Untracked 
| 646|0x0000000728600000, 0x0000000728600000, 0x0000000728700000|  0%| F|  |TAMS 0x0000000728600000, 0x0000000728600000| Untracked 
| 647|0x0000000728700000, 0x0000000728700000, 0x0000000728800000|  0%| F|  |TAMS 0x0000000728700000, 0x0000000728700000| Untracked 
| 648|0x0000000728800000, 0x0000000728800000, 0x0000000728900000|  0%| F|  |TAMS 0x0000000728800000, 0x0000000728800000| Untracked 
| 649|0x0000000728900000, 0x0000000728900000, 0x0000000728a00000|  0%| F|  |TAMS 0x0000000728900000, 0x0000000728900000| Untracked 
| 650|0x0000000728a00000, 0x0000000728a00000, 0x0000000728b00000|  0%| F|  |TAMS 0x0000000728a00000, 0x0000000728a00000| Untracked 
| 651|0x0000000728b00000, 0x0000000728b00000, 0x0000000728c00000|  0%| F|  |TAMS 0x0000000728b00000, 0x0000000728b00000| Untracked 
| 652|0x0000000728c00000, 0x0000000728c00000, 0x0000000728d00000|  0%| F|  |TAMS 0x0000000728c00000, 0x0000000728c00000| Untracked 
| 653|0x0000000728d00000, 0x0000000728d00000, 0x0000000728e00000|  0%| F|  |TAMS 0x0000000728d00000, 0x0000000728d00000| Untracked 
| 654|0x0000000728e00000, 0x0000000728e00000, 0x0000000728f00000|  0%| F|  |TAMS 0x0000000728e00000, 0x0000000728e00000| Untracked 
| 655|0x0000000728f00000, 0x0000000728f00000, 0x0000000729000000|  0%| F|  |TAMS 0x0000000728f00000, 0x0000000728f00000| Untracked 
| 656|0x0000000729000000, 0x0000000729000000, 0x0000000729100000|  0%| F|  |TAMS 0x0000000729000000, 0x0000000729000000| Untracked 
| 657|0x0000000729100000, 0x0000000729100000, 0x0000000729200000|  0%| F|  |TAMS 0x0000000729100000, 0x0000000729100000| Untracked 
| 658|0x0000000729200000, 0x0000000729200000, 0x0000000729300000|  0%| F|  |TAMS 0x0000000729200000, 0x0000000729200000| Untracked 
| 659|0x0000000729300000, 0x0000000729300000, 0x0000000729400000|  0%| F|  |TAMS 0x0000000729300000, 0x0000000729300000| Untracked 
| 660|0x0000000729400000, 0x0000000729400000, 0x0000000729500000|  0%| F|  |TAMS 0x0000000729400000, 0x0000000729400000| Untracked 
| 661|0x0000000729500000, 0x0000000729500000, 0x0000000729600000|  0%| F|  |TAMS 0x0000000729500000, 0x0000000729500000| Untracked 
| 662|0x0000000729600000, 0x0000000729600000, 0x0000000729700000|  0%| F|  |TAMS 0x0000000729600000, 0x0000000729600000| Untracked 
| 663|0x0000000729700000, 0x0000000729700000, 0x0000000729800000|  0%| F|  |TAMS 0x0000000729700000, 0x0000000729700000| Untracked 
| 664|0x0000000729800000, 0x0000000729800000, 0x0000000729900000|  0%| F|  |TAMS 0x0000000729800000, 0x0000000729800000| Untracked 
| 665|0x0000000729900000, 0x0000000729900000, 0x0000000729a00000|  0%| F|  |TAMS 0x0000000729900000, 0x0000000729900000| Untracked 
| 666|0x0000000729a00000, 0x0000000729a00000, 0x0000000729b00000|  0%| F|  |TAMS 0x0000000729a00000, 0x0000000729a00000| Untracked 
| 667|0x0000000729b00000, 0x0000000729b00000, 0x0000000729c00000|  0%| F|  |TAMS 0x0000000729b00000, 0x0000000729b00000| Untracked 
| 668|0x0000000729c00000, 0x0000000729c00000, 0x0000000729d00000|  0%| F|  |TAMS 0x0000000729c00000, 0x0000000729c00000| Untracked 
| 669|0x0000000729d00000, 0x0000000729d00000, 0x0000000729e00000|  0%| F|  |TAMS 0x0000000729d00000, 0x0000000729d00000| Untracked 
| 670|0x0000000729e00000, 0x0000000729e00000, 0x0000000729f00000|  0%| F|  |TAMS 0x0000000729e00000, 0x0000000729e00000| Untracked 
| 671|0x0000000729f00000, 0x0000000729f00000, 0x000000072a000000|  0%| F|  |TAMS 0x0000000729f00000, 0x0000000729f00000| Untracked 
| 672|0x000000072a000000, 0x000000072a000000, 0x000000072a100000|  0%| F|  |TAMS 0x000000072a000000, 0x000000072a000000| Untracked 
| 673|0x000000072a100000, 0x000000072a100000, 0x000000072a200000|  0%| F|  |TAMS 0x000000072a100000, 0x000000072a100000| Untracked 
| 674|0x000000072a200000, 0x000000072a200000, 0x000000072a300000|  0%| F|  |TAMS 0x000000072a200000, 0x000000072a200000| Untracked 
| 675|0x000000072a300000, 0x000000072a300000, 0x000000072a400000|  0%| F|  |TAMS 0x000000072a300000, 0x000000072a300000| Untracked 
| 676|0x000000072a400000, 0x000000072a400000, 0x000000072a500000|  0%| F|  |TAMS 0x000000072a400000, 0x000000072a400000| Untracked 
| 677|0x000000072a500000, 0x000000072a500000, 0x000000072a600000|  0%| F|  |TAMS 0x000000072a500000, 0x000000072a500000| Untracked 
| 678|0x000000072a600000, 0x000000072a600000, 0x000000072a700000|  0%| F|  |TAMS 0x000000072a600000, 0x000000072a600000| Untracked 
| 679|0x000000072a700000, 0x000000072a700000, 0x000000072a800000|  0%| F|  |TAMS 0x000000072a700000, 0x000000072a700000| Untracked 
| 680|0x000000072a800000, 0x000000072a800000, 0x000000072a900000|  0%| F|  |TAMS 0x000000072a800000, 0x000000072a800000| Untracked 
| 681|0x000000072a900000, 0x000000072a900000, 0x000000072aa00000|  0%| F|  |TAMS 0x000000072a900000, 0x000000072a900000| Untracked 
| 682|0x000000072aa00000, 0x000000072aa00000, 0x000000072ab00000|  0%| F|  |TAMS 0x000000072aa00000, 0x000000072aa00000| Untracked 
| 683|0x000000072ab00000, 0x000000072ab00000, 0x000000072ac00000|  0%| F|  |TAMS 0x000000072ab00000, 0x000000072ab00000| Untracked 
| 684|0x000000072ac00000, 0x000000072ac00000, 0x000000072ad00000|  0%| F|  |TAMS 0x000000072ac00000, 0x000000072ac00000| Untracked 
| 685|0x000000072ad00000, 0x000000072ad00000, 0x000000072ae00000|  0%| F|  |TAMS 0x000000072ad00000, 0x000000072ad00000| Untracked 
| 686|0x000000072ae00000, 0x000000072ae00000, 0x000000072af00000|  0%| F|  |TAMS 0x000000072ae00000, 0x000000072ae00000| Untracked 
| 687|0x000000072af00000, 0x000000072af00000, 0x000000072b000000|  0%| F|  |TAMS 0x000000072af00000, 0x000000072af00000| Untracked 
| 688|0x000000072b000000, 0x000000072b000000, 0x000000072b100000|  0%| F|  |TAMS 0x000000072b000000, 0x000000072b000000| Untracked 
| 689|0x000000072b100000, 0x000000072b100000, 0x000000072b200000|  0%| F|  |TAMS 0x000000072b100000, 0x000000072b100000| Untracked 
| 690|0x000000072b200000, 0x000000072b200000, 0x000000072b300000|  0%| F|  |TAMS 0x000000072b200000, 0x000000072b200000| Untracked 
| 691|0x000000072b300000, 0x000000072b300000, 0x000000072b400000|  0%| F|  |TAMS 0x000000072b300000, 0x000000072b300000| Untracked 
| 692|0x000000072b400000, 0x000000072b400000, 0x000000072b500000|  0%| F|  |TAMS 0x000000072b400000, 0x000000072b400000| Untracked 
| 693|0x000000072b500000, 0x000000072b500000, 0x000000072b600000|  0%| F|  |TAMS 0x000000072b500000, 0x000000072b500000| Untracked 
| 694|0x000000072b600000, 0x000000072b600000, 0x000000072b700000|  0%| F|  |TAMS 0x000000072b600000, 0x000000072b600000| Untracked 
| 695|0x000000072b700000, 0x000000072b700000, 0x000000072b800000|  0%| F|  |TAMS 0x000000072b700000, 0x000000072b700000| Untracked 
| 696|0x000000072b800000, 0x000000072b800000, 0x000000072b900000|  0%| F|  |TAMS 0x000000072b800000, 0x000000072b800000| Untracked 
| 697|0x000000072b900000, 0x000000072b900000, 0x000000072ba00000|  0%| F|  |TAMS 0x000000072b900000, 0x000000072b900000| Untracked 
| 698|0x000000072ba00000, 0x000000072ba00000, 0x000000072bb00000|  0%| F|  |TAMS 0x000000072ba00000, 0x000000072ba00000| Untracked 
| 699|0x000000072bb00000, 0x000000072bb00000, 0x000000072bc00000|  0%| F|  |TAMS 0x000000072bb00000, 0x000000072bb00000| Untracked 
| 700|0x000000072bc00000, 0x000000072bc00000, 0x000000072bd00000|  0%| F|  |TAMS 0x000000072bc00000, 0x000000072bc00000| Untracked 
| 701|0x000000072bd00000, 0x000000072bd00000, 0x000000072be00000|  0%| F|  |TAMS 0x000000072bd00000, 0x000000072bd00000| Untracked 
| 702|0x000000072be00000, 0x000000072be00000, 0x000000072bf00000|  0%| F|  |TAMS 0x000000072be00000, 0x000000072be00000| Untracked 
| 703|0x000000072bf00000, 0x000000072bf00000, 0x000000072c000000|  0%| F|  |TAMS 0x000000072bf00000, 0x000000072bf00000| Untracked 
| 704|0x000000072c000000, 0x000000072c000000, 0x000000072c100000|  0%| F|  |TAMS 0x000000072c000000, 0x000000072c000000| Untracked 
| 705|0x000000072c100000, 0x000000072c100000, 0x000000072c200000|  0%| F|  |TAMS 0x000000072c100000, 0x000000072c100000| Untracked 
| 706|0x000000072c200000, 0x000000072c200000, 0x000000072c300000|  0%| F|  |TAMS 0x000000072c200000, 0x000000072c200000| Untracked 
| 707|0x000000072c300000, 0x000000072c300000, 0x000000072c400000|  0%| F|  |TAMS 0x000000072c300000, 0x000000072c300000| Untracked 
| 708|0x000000072c400000, 0x000000072c400000, 0x000000072c500000|  0%| F|  |TAMS 0x000000072c400000, 0x000000072c400000| Untracked 
| 709|0x000000072c500000, 0x000000072c500000, 0x000000072c600000|  0%| F|  |TAMS 0x000000072c500000, 0x000000072c500000| Untracked 
| 710|0x000000072c600000, 0x000000072c600000, 0x000000072c700000|  0%| F|  |TAMS 0x000000072c600000, 0x000000072c600000| Untracked 
| 711|0x000000072c700000, 0x000000072c700000, 0x000000072c800000|  0%| F|  |TAMS 0x000000072c700000, 0x000000072c700000| Untracked 
| 712|0x000000072c800000, 0x000000072c800000, 0x000000072c900000|  0%| F|  |TAMS 0x000000072c800000, 0x000000072c800000| Untracked 
| 713|0x000000072c900000, 0x000000072c900000, 0x000000072ca00000|  0%| F|  |TAMS 0x000000072c900000, 0x000000072c900000| Untracked 
| 714|0x000000072ca00000, 0x000000072ca00000, 0x000000072cb00000|  0%| F|  |TAMS 0x000000072ca00000, 0x000000072ca00000| Untracked 
| 715|0x000000072cb00000, 0x000000072cb00000, 0x000000072cc00000|  0%| F|  |TAMS 0x000000072cb00000, 0x000000072cb00000| Untracked 
| 716|0x000000072cc00000, 0x000000072cc00000, 0x000000072cd00000|  0%| F|  |TAMS 0x000000072cc00000, 0x000000072cc00000| Untracked 
| 717|0x000000072cd00000, 0x000000072cd00000, 0x000000072ce00000|  0%| F|  |TAMS 0x000000072cd00000, 0x000000072cd00000| Untracked 
| 718|0x000000072ce00000, 0x000000072ce00000, 0x000000072cf00000|  0%| F|  |TAMS 0x000000072ce00000, 0x000000072ce00000| Untracked 
| 719|0x000000072cf00000, 0x000000072cf00000, 0x000000072d000000|  0%| F|  |TAMS 0x000000072cf00000, 0x000000072cf00000| Untracked 
| 720|0x000000072d000000, 0x000000072d000000, 0x000000072d100000|  0%| F|  |TAMS 0x000000072d000000, 0x000000072d000000| Untracked 
| 721|0x000000072d100000, 0x000000072d100000, 0x000000072d200000|  0%| F|  |TAMS 0x000000072d100000, 0x000000072d100000| Untracked 
| 722|0x000000072d200000, 0x000000072d200000, 0x000000072d300000|  0%| F|  |TAMS 0x000000072d200000, 0x000000072d200000| Untracked 
| 723|0x000000072d300000, 0x000000072d300000, 0x000000072d400000|  0%| F|  |TAMS 0x000000072d300000, 0x000000072d300000| Untracked 
| 724|0x000000072d400000, 0x000000072d400000, 0x000000072d500000|  0%| F|  |TAMS 0x000000072d400000, 0x000000072d400000| Untracked 
| 725|0x000000072d500000, 0x000000072d500000, 0x000000072d600000|  0%| F|  |TAMS 0x000000072d500000, 0x000000072d500000| Untracked 
| 726|0x000000072d600000, 0x000000072d600000, 0x000000072d700000|  0%| F|  |TAMS 0x000000072d600000, 0x000000072d600000| Untracked 
| 727|0x000000072d700000, 0x000000072d700000, 0x000000072d800000|  0%| F|  |TAMS 0x000000072d700000, 0x000000072d700000| Untracked 
| 728|0x000000072d800000, 0x000000072d800000, 0x000000072d900000|  0%| F|  |TAMS 0x000000072d800000, 0x000000072d800000| Untracked 
| 729|0x000000072d900000, 0x000000072d900000, 0x000000072da00000|  0%| F|  |TAMS 0x000000072d900000, 0x000000072d900000| Untracked 
| 730|0x000000072da00000, 0x000000072da00000, 0x000000072db00000|  0%| F|  |TAMS 0x000000072da00000, 0x000000072da00000| Untracked 
| 731|0x000000072db00000, 0x000000072db00000, 0x000000072dc00000|  0%| F|  |TAMS 0x000000072db00000, 0x000000072db00000| Untracked 
| 732|0x000000072dc00000, 0x000000072dc00000, 0x000000072dd00000|  0%| F|  |TAMS 0x000000072dc00000, 0x000000072dc00000| Untracked 
| 733|0x000000072dd00000, 0x000000072dd00000, 0x000000072de00000|  0%| F|  |TAMS 0x000000072dd00000, 0x000000072dd00000| Untracked 
| 734|0x000000072de00000, 0x000000072de00000, 0x000000072df00000|  0%| F|  |TAMS 0x000000072de00000, 0x000000072de00000| Untracked 
| 735|0x000000072df00000, 0x000000072df00000, 0x000000072e000000|  0%| F|  |TAMS 0x000000072df00000, 0x000000072df00000| Untracked 
| 736|0x000000072e000000, 0x000000072e000000, 0x000000072e100000|  0%| F|  |TAMS 0x000000072e000000, 0x000000072e000000| Untracked 
| 737|0x000000072e100000, 0x000000072e100000, 0x000000072e200000|  0%| F|  |TAMS 0x000000072e100000, 0x000000072e100000| Untracked 
| 738|0x000000072e200000, 0x000000072e200000, 0x000000072e300000|  0%| F|  |TAMS 0x000000072e200000, 0x000000072e200000| Untracked 
| 739|0x000000072e300000, 0x000000072e300000, 0x000000072e400000|  0%| F|  |TAMS 0x000000072e300000, 0x000000072e300000| Untracked 
| 740|0x000000072e400000, 0x000000072e400000, 0x000000072e500000|  0%| F|  |TAMS 0x000000072e400000, 0x000000072e400000| Untracked 
| 741|0x000000072e500000, 0x000000072e500000, 0x000000072e600000|  0%| F|  |TAMS 0x000000072e500000, 0x000000072e500000| Untracked 
| 742|0x000000072e600000, 0x000000072e600000, 0x000000072e700000|  0%| F|  |TAMS 0x000000072e600000, 0x000000072e600000| Untracked 
| 743|0x000000072e700000, 0x000000072e700000, 0x000000072e800000|  0%| F|  |TAMS 0x000000072e700000, 0x000000072e700000| Untracked 
| 744|0x000000072e800000, 0x000000072e800000, 0x000000072e900000|  0%| F|  |TAMS 0x000000072e800000, 0x000000072e800000| Untracked 
| 745|0x000000072e900000, 0x000000072e900000, 0x000000072ea00000|  0%| F|  |TAMS 0x000000072e900000, 0x000000072e900000| Untracked 
| 746|0x000000072ea00000, 0x000000072ea00000, 0x000000072eb00000|  0%| F|  |TAMS 0x000000072ea00000, 0x000000072ea00000| Untracked 
| 747|0x000000072eb00000, 0x000000072eb00000, 0x000000072ec00000|  0%| F|  |TAMS 0x000000072eb00000, 0x000000072eb00000| Untracked 
| 748|0x000000072ec00000, 0x000000072ec00000, 0x000000072ed00000|  0%| F|  |TAMS 0x000000072ec00000, 0x000000072ec00000| Untracked 
| 749|0x000000072ed00000, 0x000000072ed00000, 0x000000072ee00000|  0%| F|  |TAMS 0x000000072ed00000, 0x000000072ed00000| Untracked 
| 750|0x000000072ee00000, 0x000000072ee00000, 0x000000072ef00000|  0%| F|  |TAMS 0x000000072ee00000, 0x000000072ee00000| Untracked 
| 751|0x000000072ef00000, 0x000000072ef00000, 0x000000072f000000|  0%| F|  |TAMS 0x000000072ef00000, 0x000000072ef00000| Untracked 
| 752|0x000000072f000000, 0x000000072f000000, 0x000000072f100000|  0%| F|  |TAMS 0x000000072f000000, 0x000000072f000000| Untracked 
| 753|0x000000072f100000, 0x000000072f100000, 0x000000072f200000|  0%| F|  |TAMS 0x000000072f100000, 0x000000072f100000| Untracked 
| 754|0x000000072f200000, 0x000000072f200000, 0x000000072f300000|  0%| F|  |TAMS 0x000000072f200000, 0x000000072f200000| Untracked 
| 755|0x000000072f300000, 0x000000072f300000, 0x000000072f400000|  0%| F|  |TAMS 0x000000072f300000, 0x000000072f300000| Untracked 
| 756|0x000000072f400000, 0x000000072f400000, 0x000000072f500000|  0%| F|  |TAMS 0x000000072f400000, 0x000000072f400000| Untracked 
| 757|0x000000072f500000, 0x000000072f500000, 0x000000072f600000|  0%| F|  |TAMS 0x000000072f500000, 0x000000072f500000| Untracked 
| 758|0x000000072f600000, 0x000000072f600000, 0x000000072f700000|  0%| F|  |TAMS 0x000000072f600000, 0x000000072f600000| Untracked 
| 759|0x000000072f700000, 0x000000072f700000, 0x000000072f800000|  0%| F|  |TAMS 0x000000072f700000, 0x000000072f700000| Untracked 
| 760|0x000000072f800000, 0x000000072f800000, 0x000000072f900000|  0%| F|  |TAMS 0x000000072f800000, 0x000000072f800000| Untracked 
| 761|0x000000072f900000, 0x000000072f900000, 0x000000072fa00000|  0%| F|  |TAMS 0x000000072f900000, 0x000000072f900000| Untracked 
| 762|0x000000072fa00000, 0x000000072fa00000, 0x000000072fb00000|  0%| F|  |TAMS 0x000000072fa00000, 0x000000072fa00000| Untracked 
| 763|0x000000072fb00000, 0x000000072fb00000, 0x000000072fc00000|  0%| F|  |TAMS 0x000000072fb00000, 0x000000072fb00000| Untracked 
| 764|0x000000072fc00000, 0x000000072fc00000, 0x000000072fd00000|  0%| F|  |TAMS 0x000000072fc00000, 0x000000072fc00000| Untracked 
| 765|0x000000072fd00000, 0x000000072fd00000, 0x000000072fe00000|  0%| F|  |TAMS 0x000000072fd00000, 0x000000072fd00000| Untracked 
| 766|0x000000072fe00000, 0x000000072fe00000, 0x000000072ff00000|  0%| F|  |TAMS 0x000000072fe00000, 0x000000072fe00000| Untracked 
| 767|0x000000072ff00000, 0x000000072ff00000, 0x0000000730000000|  0%| F|  |TAMS 0x000000072ff00000, 0x000000072ff00000| Untracked 
| 768|0x0000000730000000, 0x0000000730000000, 0x0000000730100000|  0%| F|  |TAMS 0x0000000730000000, 0x0000000730000000| Untracked 
| 769|0x0000000730100000, 0x0000000730100000, 0x0000000730200000|  0%| F|  |TAMS 0x0000000730100000, 0x0000000730100000| Untracked 
| 770|0x0000000730200000, 0x0000000730200000, 0x0000000730300000|  0%| F|  |TAMS 0x0000000730200000, 0x0000000730200000| Untracked 
| 771|0x0000000730300000, 0x0000000730300000, 0x0000000730400000|  0%| F|  |TAMS 0x0000000730300000, 0x0000000730300000| Untracked 
| 772|0x0000000730400000, 0x0000000730400000, 0x0000000730500000|  0%| F|  |TAMS 0x0000000730400000, 0x0000000730400000| Untracked 
| 773|0x0000000730500000, 0x0000000730500000, 0x0000000730600000|  0%| F|  |TAMS 0x0000000730500000, 0x0000000730500000| Untracked 
| 774|0x0000000730600000, 0x0000000730600000, 0x0000000730700000|  0%| F|  |TAMS 0x0000000730600000, 0x0000000730600000| Untracked 
| 775|0x0000000730700000, 0x0000000730700000, 0x0000000730800000|  0%| F|  |TAMS 0x0000000730700000, 0x0000000730700000| Untracked 
| 776|0x0000000730800000, 0x0000000730800000, 0x0000000730900000|  0%| F|  |TAMS 0x0000000730800000, 0x0000000730800000| Untracked 
| 777|0x0000000730900000, 0x0000000730900000, 0x0000000730a00000|  0%| F|  |TAMS 0x0000000730900000, 0x0000000730900000| Untracked 
| 778|0x0000000730a00000, 0x0000000730a00000, 0x0000000730b00000|  0%| F|  |TAMS 0x0000000730a00000, 0x0000000730a00000| Untracked 
| 779|0x0000000730b00000, 0x0000000730b00000, 0x0000000730c00000|  0%| F|  |TAMS 0x0000000730b00000, 0x0000000730b00000| Untracked 
| 780|0x0000000730c00000, 0x0000000730c00000, 0x0000000730d00000|  0%| F|  |TAMS 0x0000000730c00000, 0x0000000730c00000| Untracked 
| 781|0x0000000730d00000, 0x0000000730d00000, 0x0000000730e00000|  0%| F|  |TAMS 0x0000000730d00000, 0x0000000730d00000| Untracked 
| 782|0x0000000730e00000, 0x0000000730e00000, 0x0000000730f00000|  0%| F|  |TAMS 0x0000000730e00000, 0x0000000730e00000| Untracked 
| 783|0x0000000730f00000, 0x0000000730f00000, 0x0000000731000000|  0%| F|  |TAMS 0x0000000730f00000, 0x0000000730f00000| Untracked 
| 784|0x0000000731000000, 0x0000000731000000, 0x0000000731100000|  0%| F|  |TAMS 0x0000000731000000, 0x0000000731000000| Untracked 
| 785|0x0000000731100000, 0x0000000731100000, 0x0000000731200000|  0%| F|  |TAMS 0x0000000731100000, 0x0000000731100000| Untracked 
| 786|0x0000000731200000, 0x0000000731200000, 0x0000000731300000|  0%| F|  |TAMS 0x0000000731200000, 0x0000000731200000| Untracked 
| 787|0x0000000731300000, 0x0000000731300000, 0x0000000731400000|  0%| F|  |TAMS 0x0000000731300000, 0x0000000731300000| Untracked 
| 788|0x0000000731400000, 0x0000000731400000, 0x0000000731500000|  0%| F|  |TAMS 0x0000000731400000, 0x0000000731400000| Untracked 
| 789|0x0000000731500000, 0x0000000731500000, 0x0000000731600000|  0%| F|  |TAMS 0x0000000731500000, 0x0000000731500000| Untracked 
| 790|0x0000000731600000, 0x0000000731600000, 0x0000000731700000|  0%| F|  |TAMS 0x0000000731600000, 0x0000000731600000| Untracked 
| 791|0x0000000731700000, 0x0000000731700000, 0x0000000731800000|  0%| F|  |TAMS 0x0000000731700000, 0x0000000731700000| Untracked 
| 792|0x0000000731800000, 0x0000000731800000, 0x0000000731900000|  0%| F|  |TAMS 0x0000000731800000, 0x0000000731800000| Untracked 
| 793|0x0000000731900000, 0x0000000731900000, 0x0000000731a00000|  0%| F|  |TAMS 0x0000000731900000, 0x0000000731900000| Untracked 
| 794|0x0000000731a00000, 0x0000000731a00000, 0x0000000731b00000|  0%| F|  |TAMS 0x0000000731a00000, 0x0000000731a00000| Untracked 
| 795|0x0000000731b00000, 0x0000000731b00000, 0x0000000731c00000|  0%| F|  |TAMS 0x0000000731b00000, 0x0000000731b00000| Untracked 
| 796|0x0000000731c00000, 0x0000000731c00000, 0x0000000731d00000|  0%| F|  |TAMS 0x0000000731c00000, 0x0000000731c00000| Untracked 
| 797|0x0000000731d00000, 0x0000000731d00000, 0x0000000731e00000|  0%| F|  |TAMS 0x0000000731d00000, 0x0000000731d00000| Untracked 
| 798|0x0000000731e00000, 0x0000000731e00000, 0x0000000731f00000|  0%| F|  |TAMS 0x0000000731e00000, 0x0000000731e00000| Untracked 
| 799|0x0000000731f00000, 0x0000000731f00000, 0x0000000732000000|  0%| F|  |TAMS 0x0000000731f00000, 0x0000000731f00000| Untracked 
| 800|0x0000000732000000, 0x0000000732000000, 0x0000000732100000|  0%| F|  |TAMS 0x0000000732000000, 0x0000000732000000| Untracked 
| 801|0x0000000732100000, 0x0000000732100000, 0x0000000732200000|  0%| F|  |TAMS 0x0000000732100000, 0x0000000732100000| Untracked 
| 802|0x0000000732200000, 0x0000000732200000, 0x0000000732300000|  0%| F|  |TAMS 0x0000000732200000, 0x0000000732200000| Untracked 
| 803|0x0000000732300000, 0x0000000732300000, 0x0000000732400000|  0%| F|  |TAMS 0x0000000732300000, 0x0000000732300000| Untracked 
| 804|0x0000000732400000, 0x0000000732400000, 0x0000000732500000|  0%| F|  |TAMS 0x0000000732400000, 0x0000000732400000| Untracked 
| 805|0x0000000732500000, 0x0000000732500000, 0x0000000732600000|  0%| F|  |TAMS 0x0000000732500000, 0x0000000732500000| Untracked 
| 806|0x0000000732600000, 0x0000000732600000, 0x0000000732700000|  0%| F|  |TAMS 0x0000000732600000, 0x0000000732600000| Untracked 
| 807|0x0000000732700000, 0x0000000732700000, 0x0000000732800000|  0%| F|  |TAMS 0x0000000732700000, 0x0000000732700000| Untracked 
| 808|0x0000000732800000, 0x0000000732800000, 0x0000000732900000|  0%| F|  |TAMS 0x0000000732800000, 0x0000000732800000| Untracked 
| 809|0x0000000732900000, 0x0000000732900000, 0x0000000732a00000|  0%| F|  |TAMS 0x0000000732900000, 0x0000000732900000| Untracked 
| 810|0x0000000732a00000, 0x0000000732a00000, 0x0000000732b00000|  0%| F|  |TAMS 0x0000000732a00000, 0x0000000732a00000| Untracked 
| 811|0x0000000732b00000, 0x0000000732b00000, 0x0000000732c00000|  0%| F|  |TAMS 0x0000000732b00000, 0x0000000732b00000| Untracked 
| 812|0x0000000732c00000, 0x0000000732c00000, 0x0000000732d00000|  0%| F|  |TAMS 0x0000000732c00000, 0x0000000732c00000| Untracked 
| 813|0x0000000732d00000, 0x0000000732d00000, 0x0000000732e00000|  0%| F|  |TAMS 0x0000000732d00000, 0x0000000732d00000| Untracked 
| 814|0x0000000732e00000, 0x0000000732e00000, 0x0000000732f00000|  0%| F|  |TAMS 0x0000000732e00000, 0x0000000732e00000| Untracked 
| 815|0x0000000732f00000, 0x0000000732f00000, 0x0000000733000000|  0%| F|  |TAMS 0x0000000732f00000, 0x0000000732f00000| Untracked 
| 816|0x0000000733000000, 0x0000000733000000, 0x0000000733100000|  0%| F|  |TAMS 0x0000000733000000, 0x0000000733000000| Untracked 
| 817|0x0000000733100000, 0x0000000733100000, 0x0000000733200000|  0%| F|  |TAMS 0x0000000733100000, 0x0000000733100000| Untracked 
| 818|0x0000000733200000, 0x0000000733200000, 0x0000000733300000|  0%| F|  |TAMS 0x0000000733200000, 0x0000000733200000| Untracked 
| 819|0x0000000733300000, 0x0000000733300000, 0x0000000733400000|  0%| F|  |TAMS 0x0000000733300000, 0x0000000733300000| Untracked 
| 820|0x0000000733400000, 0x0000000733400000, 0x0000000733500000|  0%| F|  |TAMS 0x0000000733400000, 0x0000000733400000| Untracked 
| 821|0x0000000733500000, 0x0000000733500000, 0x0000000733600000|  0%| F|  |TAMS 0x0000000733500000, 0x0000000733500000| Untracked 
| 822|0x0000000733600000, 0x0000000733600000, 0x0000000733700000|  0%| F|  |TAMS 0x0000000733600000, 0x0000000733600000| Untracked 
| 823|0x0000000733700000, 0x0000000733700000, 0x0000000733800000|  0%| F|  |TAMS 0x0000000733700000, 0x0000000733700000| Untracked 
| 824|0x0000000733800000, 0x0000000733800000, 0x0000000733900000|  0%| F|  |TAMS 0x0000000733800000, 0x0000000733800000| Untracked 
| 825|0x0000000733900000, 0x0000000733900000, 0x0000000733a00000|  0%| F|  |TAMS 0x0000000733900000, 0x0000000733900000| Untracked 
| 826|0x0000000733a00000, 0x0000000733a00000, 0x0000000733b00000|  0%| F|  |TAMS 0x0000000733a00000, 0x0000000733a00000| Untracked 
| 827|0x0000000733b00000, 0x0000000733b00000, 0x0000000733c00000|  0%| F|  |TAMS 0x0000000733b00000, 0x0000000733b00000| Untracked 
| 828|0x0000000733c00000, 0x0000000733c00000, 0x0000000733d00000|  0%| F|  |TAMS 0x0000000733c00000, 0x0000000733c00000| Untracked 
| 829|0x0000000733d00000, 0x0000000733d00000, 0x0000000733e00000|  0%| F|  |TAMS 0x0000000733d00000, 0x0000000733d00000| Untracked 
| 830|0x0000000733e00000, 0x0000000733e00000, 0x0000000733f00000|  0%| F|  |TAMS 0x0000000733e00000, 0x0000000733e00000| Untracked 
| 831|0x0000000733f00000, 0x0000000733f00000, 0x0000000734000000|  0%| F|  |TAMS 0x0000000733f00000, 0x0000000733f00000| Untracked 
| 832|0x0000000734000000, 0x0000000734000000, 0x0000000734100000|  0%| F|  |TAMS 0x0000000734000000, 0x0000000734000000| Untracked 
| 833|0x0000000734100000, 0x0000000734100000, 0x0000000734200000|  0%| F|  |TAMS 0x0000000734100000, 0x0000000734100000| Untracked 
| 834|0x0000000734200000, 0x0000000734200000, 0x0000000734300000|  0%| F|  |TAMS 0x0000000734200000, 0x0000000734200000| Untracked 
| 835|0x0000000734300000, 0x0000000734300000, 0x0000000734400000|  0%| F|  |TAMS 0x0000000734300000, 0x0000000734300000| Untracked 
| 836|0x0000000734400000, 0x0000000734400000, 0x0000000734500000|  0%| F|  |TAMS 0x0000000734400000, 0x0000000734400000| Untracked 
| 837|0x0000000734500000, 0x0000000734500000, 0x0000000734600000|  0%| F|  |TAMS 0x0000000734500000, 0x0000000734500000| Untracked 
| 838|0x0000000734600000, 0x0000000734600000, 0x0000000734700000|  0%| F|  |TAMS 0x0000000734600000, 0x0000000734600000| Untracked 
| 839|0x0000000734700000, 0x0000000734700000, 0x0000000734800000|  0%| F|  |TAMS 0x0000000734700000, 0x0000000734700000| Untracked 
| 840|0x0000000734800000, 0x0000000734800000, 0x0000000734900000|  0%| F|  |TAMS 0x0000000734800000, 0x0000000734800000| Untracked 
| 841|0x0000000734900000, 0x0000000734900000, 0x0000000734a00000|  0%| F|  |TAMS 0x0000000734900000, 0x0000000734900000| Untracked 
| 842|0x0000000734a00000, 0x0000000734a00000, 0x0000000734b00000|  0%| F|  |TAMS 0x0000000734a00000, 0x0000000734a00000| Untracked 
| 843|0x0000000734b00000, 0x0000000734b00000, 0x0000000734c00000|  0%| F|  |TAMS 0x0000000734b00000, 0x0000000734b00000| Untracked 
| 844|0x0000000734c00000, 0x0000000734c00000, 0x0000000734d00000|  0%| F|  |TAMS 0x0000000734c00000, 0x0000000734c00000| Untracked 
| 845|0x0000000734d00000, 0x0000000734d00000, 0x0000000734e00000|  0%| F|  |TAMS 0x0000000734d00000, 0x0000000734d00000| Untracked 
| 846|0x0000000734e00000, 0x0000000734e00000, 0x0000000734f00000|  0%| F|  |TAMS 0x0000000734e00000, 0x0000000734e00000| Untracked 
| 847|0x0000000734f00000, 0x0000000734f00000, 0x0000000735000000|  0%| F|  |TAMS 0x0000000734f00000, 0x0000000734f00000| Untracked 
| 848|0x0000000735000000, 0x0000000735000000, 0x0000000735100000|  0%| F|  |TAMS 0x0000000735000000, 0x0000000735000000| Untracked 
| 849|0x0000000735100000, 0x0000000735100000, 0x0000000735200000|  0%| F|  |TAMS 0x0000000735100000, 0x0000000735100000| Untracked 
| 850|0x0000000735200000, 0x0000000735200000, 0x0000000735300000|  0%| F|  |TAMS 0x0000000735200000, 0x0000000735200000| Untracked 
| 851|0x0000000735300000, 0x0000000735300000, 0x0000000735400000|  0%| F|  |TAMS 0x0000000735300000, 0x0000000735300000| Untracked 
| 852|0x0000000735400000, 0x0000000735400000, 0x0000000735500000|  0%| F|  |TAMS 0x0000000735400000, 0x0000000735400000| Untracked 
| 853|0x0000000735500000, 0x0000000735500000, 0x0000000735600000|  0%| F|  |TAMS 0x0000000735500000, 0x0000000735500000| Untracked 
| 854|0x0000000735600000, 0x0000000735600000, 0x0000000735700000|  0%| F|  |TAMS 0x0000000735600000, 0x0000000735600000| Untracked 
| 855|0x0000000735700000, 0x0000000735700000, 0x0000000735800000|  0%| F|  |TAMS 0x0000000735700000, 0x0000000735700000| Untracked 
| 856|0x0000000735800000, 0x0000000735800000, 0x0000000735900000|  0%| F|  |TAMS 0x0000000735800000, 0x0000000735800000| Untracked 
| 857|0x0000000735900000, 0x0000000735900000, 0x0000000735a00000|  0%| F|  |TAMS 0x0000000735900000, 0x0000000735900000| Untracked 
| 858|0x0000000735a00000, 0x0000000735a00000, 0x0000000735b00000|  0%| F|  |TAMS 0x0000000735a00000, 0x0000000735a00000| Untracked 
| 859|0x0000000735b00000, 0x0000000735b00000, 0x0000000735c00000|  0%| F|  |TAMS 0x0000000735b00000, 0x0000000735b00000| Untracked 
| 860|0x0000000735c00000, 0x0000000735c00000, 0x0000000735d00000|  0%| F|  |TAMS 0x0000000735c00000, 0x0000000735c00000| Untracked 
| 861|0x0000000735d00000, 0x0000000735d00000, 0x0000000735e00000|  0%| F|  |TAMS 0x0000000735d00000, 0x0000000735d00000| Untracked 
| 862|0x0000000735e00000, 0x0000000735e00000, 0x0000000735f00000|  0%| F|  |TAMS 0x0000000735e00000, 0x0000000735e00000| Untracked 
| 863|0x0000000735f00000, 0x0000000735f00000, 0x0000000736000000|  0%| F|  |TAMS 0x0000000735f00000, 0x0000000735f00000| Untracked 
| 864|0x0000000736000000, 0x0000000736000000, 0x0000000736100000|  0%| F|  |TAMS 0x0000000736000000, 0x0000000736000000| Untracked 
| 865|0x0000000736100000, 0x0000000736100000, 0x0000000736200000|  0%| F|  |TAMS 0x0000000736100000, 0x0000000736100000| Untracked 
| 866|0x0000000736200000, 0x0000000736200000, 0x0000000736300000|  0%| F|  |TAMS 0x0000000736200000, 0x0000000736200000| Untracked 
| 867|0x0000000736300000, 0x0000000736300000, 0x0000000736400000|  0%| F|  |TAMS 0x0000000736300000, 0x0000000736300000| Untracked 
| 868|0x0000000736400000, 0x0000000736400000, 0x0000000736500000|  0%| F|  |TAMS 0x0000000736400000, 0x0000000736400000| Untracked 
| 869|0x0000000736500000, 0x0000000736500000, 0x0000000736600000|  0%| F|  |TAMS 0x0000000736500000, 0x0000000736500000| Untracked 
| 870|0x0000000736600000, 0x0000000736600000, 0x0000000736700000|  0%| F|  |TAMS 0x0000000736600000, 0x0000000736600000| Untracked 
| 871|0x0000000736700000, 0x0000000736700000, 0x0000000736800000|  0%| F|  |TAMS 0x0000000736700000, 0x0000000736700000| Untracked 
| 872|0x0000000736800000, 0x0000000736800000, 0x0000000736900000|  0%| F|  |TAMS 0x0000000736800000, 0x0000000736800000| Untracked 
| 873|0x0000000736900000, 0x0000000736900000, 0x0000000736a00000|  0%| F|  |TAMS 0x0000000736900000, 0x0000000736900000| Untracked 
| 874|0x0000000736a00000, 0x0000000736a00000, 0x0000000736b00000|  0%| F|  |TAMS 0x0000000736a00000, 0x0000000736a00000| Untracked 
| 875|0x0000000736b00000, 0x0000000736b00000, 0x0000000736c00000|  0%| F|  |TAMS 0x0000000736b00000, 0x0000000736b00000| Untracked 
| 876|0x0000000736c00000, 0x0000000736c00000, 0x0000000736d00000|  0%| F|  |TAMS 0x0000000736c00000, 0x0000000736c00000| Untracked 
| 877|0x0000000736d00000, 0x0000000736d00000, 0x0000000736e00000|  0%| F|  |TAMS 0x0000000736d00000, 0x0000000736d00000| Untracked 
| 878|0x0000000736e00000, 0x0000000736e00000, 0x0000000736f00000|  0%| F|  |TAMS 0x0000000736e00000, 0x0000000736e00000| Untracked 
| 879|0x0000000736f00000, 0x0000000736f00000, 0x0000000737000000|  0%| F|  |TAMS 0x0000000736f00000, 0x0000000736f00000| Untracked 
| 880|0x0000000737000000, 0x0000000737000000, 0x0000000737100000|  0%| F|  |TAMS 0x0000000737000000, 0x0000000737000000| Untracked 
| 881|0x0000000737100000, 0x0000000737100000, 0x0000000737200000|  0%| F|  |TAMS 0x0000000737100000, 0x0000000737100000| Untracked 
| 882|0x0000000737200000, 0x0000000737200000, 0x0000000737300000|  0%| F|  |TAMS 0x0000000737200000, 0x0000000737200000| Untracked 
| 883|0x0000000737300000, 0x0000000737300000, 0x0000000737400000|  0%| F|  |TAMS 0x0000000737300000, 0x0000000737300000| Untracked 
| 884|0x0000000737400000, 0x0000000737400000, 0x0000000737500000|  0%| F|  |TAMS 0x0000000737400000, 0x0000000737400000| Untracked 
| 885|0x0000000737500000, 0x0000000737500000, 0x0000000737600000|  0%| F|  |TAMS 0x0000000737500000, 0x0000000737500000| Untracked 
| 886|0x0000000737600000, 0x0000000737600000, 0x0000000737700000|  0%| F|  |TAMS 0x0000000737600000, 0x0000000737600000| Untracked 
| 887|0x0000000737700000, 0x0000000737700000, 0x0000000737800000|  0%| F|  |TAMS 0x0000000737700000, 0x0000000737700000| Untracked 
| 888|0x0000000737800000, 0x0000000737800000, 0x0000000737900000|  0%| F|  |TAMS 0x0000000737800000, 0x0000000737800000| Untracked 
| 889|0x0000000737900000, 0x0000000737900000, 0x0000000737a00000|  0%| F|  |TAMS 0x0000000737900000, 0x0000000737900000| Untracked 
| 890|0x0000000737a00000, 0x0000000737a00000, 0x0000000737b00000|  0%| F|  |TAMS 0x0000000737a00000, 0x0000000737a00000| Untracked 
| 891|0x0000000737b00000, 0x0000000737b00000, 0x0000000737c00000|  0%| F|  |TAMS 0x0000000737b00000, 0x0000000737b00000| Untracked 
| 892|0x0000000737c00000, 0x0000000737c00000, 0x0000000737d00000|  0%| F|  |TAMS 0x0000000737c00000, 0x0000000737c00000| Untracked 
| 893|0x0000000737d00000, 0x0000000737d00000, 0x0000000737e00000|  0%| F|  |TAMS 0x0000000737d00000, 0x0000000737d00000| Untracked 
| 894|0x0000000737e00000, 0x0000000737e00000, 0x0000000737f00000|  0%| F|  |TAMS 0x0000000737e00000, 0x0000000737e00000| Untracked 
| 895|0x0000000737f00000, 0x0000000737f00000, 0x0000000738000000|  0%| F|  |TAMS 0x0000000737f00000, 0x0000000737f00000| Untracked 
| 896|0x0000000738000000, 0x0000000738000000, 0x0000000738100000|  0%| F|  |TAMS 0x0000000738000000, 0x0000000738000000| Untracked 
| 897|0x0000000738100000, 0x0000000738100000, 0x0000000738200000|  0%| F|  |TAMS 0x0000000738100000, 0x0000000738100000| Untracked 
| 898|0x0000000738200000, 0x0000000738200000, 0x0000000738300000|  0%| F|  |TAMS 0x0000000738200000, 0x0000000738200000| Untracked 
| 899|0x0000000738300000, 0x0000000738300000, 0x0000000738400000|  0%| F|  |TAMS 0x0000000738300000, 0x0000000738300000| Untracked 
| 900|0x0000000738400000, 0x0000000738400000, 0x0000000738500000|  0%| F|  |TAMS 0x0000000738400000, 0x0000000738400000| Untracked 
| 901|0x0000000738500000, 0x0000000738500000, 0x0000000738600000|  0%| F|  |TAMS 0x0000000738500000, 0x0000000738500000| Untracked 
| 902|0x0000000738600000, 0x0000000738600000, 0x0000000738700000|  0%| F|  |TAMS 0x0000000738600000, 0x0000000738600000| Untracked 
| 903|0x0000000738700000, 0x0000000738700000, 0x0000000738800000|  0%| F|  |TAMS 0x0000000738700000, 0x0000000738700000| Untracked 
| 904|0x0000000738800000, 0x0000000738800000, 0x0000000738900000|  0%| F|  |TAMS 0x0000000738800000, 0x0000000738800000| Untracked 
| 905|0x0000000738900000, 0x0000000738900000, 0x0000000738a00000|  0%| F|  |TAMS 0x0000000738900000, 0x0000000738900000| Untracked 
| 906|0x0000000738a00000, 0x0000000738a00000, 0x0000000738b00000|  0%| F|  |TAMS 0x0000000738a00000, 0x0000000738a00000| Untracked 
| 907|0x0000000738b00000, 0x0000000738b00000, 0x0000000738c00000|  0%| F|  |TAMS 0x0000000738b00000, 0x0000000738b00000| Untracked 
| 908|0x0000000738c00000, 0x0000000738c00000, 0x0000000738d00000|  0%| F|  |TAMS 0x0000000738c00000, 0x0000000738c00000| Untracked 
| 909|0x0000000738d00000, 0x0000000738d00000, 0x0000000738e00000|  0%| F|  |TAMS 0x0000000738d00000, 0x0000000738d00000| Untracked 
| 910|0x0000000738e00000, 0x0000000738e00000, 0x0000000738f00000|  0%| F|  |TAMS 0x0000000738e00000, 0x0000000738e00000| Untracked 
| 911|0x0000000738f00000, 0x0000000738f00000, 0x0000000739000000|  0%| F|  |TAMS 0x0000000738f00000, 0x0000000738f00000| Untracked 
| 912|0x0000000739000000, 0x0000000739000000, 0x0000000739100000|  0%| F|  |TAMS 0x0000000739000000, 0x0000000739000000| Untracked 
| 913|0x0000000739100000, 0x0000000739100000, 0x0000000739200000|  0%| F|  |TAMS 0x0000000739100000, 0x0000000739100000| Untracked 
| 914|0x0000000739200000, 0x0000000739200000, 0x0000000739300000|  0%| F|  |TAMS 0x0000000739200000, 0x0000000739200000| Untracked 
| 915|0x0000000739300000, 0x0000000739300000, 0x0000000739400000|  0%| F|  |TAMS 0x0000000739300000, 0x0000000739300000| Untracked 
| 916|0x0000000739400000, 0x0000000739400000, 0x0000000739500000|  0%| F|  |TAMS 0x0000000739400000, 0x0000000739400000| Untracked 
| 917|0x0000000739500000, 0x0000000739500000, 0x0000000739600000|  0%| F|  |TAMS 0x0000000739500000, 0x0000000739500000| Untracked 
| 918|0x0000000739600000, 0x0000000739600000, 0x0000000739700000|  0%| F|  |TAMS 0x0000000739600000, 0x0000000739600000| Untracked 
| 919|0x0000000739700000, 0x0000000739700000, 0x0000000739800000|  0%| F|  |TAMS 0x0000000739700000, 0x0000000739700000| Untracked 
| 920|0x0000000739800000, 0x0000000739800000, 0x0000000739900000|  0%| F|  |TAMS 0x0000000739800000, 0x0000000739800000| Untracked 
| 921|0x0000000739900000, 0x0000000739900000, 0x0000000739a00000|  0%| F|  |TAMS 0x0000000739900000, 0x0000000739900000| Untracked 
| 922|0x0000000739a00000, 0x0000000739a00000, 0x0000000739b00000|  0%| F|  |TAMS 0x0000000739a00000, 0x0000000739a00000| Untracked 
| 923|0x0000000739b00000, 0x0000000739b00000, 0x0000000739c00000|  0%| F|  |TAMS 0x0000000739b00000, 0x0000000739b00000| Untracked 
| 924|0x0000000739c00000, 0x0000000739c00000, 0x0000000739d00000|  0%| F|  |TAMS 0x0000000739c00000, 0x0000000739c00000| Untracked 
| 925|0x0000000739d00000, 0x0000000739d00000, 0x0000000739e00000|  0%| F|  |TAMS 0x0000000739d00000, 0x0000000739d00000| Untracked 
| 926|0x0000000739e00000, 0x0000000739e00000, 0x0000000739f00000|  0%| F|  |TAMS 0x0000000739e00000, 0x0000000739e00000| Untracked 
| 927|0x0000000739f00000, 0x0000000739f00000, 0x000000073a000000|  0%| F|  |TAMS 0x0000000739f00000, 0x0000000739f00000| Untracked 
| 928|0x000000073a000000, 0x000000073a000000, 0x000000073a100000|  0%| F|  |TAMS 0x000000073a000000, 0x000000073a000000| Untracked 
| 929|0x000000073a100000, 0x000000073a100000, 0x000000073a200000|  0%| F|  |TAMS 0x000000073a100000, 0x000000073a100000| Untracked 
| 930|0x000000073a200000, 0x000000073a200000, 0x000000073a300000|  0%| F|  |TAMS 0x000000073a200000, 0x000000073a200000| Untracked 
| 931|0x000000073a300000, 0x000000073a300000, 0x000000073a400000|  0%| F|  |TAMS 0x000000073a300000, 0x000000073a300000| Untracked 
| 932|0x000000073a400000, 0x000000073a400000, 0x000000073a500000|  0%| F|  |TAMS 0x000000073a400000, 0x000000073a400000| Untracked 
| 933|0x000000073a500000, 0x000000073a500000, 0x000000073a600000|  0%| F|  |TAMS 0x000000073a500000, 0x000000073a500000| Untracked 
| 934|0x000000073a600000, 0x000000073a600000, 0x000000073a700000|  0%| F|  |TAMS 0x000000073a600000, 0x000000073a600000| Untracked 
| 935|0x000000073a700000, 0x000000073a700000, 0x000000073a800000|  0%| F|  |TAMS 0x000000073a700000, 0x000000073a700000| Untracked 
| 936|0x000000073a800000, 0x000000073a800000, 0x000000073a900000|  0%| F|  |TAMS 0x000000073a800000, 0x000000073a800000| Untracked 
| 937|0x000000073a900000, 0x000000073a900000, 0x000000073aa00000|  0%| F|  |TAMS 0x000000073a900000, 0x000000073a900000| Untracked 
| 938|0x000000073aa00000, 0x000000073aa00000, 0x000000073ab00000|  0%| F|  |TAMS 0x000000073aa00000, 0x000000073aa00000| Untracked 
| 939|0x000000073ab00000, 0x000000073ab00000, 0x000000073ac00000|  0%| F|  |TAMS 0x000000073ab00000, 0x000000073ab00000| Untracked 
| 940|0x000000073ac00000, 0x000000073ac00000, 0x000000073ad00000|  0%| F|  |TAMS 0x000000073ac00000, 0x000000073ac00000| Untracked 
| 941|0x000000073ad00000, 0x000000073ad00000, 0x000000073ae00000|  0%| F|  |TAMS 0x000000073ad00000, 0x000000073ad00000| Untracked 
| 942|0x000000073ae00000, 0x000000073ae00000, 0x000000073af00000|  0%| F|  |TAMS 0x000000073ae00000, 0x000000073ae00000| Untracked 
| 943|0x000000073af00000, 0x000000073af00000, 0x000000073b000000|  0%| F|  |TAMS 0x000000073af00000, 0x000000073af00000| Untracked 
| 944|0x000000073b000000, 0x000000073b000000, 0x000000073b100000|  0%| F|  |TAMS 0x000000073b000000, 0x000000073b000000| Untracked 
| 945|0x000000073b100000, 0x000000073b100000, 0x000000073b200000|  0%| F|  |TAMS 0x000000073b100000, 0x000000073b100000| Untracked 
| 946|0x000000073b200000, 0x000000073b200000, 0x000000073b300000|  0%| F|  |TAMS 0x000000073b200000, 0x000000073b200000| Untracked 
| 947|0x000000073b300000, 0x000000073b300000, 0x000000073b400000|  0%| F|  |TAMS 0x000000073b300000, 0x000000073b300000| Untracked 
| 948|0x000000073b400000, 0x000000073b400000, 0x000000073b500000|  0%| F|  |TAMS 0x000000073b400000, 0x000000073b400000| Untracked 
| 949|0x000000073b500000, 0x000000073b500000, 0x000000073b600000|  0%| F|  |TAMS 0x000000073b500000, 0x000000073b500000| Untracked 
| 950|0x000000073b600000, 0x000000073b600000, 0x000000073b700000|  0%| F|  |TAMS 0x000000073b600000, 0x000000073b600000| Untracked 
| 951|0x000000073b700000, 0x000000073b700000, 0x000000073b800000|  0%| F|  |TAMS 0x000000073b700000, 0x000000073b700000| Untracked 
| 952|0x000000073b800000, 0x000000073b800000, 0x000000073b900000|  0%| F|  |TAMS 0x000000073b800000, 0x000000073b800000| Untracked 
| 953|0x000000073b900000, 0x000000073b900000, 0x000000073ba00000|  0%| F|  |TAMS 0x000000073b900000, 0x000000073b900000| Untracked 
| 954|0x000000073ba00000, 0x000000073ba00000, 0x000000073bb00000|  0%| F|  |TAMS 0x000000073ba00000, 0x000000073ba00000| Untracked 
| 955|0x000000073bb00000, 0x000000073bb00000, 0x000000073bc00000|  0%| F|  |TAMS 0x000000073bb00000, 0x000000073bb00000| Untracked 
| 956|0x000000073bc00000, 0x000000073bc00000, 0x000000073bd00000|  0%| F|  |TAMS 0x000000073bc00000, 0x000000073bc00000| Untracked 
| 957|0x000000073bd00000, 0x000000073bd00000, 0x000000073be00000|  0%| F|  |TAMS 0x000000073bd00000, 0x000000073bd00000| Untracked 
| 958|0x000000073be00000, 0x000000073be00000, 0x000000073bf00000|  0%| F|  |TAMS 0x000000073be00000, 0x000000073be00000| Untracked 
| 959|0x000000073bf00000, 0x000000073bf00000, 0x000000073c000000|  0%| F|  |TAMS 0x000000073bf00000, 0x000000073bf00000| Untracked 
| 960|0x000000073c000000, 0x000000073c000000, 0x000000073c100000|  0%| F|  |TAMS 0x000000073c000000, 0x000000073c000000| Untracked 
| 961|0x000000073c100000, 0x000000073c100000, 0x000000073c200000|  0%| F|  |TAMS 0x000000073c100000, 0x000000073c100000| Untracked 
| 962|0x000000073c200000, 0x000000073c200000, 0x000000073c300000|  0%| F|  |TAMS 0x000000073c200000, 0x000000073c200000| Untracked 
| 963|0x000000073c300000, 0x000000073c300000, 0x000000073c400000|  0%| F|  |TAMS 0x000000073c300000, 0x000000073c300000| Untracked 
| 964|0x000000073c400000, 0x000000073c400000, 0x000000073c500000|  0%| F|  |TAMS 0x000000073c400000, 0x000000073c400000| Untracked 
| 965|0x000000073c500000, 0x000000073c500000, 0x000000073c600000|  0%| F|  |TAMS 0x000000073c500000, 0x000000073c500000| Untracked 
| 966|0x000000073c600000, 0x000000073c600000, 0x000000073c700000|  0%| F|  |TAMS 0x000000073c600000, 0x000000073c600000| Untracked 
| 967|0x000000073c700000, 0x000000073c700000, 0x000000073c800000|  0%| F|  |TAMS 0x000000073c700000, 0x000000073c700000| Untracked 
| 968|0x000000073c800000, 0x000000073c800000, 0x000000073c900000|  0%| F|  |TAMS 0x000000073c800000, 0x000000073c800000| Untracked 
| 969|0x000000073c900000, 0x000000073c900000, 0x000000073ca00000|  0%| F|  |TAMS 0x000000073c900000, 0x000000073c900000| Untracked 
| 970|0x000000073ca00000, 0x000000073ca00000, 0x000000073cb00000|  0%| F|  |TAMS 0x000000073ca00000, 0x000000073ca00000| Untracked 
| 971|0x000000073cb00000, 0x000000073cb00000, 0x000000073cc00000|  0%| F|  |TAMS 0x000000073cb00000, 0x000000073cb00000| Untracked 
| 972|0x000000073cc00000, 0x000000073cc00000, 0x000000073cd00000|  0%| F|  |TAMS 0x000000073cc00000, 0x000000073cc00000| Untracked 
| 973|0x000000073cd00000, 0x000000073cd00000, 0x000000073ce00000|  0%| F|  |TAMS 0x000000073cd00000, 0x000000073cd00000| Untracked 
| 974|0x000000073ce00000, 0x000000073ce00000, 0x000000073cf00000|  0%| F|  |TAMS 0x000000073ce00000, 0x000000073ce00000| Untracked 
| 975|0x000000073cf00000, 0x000000073cf00000, 0x000000073d000000|  0%| F|  |TAMS 0x000000073cf00000, 0x000000073cf00000| Untracked 
| 976|0x000000073d000000, 0x000000073d000000, 0x000000073d100000|  0%| F|  |TAMS 0x000000073d000000, 0x000000073d000000| Untracked 
| 977|0x000000073d100000, 0x000000073d100000, 0x000000073d200000|  0%| F|  |TAMS 0x000000073d100000, 0x000000073d100000| Untracked 
| 978|0x000000073d200000, 0x000000073d200000, 0x000000073d300000|  0%| F|  |TAMS 0x000000073d200000, 0x000000073d200000| Untracked 
| 979|0x000000073d300000, 0x000000073d300000, 0x000000073d400000|  0%| F|  |TAMS 0x000000073d300000, 0x000000073d300000| Untracked 
| 980|0x000000073d400000, 0x000000073d400000, 0x000000073d500000|  0%| F|  |TAMS 0x000000073d400000, 0x000000073d400000| Untracked 
| 981|0x000000073d500000, 0x000000073d500000, 0x000000073d600000|  0%| F|  |TAMS 0x000000073d500000, 0x000000073d500000| Untracked 
| 982|0x000000073d600000, 0x000000073d600000, 0x000000073d700000|  0%| F|  |TAMS 0x000000073d600000, 0x000000073d600000| Untracked 
| 983|0x000000073d700000, 0x000000073d700000, 0x000000073d800000|  0%| F|  |TAMS 0x000000073d700000, 0x000000073d700000| Untracked 
| 984|0x000000073d800000, 0x000000073d800000, 0x000000073d900000|  0%| F|  |TAMS 0x000000073d800000, 0x000000073d800000| Untracked 
| 985|0x000000073d900000, 0x000000073d900000, 0x000000073da00000|  0%| F|  |TAMS 0x000000073d900000, 0x000000073d900000| Untracked 
| 986|0x000000073da00000, 0x000000073da00000, 0x000000073db00000|  0%| F|  |TAMS 0x000000073da00000, 0x000000073da00000| Untracked 
| 987|0x000000073db00000, 0x000000073db00000, 0x000000073dc00000|  0%| F|  |TAMS 0x000000073db00000, 0x000000073db00000| Untracked 
| 988|0x000000073dc00000, 0x000000073dc00000, 0x000000073dd00000|  0%| F|  |TAMS 0x000000073dc00000, 0x000000073dc00000| Untracked 
| 989|0x000000073dd00000, 0x000000073dd00000, 0x000000073de00000|  0%| F|  |TAMS 0x000000073dd00000, 0x000000073dd00000| Untracked 
| 990|0x000000073de00000, 0x000000073de00000, 0x000000073df00000|  0%| F|  |TAMS 0x000000073de00000, 0x000000073de00000| Untracked 
| 991|0x000000073df00000, 0x000000073df00000, 0x000000073e000000|  0%| F|  |TAMS 0x000000073df00000, 0x000000073df00000| Untracked 
| 992|0x000000073e000000, 0x000000073e000000, 0x000000073e100000|  0%| F|  |TAMS 0x000000073e000000, 0x000000073e000000| Untracked 
| 993|0x000000073e100000, 0x000000073e100000, 0x000000073e200000|  0%| F|  |TAMS 0x000000073e100000, 0x000000073e100000| Untracked 
| 994|0x000000073e200000, 0x000000073e200000, 0x000000073e300000|  0%| F|  |TAMS 0x000000073e200000, 0x000000073e200000| Untracked 
| 995|0x000000073e300000, 0x000000073e300000, 0x000000073e400000|  0%| F|  |TAMS 0x000000073e300000, 0x000000073e300000| Untracked 
| 996|0x000000073e400000, 0x000000073e400000, 0x000000073e500000|  0%| F|  |TAMS 0x000000073e400000, 0x000000073e400000| Untracked 
| 997|0x000000073e500000, 0x000000073e500000, 0x000000073e600000|  0%| F|  |TAMS 0x000000073e500000, 0x000000073e500000| Untracked 
| 998|0x000000073e600000, 0x000000073e600000, 0x000000073e700000|  0%| F|  |TAMS 0x000000073e600000, 0x000000073e600000| Untracked 
| 999|0x000000073e700000, 0x000000073e700000, 0x000000073e800000|  0%| F|  |TAMS 0x000000073e700000, 0x000000073e700000| Untracked 
|1000|0x000000073e800000, 0x000000073e800000, 0x000000073e900000|  0%| F|  |TAMS 0x000000073e800000, 0x000000073e800000| Untracked 
|1001|0x000000073e900000, 0x000000073e900000, 0x000000073ea00000|  0%| F|  |TAMS 0x000000073e900000, 0x000000073e900000| Untracked 
|1002|0x000000073ea00000, 0x000000073ea00000, 0x000000073eb00000|  0%| F|  |TAMS 0x000000073ea00000, 0x000000073ea00000| Untracked 
|1003|0x000000073eb00000, 0x000000073eb00000, 0x000000073ec00000|  0%| F|  |TAMS 0x000000073eb00000, 0x000000073eb00000| Untracked 
|1004|0x000000073ec00000, 0x000000073ec00000, 0x000000073ed00000|  0%| F|  |TAMS 0x000000073ec00000, 0x000000073ec00000| Untracked 
|1005|0x000000073ed00000, 0x000000073ed00000, 0x000000073ee00000|  0%| F|  |TAMS 0x000000073ed00000, 0x000000073ed00000| Untracked 
|1006|0x000000073ee00000, 0x000000073ee00000, 0x000000073ef00000|  0%| F|  |TAMS 0x000000073ee00000, 0x000000073ee00000| Untracked 
|1007|0x000000073ef00000, 0x000000073ef00000, 0x000000073f000000|  0%| F|  |TAMS 0x000000073ef00000, 0x000000073ef00000| Untracked 
|1008|0x000000073f000000, 0x000000073f000000, 0x000000073f100000|  0%| F|  |TAMS 0x000000073f000000, 0x000000073f000000| Untracked 
|1009|0x000000073f100000, 0x000000073f100000, 0x000000073f200000|  0%| F|  |TAMS 0x000000073f100000, 0x000000073f100000| Untracked 
|1010|0x000000073f200000, 0x000000073f200000, 0x000000073f300000|  0%| F|  |TAMS 0x000000073f200000, 0x000000073f200000| Untracked 
|1011|0x000000073f300000, 0x000000073f300000, 0x000000073f400000|  0%| F|  |TAMS 0x000000073f300000, 0x000000073f300000| Untracked 
|1012|0x000000073f400000, 0x000000073f400000, 0x000000073f500000|  0%| F|  |TAMS 0x000000073f400000, 0x000000073f400000| Untracked 
|1013|0x000000073f500000, 0x000000073f500000, 0x000000073f600000|  0%| F|  |TAMS 0x000000073f500000, 0x000000073f500000| Untracked 
|1014|0x000000073f600000, 0x000000073f600000, 0x000000073f700000|  0%| F|  |TAMS 0x000000073f600000, 0x000000073f600000| Untracked 
|1015|0x000000073f700000, 0x000000073f700000, 0x000000073f800000|  0%| F|  |TAMS 0x000000073f700000, 0x000000073f700000| Untracked 
|1016|0x000000073f800000, 0x000000073f800000, 0x000000073f900000|  0%| F|  |TAMS 0x000000073f800000, 0x000000073f800000| Untracked 
|1017|0x000000073f900000, 0x000000073f900000, 0x000000073fa00000|  0%| F|  |TAMS 0x000000073f900000, 0x000000073f900000| Untracked 
|1018|0x000000073fa00000, 0x000000073fa00000, 0x000000073fb00000|  0%| F|  |TAMS 0x000000073fa00000, 0x000000073fa00000| Untracked 
|1019|0x000000073fb00000, 0x000000073fb00000, 0x000000073fc00000|  0%| F|  |TAMS 0x000000073fb00000, 0x000000073fb00000| Untracked 
|1020|0x000000073fc00000, 0x000000073fc00000, 0x000000073fd00000|  0%| F|  |TAMS 0x000000073fc00000, 0x000000073fc00000| Untracked 
|1021|0x000000073fd00000, 0x000000073fd00000, 0x000000073fe00000|  0%| F|  |TAMS 0x000000073fd00000, 0x000000073fd00000| Untracked 
|1022|0x000000073fe00000, 0x000000073fe00000, 0x000000073ff00000|  0%| F|  |TAMS 0x000000073fe00000, 0x000000073fe00000| Untracked 
|1023|0x000000073ff00000, 0x000000073ff00000, 0x0000000740000000|  0%| F|  |TAMS 0x000000073ff00000, 0x000000073ff00000| Untracked 
|1024|0x0000000740000000, 0x0000000740000000, 0x0000000740100000|  0%| F|  |TAMS 0x0000000740000000, 0x0000000740000000| Untracked 
|1025|0x0000000740100000, 0x0000000740100000, 0x0000000740200000|  0%| F|  |TAMS 0x0000000740100000, 0x0000000740100000| Untracked 
|1026|0x0000000740200000, 0x0000000740200000, 0x0000000740300000|  0%| F|  |TAMS 0x0000000740200000, 0x0000000740200000| Untracked 
|1027|0x0000000740300000, 0x0000000740300000, 0x0000000740400000|  0%| F|  |TAMS 0x0000000740300000, 0x0000000740300000| Untracked 
|1028|0x0000000740400000, 0x0000000740400000, 0x0000000740500000|  0%| F|  |TAMS 0x0000000740400000, 0x0000000740400000| Untracked 
|1029|0x0000000740500000, 0x0000000740500000, 0x0000000740600000|  0%| F|  |TAMS 0x0000000740500000, 0x0000000740500000| Untracked 
|1030|0x0000000740600000, 0x0000000740600000, 0x0000000740700000|  0%| F|  |TAMS 0x0000000740600000, 0x0000000740600000| Untracked 
|1031|0x0000000740700000, 0x0000000740700000, 0x0000000740800000|  0%| F|  |TAMS 0x0000000740700000, 0x0000000740700000| Untracked 
|1032|0x0000000740800000, 0x0000000740800000, 0x0000000740900000|  0%| F|  |TAMS 0x0000000740800000, 0x0000000740800000| Untracked 
|1033|0x0000000740900000, 0x0000000740900000, 0x0000000740a00000|  0%| F|  |TAMS 0x0000000740900000, 0x0000000740900000| Untracked 
|1034|0x0000000740a00000, 0x0000000740a00000, 0x0000000740b00000|  0%| F|  |TAMS 0x0000000740a00000, 0x0000000740a00000| Untracked 
|1035|0x0000000740b00000, 0x0000000740b00000, 0x0000000740c00000|  0%| F|  |TAMS 0x0000000740b00000, 0x0000000740b00000| Untracked 
|1036|0x0000000740c00000, 0x0000000740c00000, 0x0000000740d00000|  0%| F|  |TAMS 0x0000000740c00000, 0x0000000740c00000| Untracked 
|1037|0x0000000740d00000, 0x0000000740d00000, 0x0000000740e00000|  0%| F|  |TAMS 0x0000000740d00000, 0x0000000740d00000| Untracked 
|1038|0x0000000740e00000, 0x0000000740e00000, 0x0000000740f00000|  0%| F|  |TAMS 0x0000000740e00000, 0x0000000740e00000| Untracked 
|1039|0x0000000740f00000, 0x0000000740f00000, 0x0000000741000000|  0%| F|  |TAMS 0x0000000740f00000, 0x0000000740f00000| Untracked 
|1040|0x0000000741000000, 0x0000000741000000, 0x0000000741100000|  0%| F|  |TAMS 0x0000000741000000, 0x0000000741000000| Untracked 
|1041|0x0000000741100000, 0x0000000741100000, 0x0000000741200000|  0%| F|  |TAMS 0x0000000741100000, 0x0000000741100000| Untracked 
|1042|0x0000000741200000, 0x0000000741200000, 0x0000000741300000|  0%| F|  |TAMS 0x0000000741200000, 0x0000000741200000| Untracked 
|1043|0x0000000741300000, 0x0000000741300000, 0x0000000741400000|  0%| F|  |TAMS 0x0000000741300000, 0x0000000741300000| Untracked 
|1044|0x0000000741400000, 0x0000000741400000, 0x0000000741500000|  0%| F|  |TAMS 0x0000000741400000, 0x0000000741400000| Untracked 
|1045|0x0000000741500000, 0x0000000741500000, 0x0000000741600000|  0%| F|  |TAMS 0x0000000741500000, 0x0000000741500000| Untracked 
|1046|0x0000000741600000, 0x0000000741600000, 0x0000000741700000|  0%| F|  |TAMS 0x0000000741600000, 0x0000000741600000| Untracked 
|1047|0x0000000741700000, 0x0000000741700000, 0x0000000741800000|  0%| F|  |TAMS 0x0000000741700000, 0x0000000741700000| Untracked 
|1048|0x0000000741800000, 0x0000000741800000, 0x0000000741900000|  0%| F|  |TAMS 0x0000000741800000, 0x0000000741800000| Untracked 
|1049|0x0000000741900000, 0x0000000741900000, 0x0000000741a00000|  0%| F|  |TAMS 0x0000000741900000, 0x0000000741900000| Untracked 
|1050|0x0000000741a00000, 0x0000000741a00000, 0x0000000741b00000|  0%| F|  |TAMS 0x0000000741a00000, 0x0000000741a00000| Untracked 
|1051|0x0000000741b00000, 0x0000000741b00000, 0x0000000741c00000|  0%| F|  |TAMS 0x0000000741b00000, 0x0000000741b00000| Untracked 
|1052|0x0000000741c00000, 0x0000000741c00000, 0x0000000741d00000|  0%| F|  |TAMS 0x0000000741c00000, 0x0000000741c00000| Untracked 
|1053|0x0000000741d00000, 0x0000000741d00000, 0x0000000741e00000|  0%| F|  |TAMS 0x0000000741d00000, 0x0000000741d00000| Untracked 
|1054|0x0000000741e00000, 0x0000000741e00000, 0x0000000741f00000|  0%| F|  |TAMS 0x0000000741e00000, 0x0000000741e00000| Untracked 
|1055|0x0000000741f00000, 0x0000000741f00000, 0x0000000742000000|  0%| F|  |TAMS 0x0000000741f00000, 0x0000000741f00000| Untracked 
|1056|0x0000000742000000, 0x0000000742000000, 0x0000000742100000|  0%| F|  |TAMS 0x0000000742000000, 0x0000000742000000| Untracked 
|1057|0x0000000742100000, 0x0000000742100000, 0x0000000742200000|  0%| F|  |TAMS 0x0000000742100000, 0x0000000742100000| Untracked 
|1058|0x0000000742200000, 0x0000000742200000, 0x0000000742300000|  0%| F|  |TAMS 0x0000000742200000, 0x0000000742200000| Untracked 
|1059|0x0000000742300000, 0x0000000742300000, 0x0000000742400000|  0%| F|  |TAMS 0x0000000742300000, 0x0000000742300000| Untracked 
|1060|0x0000000742400000, 0x0000000742400000, 0x0000000742500000|  0%| F|  |TAMS 0x0000000742400000, 0x0000000742400000| Untracked 
|1061|0x0000000742500000, 0x0000000742500000, 0x0000000742600000|  0%| F|  |TAMS 0x0000000742500000, 0x0000000742500000| Untracked 
|1062|0x0000000742600000, 0x0000000742600000, 0x0000000742700000|  0%| F|  |TAMS 0x0000000742600000, 0x0000000742600000| Untracked 
|1063|0x0000000742700000, 0x0000000742700000, 0x0000000742800000|  0%| F|  |TAMS 0x0000000742700000, 0x0000000742700000| Untracked 
|1064|0x0000000742800000, 0x0000000742800000, 0x0000000742900000|  0%| F|  |TAMS 0x0000000742800000, 0x0000000742800000| Untracked 
|1065|0x0000000742900000, 0x0000000742900000, 0x0000000742a00000|  0%| F|  |TAMS 0x0000000742900000, 0x0000000742900000| Untracked 
|1066|0x0000000742a00000, 0x0000000742a00000, 0x0000000742b00000|  0%| F|  |TAMS 0x0000000742a00000, 0x0000000742a00000| Untracked 
|1067|0x0000000742b00000, 0x0000000742b00000, 0x0000000742c00000|  0%| F|  |TAMS 0x0000000742b00000, 0x0000000742b00000| Untracked 
|1068|0x0000000742c00000, 0x0000000742c00000, 0x0000000742d00000|  0%| F|  |TAMS 0x0000000742c00000, 0x0000000742c00000| Untracked 
|1069|0x0000000742d00000, 0x0000000742d00000, 0x0000000742e00000|  0%| F|  |TAMS 0x0000000742d00000, 0x0000000742d00000| Untracked 
|1070|0x0000000742e00000, 0x0000000742e00000, 0x0000000742f00000|  0%| F|  |TAMS 0x0000000742e00000, 0x0000000742e00000| Untracked 
|1071|0x0000000742f00000, 0x0000000742f00000, 0x0000000743000000|  0%| F|  |TAMS 0x0000000742f00000, 0x0000000742f00000| Untracked 
|1072|0x0000000743000000, 0x0000000743000000, 0x0000000743100000|  0%| F|  |TAMS 0x0000000743000000, 0x0000000743000000| Untracked 
|1073|0x0000000743100000, 0x0000000743100000, 0x0000000743200000|  0%| F|  |TAMS 0x0000000743100000, 0x0000000743100000| Untracked 
|1074|0x0000000743200000, 0x0000000743200000, 0x0000000743300000|  0%| F|  |TAMS 0x0000000743200000, 0x0000000743200000| Untracked 
|1075|0x0000000743300000, 0x0000000743300000, 0x0000000743400000|  0%| F|  |TAMS 0x0000000743300000, 0x0000000743300000| Untracked 
|1076|0x0000000743400000, 0x0000000743400000, 0x0000000743500000|  0%| F|  |TAMS 0x0000000743400000, 0x0000000743400000| Untracked 
|1077|0x0000000743500000, 0x0000000743500000, 0x0000000743600000|  0%| F|  |TAMS 0x0000000743500000, 0x0000000743500000| Untracked 
|1078|0x0000000743600000, 0x0000000743600000, 0x0000000743700000|  0%| F|  |TAMS 0x0000000743600000, 0x0000000743600000| Untracked 
|1079|0x0000000743700000, 0x0000000743700000, 0x0000000743800000|  0%| F|  |TAMS 0x0000000743700000, 0x0000000743700000| Untracked 
|1080|0x0000000743800000, 0x0000000743800000, 0x0000000743900000|  0%| F|  |TAMS 0x0000000743800000, 0x0000000743800000| Untracked 
|1081|0x0000000743900000, 0x0000000743900000, 0x0000000743a00000|  0%| F|  |TAMS 0x0000000743900000, 0x0000000743900000| Untracked 
|1082|0x0000000743a00000, 0x0000000743a00000, 0x0000000743b00000|  0%| F|  |TAMS 0x0000000743a00000, 0x0000000743a00000| Untracked 
|1083|0x0000000743b00000, 0x0000000743b00000, 0x0000000743c00000|  0%| F|  |TAMS 0x0000000743b00000, 0x0000000743b00000| Untracked 
|1084|0x0000000743c00000, 0x0000000743c00000, 0x0000000743d00000|  0%| F|  |TAMS 0x0000000743c00000, 0x0000000743c00000| Untracked 
|1085|0x0000000743d00000, 0x0000000743d00000, 0x0000000743e00000|  0%| F|  |TAMS 0x0000000743d00000, 0x0000000743d00000| Untracked 
|1086|0x0000000743e00000, 0x0000000743e00000, 0x0000000743f00000|  0%| F|  |TAMS 0x0000000743e00000, 0x0000000743e00000| Untracked 
|1087|0x0000000743f00000, 0x0000000743f00000, 0x0000000744000000|  0%| F|  |TAMS 0x0000000743f00000, 0x0000000743f00000| Untracked 
|1088|0x0000000744000000, 0x0000000744000000, 0x0000000744100000|  0%| F|  |TAMS 0x0000000744000000, 0x0000000744000000| Untracked 
|1089|0x0000000744100000, 0x0000000744100000, 0x0000000744200000|  0%| F|  |TAMS 0x0000000744100000, 0x0000000744100000| Untracked 
|1090|0x0000000744200000, 0x0000000744200000, 0x0000000744300000|  0%| F|  |TAMS 0x0000000744200000, 0x0000000744200000| Untracked 
|1091|0x0000000744300000, 0x0000000744300000, 0x0000000744400000|  0%| F|  |TAMS 0x0000000744300000, 0x0000000744300000| Untracked 
|1092|0x0000000744400000, 0x0000000744400000, 0x0000000744500000|  0%| F|  |TAMS 0x0000000744400000, 0x0000000744400000| Untracked 
|1093|0x0000000744500000, 0x0000000744500000, 0x0000000744600000|  0%| F|  |TAMS 0x0000000744500000, 0x0000000744500000| Untracked 
|1094|0x0000000744600000, 0x0000000744600000, 0x0000000744700000|  0%| F|  |TAMS 0x0000000744600000, 0x0000000744600000| Untracked 
|1095|0x0000000744700000, 0x0000000744700000, 0x0000000744800000|  0%| F|  |TAMS 0x0000000744700000, 0x0000000744700000| Untracked 
|1096|0x0000000744800000, 0x0000000744800000, 0x0000000744900000|  0%| F|  |TAMS 0x0000000744800000, 0x0000000744800000| Untracked 
|1097|0x0000000744900000, 0x0000000744900000, 0x0000000744a00000|  0%| F|  |TAMS 0x0000000744900000, 0x0000000744900000| Untracked 
|1098|0x0000000744a00000, 0x0000000744a00000, 0x0000000744b00000|  0%| F|  |TAMS 0x0000000744a00000, 0x0000000744a00000| Untracked 
|1099|0x0000000744b00000, 0x0000000744b00000, 0x0000000744c00000|  0%| F|  |TAMS 0x0000000744b00000, 0x0000000744b00000| Untracked 
|1100|0x0000000744c00000, 0x0000000744c00000, 0x0000000744d00000|  0%| F|  |TAMS 0x0000000744c00000, 0x0000000744c00000| Untracked 
|1101|0x0000000744d00000, 0x0000000744d00000, 0x0000000744e00000|  0%| F|  |TAMS 0x0000000744d00000, 0x0000000744d00000| Untracked 
|1102|0x0000000744e00000, 0x0000000744e00000, 0x0000000744f00000|  0%| F|  |TAMS 0x0000000744e00000, 0x0000000744e00000| Untracked 
|1103|0x0000000744f00000, 0x0000000744f00000, 0x0000000745000000|  0%| F|  |TAMS 0x0000000744f00000, 0x0000000744f00000| Untracked 
|1104|0x0000000745000000, 0x0000000745000000, 0x0000000745100000|  0%| F|  |TAMS 0x0000000745000000, 0x0000000745000000| Untracked 
|1105|0x0000000745100000, 0x0000000745100000, 0x0000000745200000|  0%| F|  |TAMS 0x0000000745100000, 0x0000000745100000| Untracked 
|1106|0x0000000745200000, 0x0000000745200000, 0x0000000745300000|  0%| F|  |TAMS 0x0000000745200000, 0x0000000745200000| Untracked 
|1107|0x0000000745300000, 0x0000000745300000, 0x0000000745400000|  0%| F|  |TAMS 0x0000000745300000, 0x0000000745300000| Untracked 
|1108|0x0000000745400000, 0x0000000745400000, 0x0000000745500000|  0%| F|  |TAMS 0x0000000745400000, 0x0000000745400000| Untracked 
|1109|0x0000000745500000, 0x0000000745500000, 0x0000000745600000|  0%| F|  |TAMS 0x0000000745500000, 0x0000000745500000| Untracked 
|1110|0x0000000745600000, 0x0000000745600000, 0x0000000745700000|  0%| F|  |TAMS 0x0000000745600000, 0x0000000745600000| Untracked 
|1111|0x0000000745700000, 0x0000000745700000, 0x0000000745800000|  0%| F|  |TAMS 0x0000000745700000, 0x0000000745700000| Untracked 
|1112|0x0000000745800000, 0x0000000745800000, 0x0000000745900000|  0%| F|  |TAMS 0x0000000745800000, 0x0000000745800000| Untracked 
|1113|0x0000000745900000, 0x0000000745900000, 0x0000000745a00000|  0%| F|  |TAMS 0x0000000745900000, 0x0000000745900000| Untracked 
|1114|0x0000000745a00000, 0x0000000745a00000, 0x0000000745b00000|  0%| F|  |TAMS 0x0000000745a00000, 0x0000000745a00000| Untracked 
|1115|0x0000000745b00000, 0x0000000745b00000, 0x0000000745c00000|  0%| F|  |TAMS 0x0000000745b00000, 0x0000000745b00000| Untracked 
|1116|0x0000000745c00000, 0x0000000745c00000, 0x0000000745d00000|  0%| F|  |TAMS 0x0000000745c00000, 0x0000000745c00000| Untracked 
|1117|0x0000000745d00000, 0x0000000745d00000, 0x0000000745e00000|  0%| F|  |TAMS 0x0000000745d00000, 0x0000000745d00000| Untracked 
|1118|0x0000000745e00000, 0x0000000745e00000, 0x0000000745f00000|  0%| F|  |TAMS 0x0000000745e00000, 0x0000000745e00000| Untracked 
|1119|0x0000000745f00000, 0x0000000745f00000, 0x0000000746000000|  0%| F|  |TAMS 0x0000000745f00000, 0x0000000745f00000| Untracked 
|1120|0x0000000746000000, 0x0000000746000000, 0x0000000746100000|  0%| F|  |TAMS 0x0000000746000000, 0x0000000746000000| Untracked 
|1121|0x0000000746100000, 0x0000000746100000, 0x0000000746200000|  0%| F|  |TAMS 0x0000000746100000, 0x0000000746100000| Untracked 
|1122|0x0000000746200000, 0x0000000746200000, 0x0000000746300000|  0%| F|  |TAMS 0x0000000746200000, 0x0000000746200000| Untracked 
|1123|0x0000000746300000, 0x0000000746300000, 0x0000000746400000|  0%| F|  |TAMS 0x0000000746300000, 0x0000000746300000| Untracked 
|1124|0x0000000746400000, 0x0000000746400000, 0x0000000746500000|  0%| F|  |TAMS 0x0000000746400000, 0x0000000746400000| Untracked 
|1125|0x0000000746500000, 0x0000000746500000, 0x0000000746600000|  0%| F|  |TAMS 0x0000000746500000, 0x0000000746500000| Untracked 
|1126|0x0000000746600000, 0x0000000746600000, 0x0000000746700000|  0%| F|  |TAMS 0x0000000746600000, 0x0000000746600000| Untracked 
|1127|0x0000000746700000, 0x0000000746700000, 0x0000000746800000|  0%| F|  |TAMS 0x0000000746700000, 0x0000000746700000| Untracked 
|1128|0x0000000746800000, 0x0000000746800000, 0x0000000746900000|  0%| F|  |TAMS 0x0000000746800000, 0x0000000746800000| Untracked 
|1129|0x0000000746900000, 0x0000000746900000, 0x0000000746a00000|  0%| F|  |TAMS 0x0000000746900000, 0x0000000746900000| Untracked 
|1130|0x0000000746a00000, 0x0000000746a00000, 0x0000000746b00000|  0%| F|  |TAMS 0x0000000746a00000, 0x0000000746a00000| Untracked 
|1131|0x0000000746b00000, 0x0000000746b00000, 0x0000000746c00000|  0%| F|  |TAMS 0x0000000746b00000, 0x0000000746b00000| Untracked 
|1132|0x0000000746c00000, 0x0000000746c00000, 0x0000000746d00000|  0%| F|  |TAMS 0x0000000746c00000, 0x0000000746c00000| Untracked 
|1133|0x0000000746d00000, 0x0000000746d00000, 0x0000000746e00000|  0%| F|  |TAMS 0x0000000746d00000, 0x0000000746d00000| Untracked 
|1134|0x0000000746e00000, 0x0000000746e00000, 0x0000000746f00000|  0%| F|  |TAMS 0x0000000746e00000, 0x0000000746e00000| Untracked 
|1135|0x0000000746f00000, 0x0000000746f00000, 0x0000000747000000|  0%| F|  |TAMS 0x0000000746f00000, 0x0000000746f00000| Untracked 
|1136|0x0000000747000000, 0x0000000747000000, 0x0000000747100000|  0%| F|  |TAMS 0x0000000747000000, 0x0000000747000000| Untracked 
|1137|0x0000000747100000, 0x0000000747100000, 0x0000000747200000|  0%| F|  |TAMS 0x0000000747100000, 0x0000000747100000| Untracked 
|1138|0x0000000747200000, 0x0000000747200000, 0x0000000747300000|  0%| F|  |TAMS 0x0000000747200000, 0x0000000747200000| Untracked 
|1139|0x0000000747300000, 0x0000000747300000, 0x0000000747400000|  0%| F|  |TAMS 0x0000000747300000, 0x0000000747300000| Untracked 
|1140|0x0000000747400000, 0x0000000747400000, 0x0000000747500000|  0%| F|  |TAMS 0x0000000747400000, 0x0000000747400000| Untracked 
|1141|0x0000000747500000, 0x0000000747500000, 0x0000000747600000|  0%| F|  |TAMS 0x0000000747500000, 0x0000000747500000| Untracked 
|1142|0x0000000747600000, 0x0000000747600000, 0x0000000747700000|  0%| F|  |TAMS 0x0000000747600000, 0x0000000747600000| Untracked 
|1143|0x0000000747700000, 0x0000000747700000, 0x0000000747800000|  0%| F|  |TAMS 0x0000000747700000, 0x0000000747700000| Untracked 
|1144|0x0000000747800000, 0x0000000747800000, 0x0000000747900000|  0%| F|  |TAMS 0x0000000747800000, 0x0000000747800000| Untracked 
|1145|0x0000000747900000, 0x0000000747900000, 0x0000000747a00000|  0%| F|  |TAMS 0x0000000747900000, 0x0000000747900000| Untracked 
|1146|0x0000000747a00000, 0x0000000747a00000, 0x0000000747b00000|  0%| F|  |TAMS 0x0000000747a00000, 0x0000000747a00000| Untracked 
|1147|0x0000000747b00000, 0x0000000747b00000, 0x0000000747c00000|  0%| F|  |TAMS 0x0000000747b00000, 0x0000000747b00000| Untracked 
|1148|0x0000000747c00000, 0x0000000747c00000, 0x0000000747d00000|  0%| F|  |TAMS 0x0000000747c00000, 0x0000000747c00000| Untracked 
|1149|0x0000000747d00000, 0x0000000747d00000, 0x0000000747e00000|  0%| F|  |TAMS 0x0000000747d00000, 0x0000000747d00000| Untracked 
|1150|0x0000000747e00000, 0x0000000747e00000, 0x0000000747f00000|  0%| F|  |TAMS 0x0000000747e00000, 0x0000000747e00000| Untracked 
|1151|0x0000000747f00000, 0x0000000747f00000, 0x0000000748000000|  0%| F|  |TAMS 0x0000000747f00000, 0x0000000747f00000| Untracked 
|1152|0x0000000748000000, 0x0000000748000000, 0x0000000748100000|  0%| F|  |TAMS 0x0000000748000000, 0x0000000748000000| Untracked 
|1153|0x0000000748100000, 0x0000000748100000, 0x0000000748200000|  0%| F|  |TAMS 0x0000000748100000, 0x0000000748100000| Untracked 
|1154|0x0000000748200000, 0x0000000748200000, 0x0000000748300000|  0%| F|  |TAMS 0x0000000748200000, 0x0000000748200000| Untracked 
|1155|0x0000000748300000, 0x0000000748300000, 0x0000000748400000|  0%| F|  |TAMS 0x0000000748300000, 0x0000000748300000| Untracked 
|1156|0x0000000748400000, 0x0000000748400000, 0x0000000748500000|  0%| F|  |TAMS 0x0000000748400000, 0x0000000748400000| Untracked 
|1157|0x0000000748500000, 0x0000000748500000, 0x0000000748600000|  0%| F|  |TAMS 0x0000000748500000, 0x0000000748500000| Untracked 
|1158|0x0000000748600000, 0x0000000748600000, 0x0000000748700000|  0%| F|  |TAMS 0x0000000748600000, 0x0000000748600000| Untracked 
|1159|0x0000000748700000, 0x0000000748700000, 0x0000000748800000|  0%| F|  |TAMS 0x0000000748700000, 0x0000000748700000| Untracked 
|1160|0x0000000748800000, 0x0000000748800000, 0x0000000748900000|  0%| F|  |TAMS 0x0000000748800000, 0x0000000748800000| Untracked 
|1161|0x0000000748900000, 0x0000000748900000, 0x0000000748a00000|  0%| F|  |TAMS 0x0000000748900000, 0x0000000748900000| Untracked 
|1162|0x0000000748a00000, 0x0000000748a00000, 0x0000000748b00000|  0%| F|  |TAMS 0x0000000748a00000, 0x0000000748a00000| Untracked 
|1163|0x0000000748b00000, 0x0000000748b00000, 0x0000000748c00000|  0%| F|  |TAMS 0x0000000748b00000, 0x0000000748b00000| Untracked 
|1164|0x0000000748c00000, 0x0000000748c00000, 0x0000000748d00000|  0%| F|  |TAMS 0x0000000748c00000, 0x0000000748c00000| Untracked 
|1165|0x0000000748d00000, 0x0000000748d00000, 0x0000000748e00000|  0%| F|  |TAMS 0x0000000748d00000, 0x0000000748d00000| Untracked 
|1166|0x0000000748e00000, 0x0000000748e00000, 0x0000000748f00000|  0%| F|  |TAMS 0x0000000748e00000, 0x0000000748e00000| Untracked 
|1167|0x0000000748f00000, 0x0000000748f00000, 0x0000000749000000|  0%| F|  |TAMS 0x0000000748f00000, 0x0000000748f00000| Untracked 
|1168|0x0000000749000000, 0x0000000749000000, 0x0000000749100000|  0%| F|  |TAMS 0x0000000749000000, 0x0000000749000000| Untracked 
|1169|0x0000000749100000, 0x0000000749100000, 0x0000000749200000|  0%| F|  |TAMS 0x0000000749100000, 0x0000000749100000| Untracked 
|1170|0x0000000749200000, 0x0000000749200000, 0x0000000749300000|  0%| F|  |TAMS 0x0000000749200000, 0x0000000749200000| Untracked 
|1171|0x0000000749300000, 0x0000000749300000, 0x0000000749400000|  0%| F|  |TAMS 0x0000000749300000, 0x0000000749300000| Untracked 
|1172|0x0000000749400000, 0x0000000749400000, 0x0000000749500000|  0%| F|  |TAMS 0x0000000749400000, 0x0000000749400000| Untracked 
|1173|0x0000000749500000, 0x0000000749500000, 0x0000000749600000|  0%| F|  |TAMS 0x0000000749500000, 0x0000000749500000| Untracked 
|1174|0x0000000749600000, 0x0000000749600000, 0x0000000749700000|  0%| F|  |TAMS 0x0000000749600000, 0x0000000749600000| Untracked 
|1175|0x0000000749700000, 0x0000000749800000, 0x0000000749800000|100%| S|CS|TAMS 0x0000000749700000, 0x0000000749700000| Complete 
|1176|0x0000000749800000, 0x0000000749900000, 0x0000000749900000|100%| S|CS|TAMS 0x0000000749800000, 0x0000000749800000| Complete 
|1177|0x0000000749900000, 0x0000000749a00000, 0x0000000749a00000|100%| S|CS|TAMS 0x0000000749900000, 0x0000000749900000| Complete 
|1178|0x0000000749a00000, 0x0000000749b00000, 0x0000000749b00000|100%| S|CS|TAMS 0x0000000749a00000, 0x0000000749a00000| Complete 
|1179|0x0000000749b00000, 0x0000000749b00000, 0x0000000749c00000|  0%| F|  |TAMS 0x0000000749b00000, 0x0000000749b00000| Untracked 
|1180|0x0000000749c00000, 0x0000000749c00000, 0x0000000749d00000|  0%| F|  |TAMS 0x0000000749c00000, 0x0000000749c00000| Untracked 
|1181|0x0000000749d00000, 0x0000000749d00000, 0x0000000749e00000|  0%| F|  |TAMS 0x0000000749d00000, 0x0000000749d00000| Untracked 
|1182|0x0000000749e00000, 0x0000000749e00000, 0x0000000749f00000|  0%| F|  |TAMS 0x0000000749e00000, 0x0000000749e00000| Untracked 
|1183|0x0000000749f00000, 0x0000000749f00000, 0x000000074a000000|  0%| F|  |TAMS 0x0000000749f00000, 0x0000000749f00000| Untracked 
|1184|0x000000074a000000, 0x000000074a000000, 0x000000074a100000|  0%| F|  |TAMS 0x000000074a000000, 0x000000074a000000| Untracked 
|1185|0x000000074a100000, 0x000000074a100000, 0x000000074a200000|  0%| F|  |TAMS 0x000000074a100000, 0x000000074a100000| Untracked 
|1186|0x000000074a200000, 0x000000074a200000, 0x000000074a300000|  0%| F|  |TAMS 0x000000074a200000, 0x000000074a200000| Untracked 
|1187|0x000000074a300000, 0x000000074a300000, 0x000000074a400000|  0%| F|  |TAMS 0x000000074a300000, 0x000000074a300000| Untracked 
|1188|0x000000074a400000, 0x000000074a400000, 0x000000074a500000|  0%| F|  |TAMS 0x000000074a400000, 0x000000074a400000| Untracked 
|1189|0x000000074a500000, 0x000000074a500000, 0x000000074a600000|  0%| F|  |TAMS 0x000000074a500000, 0x000000074a500000| Untracked 
|1190|0x000000074a600000, 0x000000074a600000, 0x000000074a700000|  0%| F|  |TAMS 0x000000074a600000, 0x000000074a600000| Untracked 
|1191|0x000000074a700000, 0x000000074a700000, 0x000000074a800000|  0%| F|  |TAMS 0x000000074a700000, 0x000000074a700000| Untracked 
|1192|0x000000074a800000, 0x000000074a800000, 0x000000074a900000|  0%| F|  |TAMS 0x000000074a800000, 0x000000074a800000| Untracked 
|1193|0x000000074a900000, 0x000000074a900000, 0x000000074aa00000|  0%| F|  |TAMS 0x000000074a900000, 0x000000074a900000| Untracked 
|1194|0x000000074aa00000, 0x000000074aa00000, 0x000000074ab00000|  0%| F|  |TAMS 0x000000074aa00000, 0x000000074aa00000| Untracked 
|1195|0x000000074ab00000, 0x000000074ab00000, 0x000000074ac00000|  0%| F|  |TAMS 0x000000074ab00000, 0x000000074ab00000| Untracked 
|1196|0x000000074ac00000, 0x000000074ac00000, 0x000000074ad00000|  0%| F|  |TAMS 0x000000074ac00000, 0x000000074ac00000| Untracked 
|1197|0x000000074ad00000, 0x000000074ad00000, 0x000000074ae00000|  0%| F|  |TAMS 0x000000074ad00000, 0x000000074ad00000| Untracked 
|1198|0x000000074ae00000, 0x000000074ae00000, 0x000000074af00000|  0%| F|  |TAMS 0x000000074ae00000, 0x000000074ae00000| Untracked 
|1199|0x000000074af00000, 0x000000074af00000, 0x000000074b000000|  0%| F|  |TAMS 0x000000074af00000, 0x000000074af00000| Untracked 
|1200|0x000000074b000000, 0x000000074b000000, 0x000000074b100000|  0%| F|  |TAMS 0x000000074b000000, 0x000000074b000000| Untracked 
|1201|0x000000074b100000, 0x000000074b100000, 0x000000074b200000|  0%| F|  |TAMS 0x000000074b100000, 0x000000074b100000| Untracked 
|1202|0x000000074b200000, 0x000000074b200000, 0x000000074b300000|  0%| F|  |TAMS 0x000000074b200000, 0x000000074b200000| Untracked 
|1203|0x000000074b300000, 0x000000074b300000, 0x000000074b400000|  0%| F|  |TAMS 0x000000074b300000, 0x000000074b300000| Untracked 
|1204|0x000000074b400000, 0x000000074b400000, 0x000000074b500000|  0%| F|  |TAMS 0x000000074b400000, 0x000000074b400000| Untracked 
|1205|0x000000074b500000, 0x000000074b500000, 0x000000074b600000|  0%| F|  |TAMS 0x000000074b500000, 0x000000074b500000| Untracked 
|1206|0x000000074b600000, 0x000000074b600000, 0x000000074b700000|  0%| F|  |TAMS 0x000000074b600000, 0x000000074b600000| Untracked 
|1207|0x000000074b700000, 0x000000074b700000, 0x000000074b800000|  0%| F|  |TAMS 0x000000074b700000, 0x000000074b700000| Untracked 
|1208|0x000000074b800000, 0x000000074b800000, 0x000000074b900000|  0%| F|  |TAMS 0x000000074b800000, 0x000000074b800000| Untracked 
|1209|0x000000074b900000, 0x000000074b900000, 0x000000074ba00000|  0%| F|  |TAMS 0x000000074b900000, 0x000000074b900000| Untracked 
|1210|0x000000074ba00000, 0x000000074ba00000, 0x000000074bb00000|  0%| F|  |TAMS 0x000000074ba00000, 0x000000074ba00000| Untracked 
|1211|0x000000074bb00000, 0x000000074bb00000, 0x000000074bc00000|  0%| F|  |TAMS 0x000000074bb00000, 0x000000074bb00000| Untracked 
|1212|0x000000074bc00000, 0x000000074bc00000, 0x000000074bd00000|  0%| F|  |TAMS 0x000000074bc00000, 0x000000074bc00000| Untracked 
|1213|0x000000074bd00000, 0x000000074bd00000, 0x000000074be00000|  0%| F|  |TAMS 0x000000074bd00000, 0x000000074bd00000| Untracked 
|1214|0x000000074be00000, 0x000000074be00000, 0x000000074bf00000|  0%| F|  |TAMS 0x000000074be00000, 0x000000074be00000| Untracked 
|1215|0x000000074bf00000, 0x000000074bf00000, 0x000000074c000000|  0%| F|  |TAMS 0x000000074bf00000, 0x000000074bf00000| Untracked 
|1216|0x000000074c000000, 0x000000074c000000, 0x000000074c100000|  0%| F|  |TAMS 0x000000074c000000, 0x000000074c000000| Untracked 
|1217|0x000000074c100000, 0x000000074c100000, 0x000000074c200000|  0%| F|  |TAMS 0x000000074c100000, 0x000000074c100000| Untracked 
|1218|0x000000074c200000, 0x000000074c200000, 0x000000074c300000|  0%| F|  |TAMS 0x000000074c200000, 0x000000074c200000| Untracked 
|1219|0x000000074c300000, 0x000000074c300000, 0x000000074c400000|  0%| F|  |TAMS 0x000000074c300000, 0x000000074c300000| Untracked 
|1220|0x000000074c400000, 0x000000074c400000, 0x000000074c500000|  0%| F|  |TAMS 0x000000074c400000, 0x000000074c400000| Untracked 
|1221|0x000000074c500000, 0x000000074c500000, 0x000000074c600000|  0%| F|  |TAMS 0x000000074c500000, 0x000000074c500000| Untracked 
|1222|0x000000074c600000, 0x000000074c600000, 0x000000074c700000|  0%| F|  |TAMS 0x000000074c600000, 0x000000074c600000| Untracked 
|1223|0x000000074c700000, 0x000000074c700000, 0x000000074c800000|  0%| F|  |TAMS 0x000000074c700000, 0x000000074c700000| Untracked 
|1224|0x000000074c800000, 0x000000074c800000, 0x000000074c900000|  0%| F|  |TAMS 0x000000074c800000, 0x000000074c800000| Untracked 
|1225|0x000000074c900000, 0x000000074c900000, 0x000000074ca00000|  0%| F|  |TAMS 0x000000074c900000, 0x000000074c900000| Untracked 
|1226|0x000000074ca00000, 0x000000074ca00000, 0x000000074cb00000|  0%| F|  |TAMS 0x000000074ca00000, 0x000000074ca00000| Untracked 
|1227|0x000000074cb00000, 0x000000074cb00000, 0x000000074cc00000|  0%| F|  |TAMS 0x000000074cb00000, 0x000000074cb00000| Untracked 
|1228|0x000000074cc00000, 0x000000074cc00000, 0x000000074cd00000|  0%| F|  |TAMS 0x000000074cc00000, 0x000000074cc00000| Untracked 
|1229|0x000000074cd00000, 0x000000074cd00000, 0x000000074ce00000|  0%| F|  |TAMS 0x000000074cd00000, 0x000000074cd00000| Untracked 
|1230|0x000000074ce00000, 0x000000074ce00000, 0x000000074cf00000|  0%| F|  |TAMS 0x000000074ce00000, 0x000000074ce00000| Untracked 
|1231|0x000000074cf00000, 0x000000074cf00000, 0x000000074d000000|  0%| F|  |TAMS 0x000000074cf00000, 0x000000074cf00000| Untracked 
|1232|0x000000074d000000, 0x000000074d000000, 0x000000074d100000|  0%| F|  |TAMS 0x000000074d000000, 0x000000074d000000| Untracked 
|1233|0x000000074d100000, 0x000000074d100000, 0x000000074d200000|  0%| F|  |TAMS 0x000000074d100000, 0x000000074d100000| Untracked 
|1234|0x000000074d200000, 0x000000074d200000, 0x000000074d300000|  0%| F|  |TAMS 0x000000074d200000, 0x000000074d200000| Untracked 
|1235|0x000000074d300000, 0x000000074d300000, 0x000000074d400000|  0%| F|  |TAMS 0x000000074d300000, 0x000000074d300000| Untracked 
|1236|0x000000074d400000, 0x000000074d400000, 0x000000074d500000|  0%| F|  |TAMS 0x000000074d400000, 0x000000074d400000| Untracked 
|1237|0x000000074d500000, 0x000000074d500000, 0x000000074d600000|  0%| F|  |TAMS 0x000000074d500000, 0x000000074d500000| Untracked 
|1238|0x000000074d600000, 0x000000074d600000, 0x000000074d700000|  0%| F|  |TAMS 0x000000074d600000, 0x000000074d600000| Untracked 
|1239|0x000000074d700000, 0x000000074d700000, 0x000000074d800000|  0%| F|  |TAMS 0x000000074d700000, 0x000000074d700000| Untracked 
|1240|0x000000074d800000, 0x000000074d800000, 0x000000074d900000|  0%| F|  |TAMS 0x000000074d800000, 0x000000074d800000| Untracked 
|1241|0x000000074d900000, 0x000000074d900000, 0x000000074da00000|  0%| F|  |TAMS 0x000000074d900000, 0x000000074d900000| Untracked 
|1242|0x000000074da00000, 0x000000074da00000, 0x000000074db00000|  0%| F|  |TAMS 0x000000074da00000, 0x000000074da00000| Untracked 
|1243|0x000000074db00000, 0x000000074db00000, 0x000000074dc00000|  0%| F|  |TAMS 0x000000074db00000, 0x000000074db00000| Untracked 
|1244|0x000000074dc00000, 0x000000074dd00000, 0x000000074dd00000|100%| S|CS|TAMS 0x000000074dc00000, 0x000000074dc00000| Complete 
|1245|0x000000074dd00000, 0x000000074de00000, 0x000000074de00000|100%| S|CS|TAMS 0x000000074dd00000, 0x000000074dd00000| Complete 
|1246|0x000000074de00000, 0x000000074df00000, 0x000000074df00000|100%| S|CS|TAMS 0x000000074de00000, 0x000000074de00000| Complete 
|1247|0x000000074df00000, 0x000000074e000000, 0x000000074e000000|100%| S|CS|TAMS 0x000000074df00000, 0x000000074df00000| Complete 
|1248|0x000000074e000000, 0x000000074e100000, 0x000000074e100000|100%| S|CS|TAMS 0x000000074e000000, 0x000000074e000000| Complete 
|1249|0x000000074e100000, 0x000000074e200000, 0x000000074e200000|100%| S|CS|TAMS 0x000000074e100000, 0x000000074e100000| Complete 
|1250|0x000000074e200000, 0x000000074e300000, 0x000000074e300000|100%| S|CS|TAMS 0x000000074e200000, 0x000000074e200000| Complete 
|1251|0x000000074e300000, 0x000000074e400000, 0x000000074e400000|100%| S|CS|TAMS 0x000000074e300000, 0x000000074e300000| Complete 
|1252|0x000000074e400000, 0x000000074e500000, 0x000000074e500000|100%| S|CS|TAMS 0x000000074e400000, 0x000000074e400000| Complete 
|1253|0x000000074e500000, 0x000000074e600000, 0x000000074e600000|100%| S|CS|TAMS 0x000000074e500000, 0x000000074e500000| Complete 
|1254|0x000000074e600000, 0x000000074e700000, 0x000000074e700000|100%| S|CS|TAMS 0x000000074e600000, 0x000000074e600000| Complete 
|1255|0x000000074e700000, 0x000000074e800000, 0x000000074e800000|100%| S|CS|TAMS 0x000000074e700000, 0x000000074e700000| Complete 
|1256|0x000000074e800000, 0x000000074e900000, 0x000000074e900000|100%| S|CS|TAMS 0x000000074e800000, 0x000000074e800000| Complete 
|1257|0x000000074e900000, 0x000000074ea00000, 0x000000074ea00000|100%| S|CS|TAMS 0x000000074e900000, 0x000000074e900000| Complete 
|1258|0x000000074ea00000, 0x000000074eb00000, 0x000000074eb00000|100%| S|CS|TAMS 0x000000074ea00000, 0x000000074ea00000| Complete 
|1259|0x000000074eb00000, 0x000000074ec00000, 0x000000074ec00000|100%| S|CS|TAMS 0x000000074eb00000, 0x000000074eb00000| Complete 
|1260|0x000000074ec00000, 0x000000074ec00000, 0x000000074ed00000|  0%| F|  |TAMS 0x000000074ec00000, 0x000000074ec00000| Untracked 
|1261|0x000000074ed00000, 0x000000074ed00000, 0x000000074ee00000|  0%| F|  |TAMS 0x000000074ed00000, 0x000000074ed00000| Untracked 
|1262|0x000000074ee00000, 0x000000074ee00000, 0x000000074ef00000|  0%| F|  |TAMS 0x000000074ee00000, 0x000000074ee00000| Untracked 
|1263|0x000000074ef00000, 0x000000074ef00000, 0x000000074f000000|  0%| F|  |TAMS 0x000000074ef00000, 0x000000074ef00000| Untracked 
|1264|0x000000074f000000, 0x000000074f000000, 0x000000074f100000|  0%| F|  |TAMS 0x000000074f000000, 0x000000074f000000| Untracked 
|1265|0x000000074f100000, 0x000000074f100000, 0x000000074f200000|  0%| F|  |TAMS 0x000000074f100000, 0x000000074f100000| Untracked 
|1266|0x000000074f200000, 0x000000074f200000, 0x000000074f300000|  0%| F|  |TAMS 0x000000074f200000, 0x000000074f200000| Untracked 
|1267|0x000000074f300000, 0x000000074f300000, 0x000000074f400000|  0%| F|  |TAMS 0x000000074f300000, 0x000000074f300000| Untracked 
|1268|0x000000074f400000, 0x000000074f400000, 0x000000074f500000|  0%| F|  |TAMS 0x000000074f400000, 0x000000074f400000| Untracked 
|1269|0x000000074f500000, 0x000000074f500000, 0x000000074f600000|  0%| F|  |TAMS 0x000000074f500000, 0x000000074f500000| Untracked 
|1270|0x000000074f600000, 0x000000074f600000, 0x000000074f700000|  0%| F|  |TAMS 0x000000074f600000, 0x000000074f600000| Untracked 
|1271|0x000000074f700000, 0x000000074f700000, 0x000000074f800000|  0%| F|  |TAMS 0x000000074f700000, 0x000000074f700000| Untracked 
|1272|0x000000074f800000, 0x000000074f800000, 0x000000074f900000|  0%| F|  |TAMS 0x000000074f800000, 0x000000074f800000| Untracked 
|1273|0x000000074f900000, 0x000000074f900000, 0x000000074fa00000|  0%| F|  |TAMS 0x000000074f900000, 0x000000074f900000| Untracked 
|1274|0x000000074fa00000, 0x000000074fa00000, 0x000000074fb00000|  0%| F|  |TAMS 0x000000074fa00000, 0x000000074fa00000| Untracked 
|1275|0x000000074fb00000, 0x000000074fb00000, 0x000000074fc00000|  0%| F|  |TAMS 0x000000074fb00000, 0x000000074fb00000| Untracked 
|1276|0x000000074fc00000, 0x000000074fc00000, 0x000000074fd00000|  0%| F|  |TAMS 0x000000074fc00000, 0x000000074fc00000| Untracked 
|1277|0x000000074fd00000, 0x000000074fd00000, 0x000000074fe00000|  0%| F|  |TAMS 0x000000074fd00000, 0x000000074fd00000| Untracked 
|1278|0x000000074fe00000, 0x000000074fe00000, 0x000000074ff00000|  0%| F|  |TAMS 0x000000074fe00000, 0x000000074fe00000| Untracked 
|1279|0x000000074ff00000, 0x000000074ff00000, 0x0000000750000000|  0%| F|  |TAMS 0x000000074ff00000, 0x000000074ff00000| Untracked 
|1280|0x0000000750000000, 0x0000000750000000, 0x0000000750100000|  0%| F|  |TAMS 0x0000000750000000, 0x0000000750000000| Untracked 
|1281|0x0000000750100000, 0x0000000750100000, 0x0000000750200000|  0%| F|  |TAMS 0x0000000750100000, 0x0000000750100000| Untracked 
|1282|0x0000000750200000, 0x0000000750200000, 0x0000000750300000|  0%| F|  |TAMS 0x0000000750200000, 0x0000000750200000| Untracked 
|1283|0x0000000750300000, 0x0000000750300000, 0x0000000750400000|  0%| F|  |TAMS 0x0000000750300000, 0x0000000750300000| Untracked 
|1284|0x0000000750400000, 0x0000000750400000, 0x0000000750500000|  0%| F|  |TAMS 0x0000000750400000, 0x0000000750400000| Untracked 
|1285|0x0000000750500000, 0x0000000750500000, 0x0000000750600000|  0%| F|  |TAMS 0x0000000750500000, 0x0000000750500000| Untracked 
|1286|0x0000000750600000, 0x0000000750600000, 0x0000000750700000|  0%| F|  |TAMS 0x0000000750600000, 0x0000000750600000| Untracked 
|1287|0x0000000750700000, 0x0000000750700000, 0x0000000750800000|  0%| F|  |TAMS 0x0000000750700000, 0x0000000750700000| Untracked 
|1288|0x0000000750800000, 0x0000000750800000, 0x0000000750900000|  0%| F|  |TAMS 0x0000000750800000, 0x0000000750800000| Untracked 
|1289|0x0000000750900000, 0x0000000750900000, 0x0000000750a00000|  0%| F|  |TAMS 0x0000000750900000, 0x0000000750900000| Untracked 
|1290|0x0000000750a00000, 0x0000000750a00000, 0x0000000750b00000|  0%| F|  |TAMS 0x0000000750a00000, 0x0000000750a00000| Untracked 
|1291|0x0000000750b00000, 0x0000000750b00000, 0x0000000750c00000|  0%| F|  |TAMS 0x0000000750b00000, 0x0000000750b00000| Untracked 
|1292|0x0000000750c00000, 0x0000000750c00000, 0x0000000750d00000|  0%| F|  |TAMS 0x0000000750c00000, 0x0000000750c00000| Untracked 
|1293|0x0000000750d00000, 0x0000000750d00000, 0x0000000750e00000|  0%| F|  |TAMS 0x0000000750d00000, 0x0000000750d00000| Untracked 
|1294|0x0000000750e00000, 0x0000000750e00000, 0x0000000750f00000|  0%| F|  |TAMS 0x0000000750e00000, 0x0000000750e00000| Untracked 
|1295|0x0000000750f00000, 0x0000000750f00000, 0x0000000751000000|  0%| F|  |TAMS 0x0000000750f00000, 0x0000000750f00000| Untracked 
|1296|0x0000000751000000, 0x0000000751000000, 0x0000000751100000|  0%| F|  |TAMS 0x0000000751000000, 0x0000000751000000| Untracked 
|1297|0x0000000751100000, 0x0000000751100000, 0x0000000751200000|  0%| F|  |TAMS 0x0000000751100000, 0x0000000751100000| Untracked 
|1298|0x0000000751200000, 0x0000000751200000, 0x0000000751300000|  0%| F|  |TAMS 0x0000000751200000, 0x0000000751200000| Untracked 
|1299|0x0000000751300000, 0x0000000751300000, 0x0000000751400000|  0%| F|  |TAMS 0x0000000751300000, 0x0000000751300000| Untracked 
|1300|0x0000000751400000, 0x0000000751400000, 0x0000000751500000|  0%| F|  |TAMS 0x0000000751400000, 0x0000000751400000| Untracked 
|1301|0x0000000751500000, 0x0000000751500000, 0x0000000751600000|  0%| F|  |TAMS 0x0000000751500000, 0x0000000751500000| Untracked 
|1302|0x0000000751600000, 0x0000000751600000, 0x0000000751700000|  0%| F|  |TAMS 0x0000000751600000, 0x0000000751600000| Untracked 
|1303|0x0000000751700000, 0x0000000751700000, 0x0000000751800000|  0%| F|  |TAMS 0x0000000751700000, 0x0000000751700000| Untracked 
|1304|0x0000000751800000, 0x0000000751800000, 0x0000000751900000|  0%| F|  |TAMS 0x0000000751800000, 0x0000000751800000| Untracked 
|1305|0x0000000751900000, 0x0000000751900000, 0x0000000751a00000|  0%| F|  |TAMS 0x0000000751900000, 0x0000000751900000| Untracked 
|1306|0x0000000751a00000, 0x0000000751a00000, 0x0000000751b00000|  0%| F|  |TAMS 0x0000000751a00000, 0x0000000751a00000| Untracked 
|1307|0x0000000751b00000, 0x0000000751b00000, 0x0000000751c00000|  0%| F|  |TAMS 0x0000000751b00000, 0x0000000751b00000| Untracked 
|1308|0x0000000751c00000, 0x0000000751c00000, 0x0000000751d00000|  0%| F|  |TAMS 0x0000000751c00000, 0x0000000751c00000| Untracked 
|1309|0x0000000751d00000, 0x0000000751d00000, 0x0000000751e00000|  0%| F|  |TAMS 0x0000000751d00000, 0x0000000751d00000| Untracked 
|1310|0x0000000751e00000, 0x0000000751f00000, 0x0000000751f00000|100%| S|CS|TAMS 0x0000000751e00000, 0x0000000751e00000| Complete 
|1311|0x0000000751f00000, 0x0000000752000000, 0x0000000752000000|100%| S|CS|TAMS 0x0000000751f00000, 0x0000000751f00000| Complete 
|1312|0x0000000752000000, 0x0000000752100000, 0x0000000752100000|100%| S|CS|TAMS 0x0000000752000000, 0x0000000752000000| Complete 
|1313|0x0000000752100000, 0x0000000752200000, 0x0000000752200000|100%| S|CS|TAMS 0x0000000752100000, 0x0000000752100000| Complete 
|1314|0x0000000752200000, 0x0000000752300000, 0x0000000752300000|100%| S|CS|TAMS 0x0000000752200000, 0x0000000752200000| Complete 
|1315|0x0000000752300000, 0x0000000752400000, 0x0000000752400000|100%| S|CS|TAMS 0x0000000752300000, 0x0000000752300000| Complete 
|1316|0x0000000752400000, 0x0000000752500000, 0x0000000752500000|100%| S|CS|TAMS 0x0000000752400000, 0x0000000752400000| Complete 
|1317|0x0000000752500000, 0x0000000752600000, 0x0000000752600000|100%| S|CS|TAMS 0x0000000752500000, 0x0000000752500000| Complete 
|1318|0x0000000752600000, 0x0000000752700000, 0x0000000752700000|100%| S|CS|TAMS 0x0000000752600000, 0x0000000752600000| Complete 
|1319|0x0000000752700000, 0x0000000752800000, 0x0000000752800000|100%| S|CS|TAMS 0x0000000752700000, 0x0000000752700000| Complete 
|1320|0x0000000752800000, 0x0000000752900000, 0x0000000752900000|100%| S|CS|TAMS 0x0000000752800000, 0x0000000752800000| Complete 
|1321|0x0000000752900000, 0x0000000752a00000, 0x0000000752a00000|100%| S|CS|TAMS 0x0000000752900000, 0x0000000752900000| Complete 
|1322|0x0000000752a00000, 0x0000000752b00000, 0x0000000752b00000|100%| S|CS|TAMS 0x0000000752a00000, 0x0000000752a00000| Complete 
|1323|0x0000000752b00000, 0x0000000752c00000, 0x0000000752c00000|100%| S|CS|TAMS 0x0000000752b00000, 0x0000000752b00000| Complete 
|1324|0x0000000752c00000, 0x0000000752d00000, 0x0000000752d00000|100%| S|CS|TAMS 0x0000000752c00000, 0x0000000752c00000| Complete 
|1325|0x0000000752d00000, 0x0000000752e00000, 0x0000000752e00000|100%| S|CS|TAMS 0x0000000752d00000, 0x0000000752d00000| Complete 
|1326|0x0000000752e00000, 0x0000000752f00000, 0x0000000752f00000|100%| S|CS|TAMS 0x0000000752e00000, 0x0000000752e00000| Complete 
|1327|0x0000000752f00000, 0x0000000753000000, 0x0000000753000000|100%| S|CS|TAMS 0x0000000752f00000, 0x0000000752f00000| Complete 
|1328|0x0000000753000000, 0x0000000753100000, 0x0000000753100000|100%| S|CS|TAMS 0x0000000753000000, 0x0000000753000000| Complete 
|1329|0x0000000753100000, 0x0000000753200000, 0x0000000753200000|100%| S|CS|TAMS 0x0000000753100000, 0x0000000753100000| Complete 
|1330|0x0000000753200000, 0x0000000753300000, 0x0000000753300000|100%| S|CS|TAMS 0x0000000753200000, 0x0000000753200000| Complete 
|1331|0x0000000753300000, 0x0000000753400000, 0x0000000753400000|100%| S|CS|TAMS 0x0000000753300000, 0x0000000753300000| Complete 
|1332|0x0000000753400000, 0x0000000753500000, 0x0000000753500000|100%| S|CS|TAMS 0x0000000753400000, 0x0000000753400000| Complete 
|1333|0x0000000753500000, 0x0000000753600000, 0x0000000753600000|100%| S|CS|TAMS 0x0000000753500000, 0x0000000753500000| Complete 
|1334|0x0000000753600000, 0x0000000753700000, 0x0000000753700000|100%| S|CS|TAMS 0x0000000753600000, 0x0000000753600000| Complete 
|1335|0x0000000753700000, 0x0000000753800000, 0x0000000753800000|100%| S|CS|TAMS 0x0000000753700000, 0x0000000753700000| Complete 
|1336|0x0000000753800000, 0x0000000753900000, 0x0000000753900000|100%| S|CS|TAMS 0x0000000753800000, 0x0000000753800000| Complete 
|1337|0x0000000753900000, 0x0000000753a00000, 0x0000000753a00000|100%| S|CS|TAMS 0x0000000753900000, 0x0000000753900000| Complete 
|1338|0x0000000753a00000, 0x0000000753b00000, 0x0000000753b00000|100%| S|CS|TAMS 0x0000000753a00000, 0x0000000753a00000| Complete 
|1339|0x0000000753b00000, 0x0000000753c00000, 0x0000000753c00000|100%| S|CS|TAMS 0x0000000753b00000, 0x0000000753b00000| Complete 
|1340|0x0000000753c00000, 0x0000000753d00000, 0x0000000753d00000|100%| S|CS|TAMS 0x0000000753c00000, 0x0000000753c00000| Complete 
|1341|0x0000000753d00000, 0x0000000753e00000, 0x0000000753e00000|100%| S|CS|TAMS 0x0000000753d00000, 0x0000000753d00000| Complete 
|1342|0x0000000753e00000, 0x0000000753f00000, 0x0000000753f00000|100%| S|CS|TAMS 0x0000000753e00000, 0x0000000753e00000| Complete 
|1343|0x0000000753f00000, 0x0000000754000000, 0x0000000754000000|100%| S|CS|TAMS 0x0000000753f00000, 0x0000000753f00000| Complete 
|1344|0x0000000754000000, 0x0000000754000000, 0x0000000754100000|  0%| F|  |TAMS 0x0000000754000000, 0x0000000754000000| Untracked 
|1345|0x0000000754100000, 0x0000000754100000, 0x0000000754200000|  0%| F|  |TAMS 0x0000000754100000, 0x0000000754100000| Untracked 
|1346|0x0000000754200000, 0x0000000754200000, 0x0000000754300000|  0%| F|  |TAMS 0x0000000754200000, 0x0000000754200000| Untracked 
|1347|0x0000000754300000, 0x0000000754300000, 0x0000000754400000|  0%| F|  |TAMS 0x0000000754300000, 0x0000000754300000| Untracked 
|1348|0x0000000754400000, 0x0000000754400000, 0x0000000754500000|  0%| F|  |TAMS 0x0000000754400000, 0x0000000754400000| Untracked 
|1349|0x0000000754500000, 0x0000000754500000, 0x0000000754600000|  0%| F|  |TAMS 0x0000000754500000, 0x0000000754500000| Untracked 
|1350|0x0000000754600000, 0x0000000754600000, 0x0000000754700000|  0%| F|  |TAMS 0x0000000754600000, 0x0000000754600000| Untracked 
|1351|0x0000000754700000, 0x0000000754700000, 0x0000000754800000|  0%| F|  |TAMS 0x0000000754700000, 0x0000000754700000| Untracked 
|1352|0x0000000754800000, 0x0000000754800000, 0x0000000754900000|  0%| F|  |TAMS 0x0000000754800000, 0x0000000754800000| Untracked 
|1353|0x0000000754900000, 0x0000000754900000, 0x0000000754a00000|  0%| F|  |TAMS 0x0000000754900000, 0x0000000754900000| Untracked 
|1354|0x0000000754a00000, 0x0000000754a00000, 0x0000000754b00000|  0%| F|  |TAMS 0x0000000754a00000, 0x0000000754a00000| Untracked 
|1355|0x0000000754b00000, 0x0000000754b00000, 0x0000000754c00000|  0%| F|  |TAMS 0x0000000754b00000, 0x0000000754b00000| Untracked 
|1356|0x0000000754c00000, 0x0000000754c00000, 0x0000000754d00000|  0%| F|  |TAMS 0x0000000754c00000, 0x0000000754c00000| Untracked 
|1357|0x0000000754d00000, 0x0000000754d00000, 0x0000000754e00000|  0%| F|  |TAMS 0x0000000754d00000, 0x0000000754d00000| Untracked 
|1358|0x0000000754e00000, 0x0000000754e00000, 0x0000000754f00000|  0%| F|  |TAMS 0x0000000754e00000, 0x0000000754e00000| Untracked 
|1359|0x0000000754f00000, 0x0000000754f00000, 0x0000000755000000|  0%| F|  |TAMS 0x0000000754f00000, 0x0000000754f00000| Untracked 
|1360|0x0000000755000000, 0x0000000755000000, 0x0000000755100000|  0%| F|  |TAMS 0x0000000755000000, 0x0000000755000000| Untracked 
|1361|0x0000000755100000, 0x0000000755100000, 0x0000000755200000|  0%| F|  |TAMS 0x0000000755100000, 0x0000000755100000| Untracked 
|1362|0x0000000755200000, 0x0000000755200000, 0x0000000755300000|  0%| F|  |TAMS 0x0000000755200000, 0x0000000755200000| Untracked 
|1363|0x0000000755300000, 0x0000000755300000, 0x0000000755400000|  0%| F|  |TAMS 0x0000000755300000, 0x0000000755300000| Untracked 
|1364|0x0000000755400000, 0x0000000755400000, 0x0000000755500000|  0%| F|  |TAMS 0x0000000755400000, 0x0000000755400000| Untracked 
|1365|0x0000000755500000, 0x0000000755500000, 0x0000000755600000|  0%| F|  |TAMS 0x0000000755500000, 0x0000000755500000| Untracked 
|1366|0x0000000755600000, 0x0000000755600000, 0x0000000755700000|  0%| F|  |TAMS 0x0000000755600000, 0x0000000755600000| Untracked 
|1367|0x0000000755700000, 0x0000000755700000, 0x0000000755800000|  0%| F|  |TAMS 0x0000000755700000, 0x0000000755700000| Untracked 
|1368|0x0000000755800000, 0x0000000755800000, 0x0000000755900000|  0%| F|  |TAMS 0x0000000755800000, 0x0000000755800000| Untracked 
|1369|0x0000000755900000, 0x0000000755900000, 0x0000000755a00000|  0%| F|  |TAMS 0x0000000755900000, 0x0000000755900000| Untracked 
|1370|0x0000000755a00000, 0x0000000755a00000, 0x0000000755b00000|  0%| F|  |TAMS 0x0000000755a00000, 0x0000000755a00000| Untracked 
|1371|0x0000000755b00000, 0x0000000755b00000, 0x0000000755c00000|  0%| F|  |TAMS 0x0000000755b00000, 0x0000000755b00000| Untracked 
|1372|0x0000000755c00000, 0x0000000755c00000, 0x0000000755d00000|  0%| F|  |TAMS 0x0000000755c00000, 0x0000000755c00000| Untracked 
|1373|0x0000000755d00000, 0x0000000755d00000, 0x0000000755e00000|  0%| F|  |TAMS 0x0000000755d00000, 0x0000000755d00000| Untracked 
|1374|0x0000000755e00000, 0x0000000755e00000, 0x0000000755f00000|  0%| F|  |TAMS 0x0000000755e00000, 0x0000000755e00000| Untracked 
|1375|0x0000000755f00000, 0x0000000755f00000, 0x0000000756000000|  0%| F|  |TAMS 0x0000000755f00000, 0x0000000755f00000| Untracked 
|1376|0x0000000756000000, 0x0000000756000000, 0x0000000756100000|  0%| F|  |TAMS 0x0000000756000000, 0x0000000756000000| Untracked 
|1377|0x0000000756100000, 0x0000000756100000, 0x0000000756200000|  0%| F|  |TAMS 0x0000000756100000, 0x0000000756100000| Untracked 
|1378|0x0000000756200000, 0x0000000756200000, 0x0000000756300000|  0%| F|  |TAMS 0x0000000756200000, 0x0000000756200000| Untracked 
|1379|0x0000000756300000, 0x0000000756300000, 0x0000000756400000|  0%| F|  |TAMS 0x0000000756300000, 0x0000000756300000| Untracked 
|1380|0x0000000756400000, 0x0000000756400000, 0x0000000756500000|  0%| F|  |TAMS 0x0000000756400000, 0x0000000756400000| Untracked 
|1381|0x0000000756500000, 0x0000000756500000, 0x0000000756600000|  0%| F|  |TAMS 0x0000000756500000, 0x0000000756500000| Untracked 
|1382|0x0000000756600000, 0x0000000756600000, 0x0000000756700000|  0%| F|  |TAMS 0x0000000756600000, 0x0000000756600000| Untracked 
|1383|0x0000000756700000, 0x0000000756700000, 0x0000000756800000|  0%| F|  |TAMS 0x0000000756700000, 0x0000000756700000| Untracked 
|1384|0x0000000756800000, 0x0000000756800000, 0x0000000756900000|  0%| F|  |TAMS 0x0000000756800000, 0x0000000756800000| Untracked 
|1385|0x0000000756900000, 0x0000000756900000, 0x0000000756a00000|  0%| F|  |TAMS 0x0000000756900000, 0x0000000756900000| Untracked 
|1386|0x0000000756a00000, 0x0000000756a00000, 0x0000000756b00000|  0%| F|  |TAMS 0x0000000756a00000, 0x0000000756a00000| Untracked 
|1387|0x0000000756b00000, 0x0000000756b00000, 0x0000000756c00000|  0%| F|  |TAMS 0x0000000756b00000, 0x0000000756b00000| Untracked 
|1388|0x0000000756c00000, 0x0000000756c00000, 0x0000000756d00000|  0%| F|  |TAMS 0x0000000756c00000, 0x0000000756c00000| Untracked 
|1389|0x0000000756d00000, 0x0000000756d00000, 0x0000000756e00000|  0%| F|  |TAMS 0x0000000756d00000, 0x0000000756d00000| Untracked 
|1390|0x0000000756e00000, 0x0000000756e00000, 0x0000000756f00000|  0%| F|  |TAMS 0x0000000756e00000, 0x0000000756e00000| Untracked 
|1391|0x0000000756f00000, 0x0000000756f00000, 0x0000000757000000|  0%| F|  |TAMS 0x0000000756f00000, 0x0000000756f00000| Untracked 
|1392|0x0000000757000000, 0x0000000757000000, 0x0000000757100000|  0%| F|  |TAMS 0x0000000757000000, 0x0000000757000000| Untracked 
|1393|0x0000000757100000, 0x0000000757100000, 0x0000000757200000|  0%| F|  |TAMS 0x0000000757100000, 0x0000000757100000| Untracked 
|1394|0x0000000757200000, 0x0000000757200000, 0x0000000757300000|  0%| F|  |TAMS 0x0000000757200000, 0x0000000757200000| Untracked 
|1395|0x0000000757300000, 0x0000000757300000, 0x0000000757400000|  0%| F|  |TAMS 0x0000000757300000, 0x0000000757300000| Untracked 
|1396|0x0000000757400000, 0x0000000757400000, 0x0000000757500000|  0%| F|  |TAMS 0x0000000757400000, 0x0000000757400000| Untracked 
|1397|0x0000000757500000, 0x0000000757500000, 0x0000000757600000|  0%| F|  |TAMS 0x0000000757500000, 0x0000000757500000| Untracked 
|1398|0x0000000757600000, 0x0000000757600000, 0x0000000757700000|  0%| F|  |TAMS 0x0000000757600000, 0x0000000757600000| Untracked 
|1399|0x0000000757700000, 0x0000000757700000, 0x0000000757800000|  0%| F|  |TAMS 0x0000000757700000, 0x0000000757700000| Untracked 
|1400|0x0000000757800000, 0x0000000757800000, 0x0000000757900000|  0%| F|  |TAMS 0x0000000757800000, 0x0000000757800000| Untracked 
|1401|0x0000000757900000, 0x0000000757900000, 0x0000000757a00000|  0%| F|  |TAMS 0x0000000757900000, 0x0000000757900000| Untracked 
|1402|0x0000000757a00000, 0x0000000757a00000, 0x0000000757b00000|  0%| F|  |TAMS 0x0000000757a00000, 0x0000000757a00000| Untracked 
|1403|0x0000000757b00000, 0x0000000757b00000, 0x0000000757c00000|  0%| F|  |TAMS 0x0000000757b00000, 0x0000000757b00000| Untracked 
|1404|0x0000000757c00000, 0x0000000757c00000, 0x0000000757d00000|  0%| F|  |TAMS 0x0000000757c00000, 0x0000000757c00000| Untracked 
|1405|0x0000000757d00000, 0x0000000757d00000, 0x0000000757e00000|  0%| F|  |TAMS 0x0000000757d00000, 0x0000000757d00000| Untracked 
|1406|0x0000000757e00000, 0x0000000757e00000, 0x0000000757f00000|  0%| F|  |TAMS 0x0000000757e00000, 0x0000000757e00000| Untracked 
|1407|0x0000000757f00000, 0x0000000757f00000, 0x0000000758000000|  0%| F|  |TAMS 0x0000000757f00000, 0x0000000757f00000| Untracked 
|1408|0x0000000758000000, 0x0000000758000000, 0x0000000758100000|  0%| F|  |TAMS 0x0000000758000000, 0x0000000758000000| Untracked 
|1409|0x0000000758100000, 0x0000000758100000, 0x0000000758200000|  0%| F|  |TAMS 0x0000000758100000, 0x0000000758100000| Untracked 
|1410|0x0000000758200000, 0x0000000758200000, 0x0000000758300000|  0%| F|  |TAMS 0x0000000758200000, 0x0000000758200000| Untracked 
|1411|0x0000000758300000, 0x0000000758300000, 0x0000000758400000|  0%| F|  |TAMS 0x0000000758300000, 0x0000000758300000| Untracked 
|1412|0x0000000758400000, 0x0000000758400000, 0x0000000758500000|  0%| F|  |TAMS 0x0000000758400000, 0x0000000758400000| Untracked 
|1413|0x0000000758500000, 0x0000000758500000, 0x0000000758600000|  0%| F|  |TAMS 0x0000000758500000, 0x0000000758500000| Untracked 
|1414|0x0000000758600000, 0x0000000758600000, 0x0000000758700000|  0%| F|  |TAMS 0x0000000758600000, 0x0000000758600000| Untracked 
|1415|0x0000000758700000, 0x0000000758700000, 0x0000000758800000|  0%| F|  |TAMS 0x0000000758700000, 0x0000000758700000| Untracked 
|1416|0x0000000758800000, 0x0000000758800000, 0x0000000758900000|  0%| F|  |TAMS 0x0000000758800000, 0x0000000758800000| Untracked 
|1417|0x0000000758900000, 0x0000000758900000, 0x0000000758a00000|  0%| F|  |TAMS 0x0000000758900000, 0x0000000758900000| Untracked 
|1418|0x0000000758a00000, 0x0000000758a00000, 0x0000000758b00000|  0%| F|  |TAMS 0x0000000758a00000, 0x0000000758a00000| Untracked 
|1419|0x0000000758b00000, 0x0000000758b00000, 0x0000000758c00000|  0%| F|  |TAMS 0x0000000758b00000, 0x0000000758b00000| Untracked 
|1420|0x0000000758c00000, 0x0000000758c00000, 0x0000000758d00000|  0%| F|  |TAMS 0x0000000758c00000, 0x0000000758c00000| Untracked 
|1421|0x0000000758d00000, 0x0000000758d00000, 0x0000000758e00000|  0%| F|  |TAMS 0x0000000758d00000, 0x0000000758d00000| Untracked 
|1422|0x0000000758e00000, 0x0000000758e00000, 0x0000000758f00000|  0%| F|  |TAMS 0x0000000758e00000, 0x0000000758e00000| Untracked 
|1423|0x0000000758f00000, 0x0000000758f00000, 0x0000000759000000|  0%| F|  |TAMS 0x0000000758f00000, 0x0000000758f00000| Untracked 
|1424|0x0000000759000000, 0x0000000759000000, 0x0000000759100000|  0%| F|  |TAMS 0x0000000759000000, 0x0000000759000000| Untracked 
|1425|0x0000000759100000, 0x0000000759100000, 0x0000000759200000|  0%| F|  |TAMS 0x0000000759100000, 0x0000000759100000| Untracked 
|1426|0x0000000759200000, 0x0000000759200000, 0x0000000759300000|  0%| F|  |TAMS 0x0000000759200000, 0x0000000759200000| Untracked 
|1427|0x0000000759300000, 0x0000000759300000, 0x0000000759400000|  0%| F|  |TAMS 0x0000000759300000, 0x0000000759300000| Untracked 
|1428|0x0000000759400000, 0x0000000759400000, 0x0000000759500000|  0%| F|  |TAMS 0x0000000759400000, 0x0000000759400000| Untracked 
|1429|0x0000000759500000, 0x0000000759500000, 0x0000000759600000|  0%| F|  |TAMS 0x0000000759500000, 0x0000000759500000| Untracked 
|1430|0x0000000759600000, 0x0000000759600000, 0x0000000759700000|  0%| F|  |TAMS 0x0000000759600000, 0x0000000759600000| Untracked 
|1431|0x0000000759700000, 0x0000000759700000, 0x0000000759800000|  0%| F|  |TAMS 0x0000000759700000, 0x0000000759700000| Untracked 
|1432|0x0000000759800000, 0x0000000759800000, 0x0000000759900000|  0%| F|  |TAMS 0x0000000759800000, 0x0000000759800000| Untracked 
|1433|0x0000000759900000, 0x0000000759900000, 0x0000000759a00000|  0%| F|  |TAMS 0x0000000759900000, 0x0000000759900000| Untracked 
|1434|0x0000000759a00000, 0x0000000759a00000, 0x0000000759b00000|  0%| F|  |TAMS 0x0000000759a00000, 0x0000000759a00000| Untracked 
|1435|0x0000000759b00000, 0x0000000759b00000, 0x0000000759c00000|  0%| F|  |TAMS 0x0000000759b00000, 0x0000000759b00000| Untracked 
|1436|0x0000000759c00000, 0x0000000759c00000, 0x0000000759d00000|  0%| F|  |TAMS 0x0000000759c00000, 0x0000000759c00000| Untracked 
|1437|0x0000000759d00000, 0x0000000759d00000, 0x0000000759e00000|  0%| F|  |TAMS 0x0000000759d00000, 0x0000000759d00000| Untracked 
|1438|0x0000000759e00000, 0x0000000759e00000, 0x0000000759f00000|  0%| F|  |TAMS 0x0000000759e00000, 0x0000000759e00000| Untracked 
|1439|0x0000000759f00000, 0x0000000759f00000, 0x000000075a000000|  0%| F|  |TAMS 0x0000000759f00000, 0x0000000759f00000| Untracked 
|1440|0x000000075a000000, 0x000000075a000000, 0x000000075a100000|  0%| F|  |TAMS 0x000000075a000000, 0x000000075a000000| Untracked 
|1441|0x000000075a100000, 0x000000075a100000, 0x000000075a200000|  0%| F|  |TAMS 0x000000075a100000, 0x000000075a100000| Untracked 
|1442|0x000000075a200000, 0x000000075a200000, 0x000000075a300000|  0%| F|  |TAMS 0x000000075a200000, 0x000000075a200000| Untracked 
|1443|0x000000075a300000, 0x000000075a300000, 0x000000075a400000|  0%| F|  |TAMS 0x000000075a300000, 0x000000075a300000| Untracked 
|1444|0x000000075a400000, 0x000000075a400000, 0x000000075a500000|  0%| F|  |TAMS 0x000000075a400000, 0x000000075a400000| Untracked 
|1445|0x000000075a500000, 0x000000075a500000, 0x000000075a600000|  0%| F|  |TAMS 0x000000075a500000, 0x000000075a500000| Untracked 
|1446|0x000000075a600000, 0x000000075a600000, 0x000000075a700000|  0%| F|  |TAMS 0x000000075a600000, 0x000000075a600000| Untracked 
|1447|0x000000075a700000, 0x000000075a700000, 0x000000075a800000|  0%| F|  |TAMS 0x000000075a700000, 0x000000075a700000| Untracked 
|1448|0x000000075a800000, 0x000000075a800000, 0x000000075a900000|  0%| F|  |TAMS 0x000000075a800000, 0x000000075a800000| Untracked 
|1449|0x000000075a900000, 0x000000075a900000, 0x000000075aa00000|  0%| F|  |TAMS 0x000000075a900000, 0x000000075a900000| Untracked 
|1450|0x000000075aa00000, 0x000000075aa00000, 0x000000075ab00000|  0%| F|  |TAMS 0x000000075aa00000, 0x000000075aa00000| Untracked 
|1451|0x000000075ab00000, 0x000000075ab00000, 0x000000075ac00000|  0%| F|  |TAMS 0x000000075ab00000, 0x000000075ab00000| Untracked 
|1452|0x000000075ac00000, 0x000000075ac00000, 0x000000075ad00000|  0%| F|  |TAMS 0x000000075ac00000, 0x000000075ac00000| Untracked 
|1453|0x000000075ad00000, 0x000000075ad00000, 0x000000075ae00000|  0%| F|  |TAMS 0x000000075ad00000, 0x000000075ad00000| Untracked 
|1454|0x000000075ae00000, 0x000000075ae00000, 0x000000075af00000|  0%| F|  |TAMS 0x000000075ae00000, 0x000000075ae00000| Untracked 
|1455|0x000000075af00000, 0x000000075af00000, 0x000000075b000000|  0%| F|  |TAMS 0x000000075af00000, 0x000000075af00000| Untracked 
|1456|0x000000075b000000, 0x000000075b000000, 0x000000075b100000|  0%| F|  |TAMS 0x000000075b000000, 0x000000075b000000| Untracked 
|1457|0x000000075b100000, 0x000000075b100000, 0x000000075b200000|  0%| F|  |TAMS 0x000000075b100000, 0x000000075b100000| Untracked 
|1458|0x000000075b200000, 0x000000075b200000, 0x000000075b300000|  0%| F|  |TAMS 0x000000075b200000, 0x000000075b200000| Untracked 
|1459|0x000000075b300000, 0x000000075b300000, 0x000000075b400000|  0%| F|  |TAMS 0x000000075b300000, 0x000000075b300000| Untracked 
|1460|0x000000075b400000, 0x000000075b400000, 0x000000075b500000|  0%| F|  |TAMS 0x000000075b400000, 0x000000075b400000| Untracked 
|1461|0x000000075b500000, 0x000000075b500000, 0x000000075b600000|  0%| F|  |TAMS 0x000000075b500000, 0x000000075b500000| Untracked 
|1462|0x000000075b600000, 0x000000075b600000, 0x000000075b700000|  0%| F|  |TAMS 0x000000075b600000, 0x000000075b600000| Untracked 
|1463|0x000000075b700000, 0x000000075b700000, 0x000000075b800000|  0%| F|  |TAMS 0x000000075b700000, 0x000000075b700000| Untracked 
|1464|0x000000075b800000, 0x000000075b800000, 0x000000075b900000|  0%| F|  |TAMS 0x000000075b800000, 0x000000075b800000| Untracked 
|1465|0x000000075b900000, 0x000000075b900000, 0x000000075ba00000|  0%| F|  |TAMS 0x000000075b900000, 0x000000075b900000| Untracked 
|1466|0x000000075ba00000, 0x000000075ba00000, 0x000000075bb00000|  0%| F|  |TAMS 0x000000075ba00000, 0x000000075ba00000| Untracked 
|1467|0x000000075bb00000, 0x000000075bb00000, 0x000000075bc00000|  0%| F|  |TAMS 0x000000075bb00000, 0x000000075bb00000| Untracked 
|1468|0x000000075bc00000, 0x000000075bc00000, 0x000000075bd00000|  0%| F|  |TAMS 0x000000075bc00000, 0x000000075bc00000| Untracked 
|1469|0x000000075bd00000, 0x000000075bd00000, 0x000000075be00000|  0%| F|  |TAMS 0x000000075bd00000, 0x000000075bd00000| Untracked 
|1470|0x000000075be00000, 0x000000075be00000, 0x000000075bf00000|  0%| F|  |TAMS 0x000000075be00000, 0x000000075be00000| Untracked 
|1471|0x000000075bf00000, 0x000000075bf00000, 0x000000075c000000|  0%| F|  |TAMS 0x000000075bf00000, 0x000000075bf00000| Untracked 
|1472|0x000000075c000000, 0x000000075c000000, 0x000000075c100000|  0%| F|  |TAMS 0x000000075c000000, 0x000000075c000000| Untracked 
|1473|0x000000075c100000, 0x000000075c100000, 0x000000075c200000|  0%| F|  |TAMS 0x000000075c100000, 0x000000075c100000| Untracked 
|1474|0x000000075c200000, 0x000000075c200000, 0x000000075c300000|  0%| F|  |TAMS 0x000000075c200000, 0x000000075c200000| Untracked 
|1475|0x000000075c300000, 0x000000075c300000, 0x000000075c400000|  0%| F|  |TAMS 0x000000075c300000, 0x000000075c300000| Untracked 
|1476|0x000000075c400000, 0x000000075c400000, 0x000000075c500000|  0%| F|  |TAMS 0x000000075c400000, 0x000000075c400000| Untracked 
|1477|0x000000075c500000, 0x000000075c500000, 0x000000075c600000|  0%| F|  |TAMS 0x000000075c500000, 0x000000075c500000| Untracked 
|1478|0x000000075c600000, 0x000000075c600000, 0x000000075c700000|  0%| F|  |TAMS 0x000000075c600000, 0x000000075c600000| Untracked 
|1479|0x000000075c700000, 0x000000075c700000, 0x000000075c800000|  0%| F|  |TAMS 0x000000075c700000, 0x000000075c700000| Untracked 
|1480|0x000000075c800000, 0x000000075c800000, 0x000000075c900000|  0%| F|  |TAMS 0x000000075c800000, 0x000000075c800000| Untracked 
|1481|0x000000075c900000, 0x000000075c900000, 0x000000075ca00000|  0%| F|  |TAMS 0x000000075c900000, 0x000000075c900000| Untracked 
|1482|0x000000075ca00000, 0x000000075ca00000, 0x000000075cb00000|  0%| F|  |TAMS 0x000000075ca00000, 0x000000075ca00000| Untracked 
|1483|0x000000075cb00000, 0x000000075cb00000, 0x000000075cc00000|  0%| F|  |TAMS 0x000000075cb00000, 0x000000075cb00000| Untracked 
|1484|0x000000075cc00000, 0x000000075cc00000, 0x000000075cd00000|  0%| F|  |TAMS 0x000000075cc00000, 0x000000075cc00000| Untracked 
|1485|0x000000075cd00000, 0x000000075cd00000, 0x000000075ce00000|  0%| F|  |TAMS 0x000000075cd00000, 0x000000075cd00000| Untracked 
|1486|0x000000075ce00000, 0x000000075ce00000, 0x000000075cf00000|  0%| F|  |TAMS 0x000000075ce00000, 0x000000075ce00000| Untracked 
|1487|0x000000075cf00000, 0x000000075cf00000, 0x000000075d000000|  0%| F|  |TAMS 0x000000075cf00000, 0x000000075cf00000| Untracked 
|1488|0x000000075d000000, 0x000000075d000000, 0x000000075d100000|  0%| F|  |TAMS 0x000000075d000000, 0x000000075d000000| Untracked 
|1489|0x000000075d100000, 0x000000075d100000, 0x000000075d200000|  0%| F|  |TAMS 0x000000075d100000, 0x000000075d100000| Untracked 
|1490|0x000000075d200000, 0x000000075d200000, 0x000000075d300000|  0%| F|  |TAMS 0x000000075d200000, 0x000000075d200000| Untracked 
|1491|0x000000075d300000, 0x000000075d300000, 0x000000075d400000|  0%| F|  |TAMS 0x000000075d300000, 0x000000075d300000| Untracked 
|1492|0x000000075d400000, 0x000000075d400000, 0x000000075d500000|  0%| F|  |TAMS 0x000000075d400000, 0x000000075d400000| Untracked 
|1493|0x000000075d500000, 0x000000075d500000, 0x000000075d600000|  0%| F|  |TAMS 0x000000075d500000, 0x000000075d500000| Untracked 
|1494|0x000000075d600000, 0x000000075d600000, 0x000000075d700000|  0%| F|  |TAMS 0x000000075d600000, 0x000000075d600000| Untracked 
|1495|0x000000075d700000, 0x000000075d700000, 0x000000075d800000|  0%| F|  |TAMS 0x000000075d700000, 0x000000075d700000| Untracked 
|1496|0x000000075d800000, 0x000000075d800000, 0x000000075d900000|  0%| F|  |TAMS 0x000000075d800000, 0x000000075d800000| Untracked 
|1497|0x000000075d900000, 0x000000075d900000, 0x000000075da00000|  0%| F|  |TAMS 0x000000075d900000, 0x000000075d900000| Untracked 
|1498|0x000000075da00000, 0x000000075da00000, 0x000000075db00000|  0%| F|  |TAMS 0x000000075da00000, 0x000000075da00000| Untracked 
|1499|0x000000075db00000, 0x000000075db00000, 0x000000075dc00000|  0%| F|  |TAMS 0x000000075db00000, 0x000000075db00000| Untracked 
|1500|0x000000075dc00000, 0x000000075dc00000, 0x000000075dd00000|  0%| F|  |TAMS 0x000000075dc00000, 0x000000075dc00000| Untracked 
|1501|0x000000075dd00000, 0x000000075dd00000, 0x000000075de00000|  0%| F|  |TAMS 0x000000075dd00000, 0x000000075dd00000| Untracked 
|1502|0x000000075de00000, 0x000000075de00000, 0x000000075df00000|  0%| F|  |TAMS 0x000000075de00000, 0x000000075de00000| Untracked 
|1503|0x000000075df00000, 0x000000075df00000, 0x000000075e000000|  0%| F|  |TAMS 0x000000075df00000, 0x000000075df00000| Untracked 
|1504|0x000000075e000000, 0x000000075e000000, 0x000000075e100000|  0%| F|  |TAMS 0x000000075e000000, 0x000000075e000000| Untracked 
|1505|0x000000075e100000, 0x000000075e100000, 0x000000075e200000|  0%| F|  |TAMS 0x000000075e100000, 0x000000075e100000| Untracked 
|1506|0x000000075e200000, 0x000000075e200000, 0x000000075e300000|  0%| F|  |TAMS 0x000000075e200000, 0x000000075e200000| Untracked 
|1507|0x000000075e300000, 0x000000075e300000, 0x000000075e400000|  0%| F|  |TAMS 0x000000075e300000, 0x000000075e300000| Untracked 
|1508|0x000000075e400000, 0x000000075e400000, 0x000000075e500000|  0%| F|  |TAMS 0x000000075e400000, 0x000000075e400000| Untracked 
|1509|0x000000075e500000, 0x000000075e500000, 0x000000075e600000|  0%| F|  |TAMS 0x000000075e500000, 0x000000075e500000| Untracked 
|1510|0x000000075e600000, 0x000000075e600000, 0x000000075e700000|  0%| F|  |TAMS 0x000000075e600000, 0x000000075e600000| Untracked 
|1511|0x000000075e700000, 0x000000075e700000, 0x000000075e800000|  0%| F|  |TAMS 0x000000075e700000, 0x000000075e700000| Untracked 
|1512|0x000000075e800000, 0x000000075e800000, 0x000000075e900000|  0%| F|  |TAMS 0x000000075e800000, 0x000000075e800000| Untracked 
|1513|0x000000075e900000, 0x000000075e900000, 0x000000075ea00000|  0%| F|  |TAMS 0x000000075e900000, 0x000000075e900000| Untracked 
|1514|0x000000075ea00000, 0x000000075ea00000, 0x000000075eb00000|  0%| F|  |TAMS 0x000000075ea00000, 0x000000075ea00000| Untracked 
|1515|0x000000075eb00000, 0x000000075eb00000, 0x000000075ec00000|  0%| F|  |TAMS 0x000000075eb00000, 0x000000075eb00000| Untracked 
|1516|0x000000075ec00000, 0x000000075ec00000, 0x000000075ed00000|  0%| F|  |TAMS 0x000000075ec00000, 0x000000075ec00000| Untracked 
|1517|0x000000075ed00000, 0x000000075ed00000, 0x000000075ee00000|  0%| F|  |TAMS 0x000000075ed00000, 0x000000075ed00000| Untracked 
|1518|0x000000075ee00000, 0x000000075ee00000, 0x000000075ef00000|  0%| F|  |TAMS 0x000000075ee00000, 0x000000075ee00000| Untracked 
|1519|0x000000075ef00000, 0x000000075ef00000, 0x000000075f000000|  0%| F|  |TAMS 0x000000075ef00000, 0x000000075ef00000| Untracked 
|1520|0x000000075f000000, 0x000000075f000000, 0x000000075f100000|  0%| F|  |TAMS 0x000000075f000000, 0x000000075f000000| Untracked 
|1521|0x000000075f100000, 0x000000075f100000, 0x000000075f200000|  0%| F|  |TAMS 0x000000075f100000, 0x000000075f100000| Untracked 
|1522|0x000000075f200000, 0x000000075f200000, 0x000000075f300000|  0%| F|  |TAMS 0x000000075f200000, 0x000000075f200000| Untracked 
|1523|0x000000075f300000, 0x000000075f300000, 0x000000075f400000|  0%| F|  |TAMS 0x000000075f300000, 0x000000075f300000| Untracked 
|1524|0x000000075f400000, 0x000000075f400000, 0x000000075f500000|  0%| F|  |TAMS 0x000000075f400000, 0x000000075f400000| Untracked 
|1525|0x000000075f500000, 0x000000075f500000, 0x000000075f600000|  0%| F|  |TAMS 0x000000075f500000, 0x000000075f500000| Untracked 
|1526|0x000000075f600000, 0x000000075f600000, 0x000000075f700000|  0%| F|  |TAMS 0x000000075f600000, 0x000000075f600000| Untracked 
|1527|0x000000075f700000, 0x000000075f700000, 0x000000075f800000|  0%| F|  |TAMS 0x000000075f700000, 0x000000075f700000| Untracked 
|1528|0x000000075f800000, 0x000000075f800000, 0x000000075f900000|  0%| F|  |TAMS 0x000000075f800000, 0x000000075f800000| Untracked 
|1529|0x000000075f900000, 0x000000075f900000, 0x000000075fa00000|  0%| F|  |TAMS 0x000000075f900000, 0x000000075f900000| Untracked 
|1530|0x000000075fa00000, 0x000000075fa00000, 0x000000075fb00000|  0%| F|  |TAMS 0x000000075fa00000, 0x000000075fa00000| Untracked 
|1531|0x000000075fb00000, 0x000000075fb00000, 0x000000075fc00000|  0%| F|  |TAMS 0x000000075fb00000, 0x000000075fb00000| Untracked 
|1532|0x000000075fc00000, 0x000000075fc00000, 0x000000075fd00000|  0%| F|  |TAMS 0x000000075fc00000, 0x000000075fc00000| Untracked 
|1533|0x000000075fd00000, 0x000000075fd00000, 0x000000075fe00000|  0%| F|  |TAMS 0x000000075fd00000, 0x000000075fd00000| Untracked 
|1534|0x000000075fe00000, 0x000000075fe00000, 0x000000075ff00000|  0%| F|  |TAMS 0x000000075fe00000, 0x000000075fe00000| Untracked 
|1535|0x000000075ff00000, 0x000000075ff00000, 0x0000000760000000|  0%| F|  |TAMS 0x000000075ff00000, 0x000000075ff00000| Untracked 
|1536|0x0000000760000000, 0x0000000760000000, 0x0000000760100000|  0%| F|  |TAMS 0x0000000760000000, 0x0000000760000000| Untracked 
|1537|0x0000000760100000, 0x0000000760100000, 0x0000000760200000|  0%| F|  |TAMS 0x0000000760100000, 0x0000000760100000| Untracked 
|1538|0x0000000760200000, 0x0000000760200000, 0x0000000760300000|  0%| F|  |TAMS 0x0000000760200000, 0x0000000760200000| Untracked 
|1539|0x0000000760300000, 0x0000000760300000, 0x0000000760400000|  0%| F|  |TAMS 0x0000000760300000, 0x0000000760300000| Untracked 
|1540|0x0000000760400000, 0x0000000760400000, 0x0000000760500000|  0%| F|  |TAMS 0x0000000760400000, 0x0000000760400000| Untracked 
|1541|0x0000000760500000, 0x0000000760500000, 0x0000000760600000|  0%| F|  |TAMS 0x0000000760500000, 0x0000000760500000| Untracked 
|1542|0x0000000760600000, 0x0000000760600000, 0x0000000760700000|  0%| F|  |TAMS 0x0000000760600000, 0x0000000760600000| Untracked 
|1543|0x0000000760700000, 0x0000000760700000, 0x0000000760800000|  0%| F|  |TAMS 0x0000000760700000, 0x0000000760700000| Untracked 
|1544|0x0000000760800000, 0x0000000760800000, 0x0000000760900000|  0%| F|  |TAMS 0x0000000760800000, 0x0000000760800000| Untracked 
|1545|0x0000000760900000, 0x0000000760900000, 0x0000000760a00000|  0%| F|  |TAMS 0x0000000760900000, 0x0000000760900000| Untracked 
|1546|0x0000000760a00000, 0x0000000760a00000, 0x0000000760b00000|  0%| F|  |TAMS 0x0000000760a00000, 0x0000000760a00000| Untracked 
|1547|0x0000000760b00000, 0x0000000760b00000, 0x0000000760c00000|  0%| F|  |TAMS 0x0000000760b00000, 0x0000000760b00000| Untracked 
|1548|0x0000000760c00000, 0x0000000760c00000, 0x0000000760d00000|  0%| F|  |TAMS 0x0000000760c00000, 0x0000000760c00000| Untracked 
|1549|0x0000000760d00000, 0x0000000760d00000, 0x0000000760e00000|  0%| F|  |TAMS 0x0000000760d00000, 0x0000000760d00000| Untracked 
|1550|0x0000000760e00000, 0x0000000760e00000, 0x0000000760f00000|  0%| F|  |TAMS 0x0000000760e00000, 0x0000000760e00000| Untracked 
|1551|0x0000000760f00000, 0x0000000760f00000, 0x0000000761000000|  0%| F|  |TAMS 0x0000000760f00000, 0x0000000760f00000| Untracked 
|1552|0x0000000761000000, 0x0000000761000000, 0x0000000761100000|  0%| F|  |TAMS 0x0000000761000000, 0x0000000761000000| Untracked 
|1553|0x0000000761100000, 0x0000000761100000, 0x0000000761200000|  0%| F|  |TAMS 0x0000000761100000, 0x0000000761100000| Untracked 
|1554|0x0000000761200000, 0x0000000761200000, 0x0000000761300000|  0%| F|  |TAMS 0x0000000761200000, 0x0000000761200000| Untracked 
|1555|0x0000000761300000, 0x0000000761300000, 0x0000000761400000|  0%| F|  |TAMS 0x0000000761300000, 0x0000000761300000| Untracked 
|1556|0x0000000761400000, 0x0000000761400000, 0x0000000761500000|  0%| F|  |TAMS 0x0000000761400000, 0x0000000761400000| Untracked 
|1557|0x0000000761500000, 0x0000000761500000, 0x0000000761600000|  0%| F|  |TAMS 0x0000000761500000, 0x0000000761500000| Untracked 
|1558|0x0000000761600000, 0x0000000761600000, 0x0000000761700000|  0%| F|  |TAMS 0x0000000761600000, 0x0000000761600000| Untracked 
|1559|0x0000000761700000, 0x0000000761700000, 0x0000000761800000|  0%| F|  |TAMS 0x0000000761700000, 0x0000000761700000| Untracked 
|1560|0x0000000761800000, 0x0000000761800000, 0x0000000761900000|  0%| F|  |TAMS 0x0000000761800000, 0x0000000761800000| Untracked 
|1561|0x0000000761900000, 0x0000000761900000, 0x0000000761a00000|  0%| F|  |TAMS 0x0000000761900000, 0x0000000761900000| Untracked 
|1562|0x0000000761a00000, 0x0000000761a00000, 0x0000000761b00000|  0%| F|  |TAMS 0x0000000761a00000, 0x0000000761a00000| Untracked 
|1563|0x0000000761b00000, 0x0000000761b00000, 0x0000000761c00000|  0%| F|  |TAMS 0x0000000761b00000, 0x0000000761b00000| Untracked 
|1564|0x0000000761c00000, 0x0000000761c00000, 0x0000000761d00000|  0%| F|  |TAMS 0x0000000761c00000, 0x0000000761c00000| Untracked 
|1565|0x0000000761d00000, 0x0000000761d00000, 0x0000000761e00000|  0%| F|  |TAMS 0x0000000761d00000, 0x0000000761d00000| Untracked 
|1566|0x0000000761e00000, 0x0000000761e00000, 0x0000000761f00000|  0%| F|  |TAMS 0x0000000761e00000, 0x0000000761e00000| Untracked 
|1567|0x0000000761f00000, 0x0000000761f00000, 0x0000000762000000|  0%| F|  |TAMS 0x0000000761f00000, 0x0000000761f00000| Untracked 
|1568|0x0000000762000000, 0x0000000762000000, 0x0000000762100000|  0%| F|  |TAMS 0x0000000762000000, 0x0000000762000000| Untracked 
|1569|0x0000000762100000, 0x0000000762100000, 0x0000000762200000|  0%| F|  |TAMS 0x0000000762100000, 0x0000000762100000| Untracked 
|1570|0x0000000762200000, 0x0000000762200000, 0x0000000762300000|  0%| F|  |TAMS 0x0000000762200000, 0x0000000762200000| Untracked 
|1571|0x0000000762300000, 0x0000000762300000, 0x0000000762400000|  0%| F|  |TAMS 0x0000000762300000, 0x0000000762300000| Untracked 
|1572|0x0000000762400000, 0x0000000762400000, 0x0000000762500000|  0%| F|  |TAMS 0x0000000762400000, 0x0000000762400000| Untracked 
|1573|0x0000000762500000, 0x0000000762500000, 0x0000000762600000|  0%| F|  |TAMS 0x0000000762500000, 0x0000000762500000| Untracked 
|1574|0x0000000762600000, 0x0000000762600000, 0x0000000762700000|  0%| F|  |TAMS 0x0000000762600000, 0x0000000762600000| Untracked 
|1575|0x0000000762700000, 0x0000000762700000, 0x0000000762800000|  0%| F|  |TAMS 0x0000000762700000, 0x0000000762700000| Untracked 
|1576|0x0000000762800000, 0x0000000762800000, 0x0000000762900000|  0%| F|  |TAMS 0x0000000762800000, 0x0000000762800000| Untracked 
|1577|0x0000000762900000, 0x0000000762900000, 0x0000000762a00000|  0%| F|  |TAMS 0x0000000762900000, 0x0000000762900000| Untracked 
|1578|0x0000000762a00000, 0x0000000762a00000, 0x0000000762b00000|  0%| F|  |TAMS 0x0000000762a00000, 0x0000000762a00000| Untracked 
|1579|0x0000000762b00000, 0x0000000762b00000, 0x0000000762c00000|  0%| F|  |TAMS 0x0000000762b00000, 0x0000000762b00000| Untracked 
|1580|0x0000000762c00000, 0x0000000762c00000, 0x0000000762d00000|  0%| F|  |TAMS 0x0000000762c00000, 0x0000000762c00000| Untracked 
|1581|0x0000000762d00000, 0x0000000762d00000, 0x0000000762e00000|  0%| F|  |TAMS 0x0000000762d00000, 0x0000000762d00000| Untracked 
|1582|0x0000000762e00000, 0x0000000762e00000, 0x0000000762f00000|  0%| F|  |TAMS 0x0000000762e00000, 0x0000000762e00000| Untracked 
|1583|0x0000000762f00000, 0x0000000762f00000, 0x0000000763000000|  0%| F|  |TAMS 0x0000000762f00000, 0x0000000762f00000| Untracked 
|1584|0x0000000763000000, 0x0000000763000000, 0x0000000763100000|  0%| F|  |TAMS 0x0000000763000000, 0x0000000763000000| Untracked 
|1585|0x0000000763100000, 0x0000000763100000, 0x0000000763200000|  0%| F|  |TAMS 0x0000000763100000, 0x0000000763100000| Untracked 
|1586|0x0000000763200000, 0x0000000763200000, 0x0000000763300000|  0%| F|  |TAMS 0x0000000763200000, 0x0000000763200000| Untracked 
|1587|0x0000000763300000, 0x0000000763300000, 0x0000000763400000|  0%| F|  |TAMS 0x0000000763300000, 0x0000000763300000| Untracked 
|1588|0x0000000763400000, 0x0000000763400000, 0x0000000763500000|  0%| F|  |TAMS 0x0000000763400000, 0x0000000763400000| Untracked 
|1589|0x0000000763500000, 0x0000000763500000, 0x0000000763600000|  0%| F|  |TAMS 0x0000000763500000, 0x0000000763500000| Untracked 
|1590|0x0000000763600000, 0x0000000763600000, 0x0000000763700000|  0%| F|  |TAMS 0x0000000763600000, 0x0000000763600000| Untracked 
|1591|0x0000000763700000, 0x0000000763700000, 0x0000000763800000|  0%| F|  |TAMS 0x0000000763700000, 0x0000000763700000| Untracked 
|1592|0x0000000763800000, 0x0000000763800000, 0x0000000763900000|  0%| F|  |TAMS 0x0000000763800000, 0x0000000763800000| Untracked 
|1593|0x0000000763900000, 0x0000000763900000, 0x0000000763a00000|  0%| F|  |TAMS 0x0000000763900000, 0x0000000763900000| Untracked 
|1594|0x0000000763a00000, 0x0000000763a00000, 0x0000000763b00000|  0%| F|  |TAMS 0x0000000763a00000, 0x0000000763a00000| Untracked 
|1595|0x0000000763b00000, 0x0000000763b00000, 0x0000000763c00000|  0%| F|  |TAMS 0x0000000763b00000, 0x0000000763b00000| Untracked 
|1596|0x0000000763c00000, 0x0000000763c00000, 0x0000000763d00000|  0%| F|  |TAMS 0x0000000763c00000, 0x0000000763c00000| Untracked 
|1597|0x0000000763d00000, 0x0000000763d00000, 0x0000000763e00000|  0%| F|  |TAMS 0x0000000763d00000, 0x0000000763d00000| Untracked 
|1598|0x0000000763e00000, 0x0000000763e00000, 0x0000000763f00000|  0%| F|  |TAMS 0x0000000763e00000, 0x0000000763e00000| Untracked 
|1599|0x0000000763f00000, 0x0000000763f00000, 0x0000000764000000|  0%| F|  |TAMS 0x0000000763f00000, 0x0000000763f00000| Untracked 
|1600|0x0000000764000000, 0x0000000764000000, 0x0000000764100000|  0%| F|  |TAMS 0x0000000764000000, 0x0000000764000000| Untracked 
|1601|0x0000000764100000, 0x0000000764100000, 0x0000000764200000|  0%| F|  |TAMS 0x0000000764100000, 0x0000000764100000| Untracked 
|1602|0x0000000764200000, 0x0000000764200000, 0x0000000764300000|  0%| F|  |TAMS 0x0000000764200000, 0x0000000764200000| Untracked 
|1603|0x0000000764300000, 0x0000000764300000, 0x0000000764400000|  0%| F|  |TAMS 0x0000000764300000, 0x0000000764300000| Untracked 
|1604|0x0000000764400000, 0x0000000764400000, 0x0000000764500000|  0%| F|  |TAMS 0x0000000764400000, 0x0000000764400000| Untracked 
|1605|0x0000000764500000, 0x0000000764500000, 0x0000000764600000|  0%| F|  |TAMS 0x0000000764500000, 0x0000000764500000| Untracked 
|1606|0x0000000764600000, 0x0000000764600000, 0x0000000764700000|  0%| F|  |TAMS 0x0000000764600000, 0x0000000764600000| Untracked 
|1607|0x0000000764700000, 0x0000000764700000, 0x0000000764800000|  0%| F|  |TAMS 0x0000000764700000, 0x0000000764700000| Untracked 
|1608|0x0000000764800000, 0x0000000764800000, 0x0000000764900000|  0%| F|  |TAMS 0x0000000764800000, 0x0000000764800000| Untracked 
|1609|0x0000000764900000, 0x0000000764900000, 0x0000000764a00000|  0%| F|  |TAMS 0x0000000764900000, 0x0000000764900000| Untracked 
|1610|0x0000000764a00000, 0x0000000764a00000, 0x0000000764b00000|  0%| F|  |TAMS 0x0000000764a00000, 0x0000000764a00000| Untracked 
|1611|0x0000000764b00000, 0x0000000764b00000, 0x0000000764c00000|  0%| F|  |TAMS 0x0000000764b00000, 0x0000000764b00000| Untracked 
|1612|0x0000000764c00000, 0x0000000764c00000, 0x0000000764d00000|  0%| F|  |TAMS 0x0000000764c00000, 0x0000000764c00000| Untracked 
|1613|0x0000000764d00000, 0x0000000764d00000, 0x0000000764e00000|  0%| F|  |TAMS 0x0000000764d00000, 0x0000000764d00000| Untracked 
|1614|0x0000000764e00000, 0x0000000764e00000, 0x0000000764f00000|  0%| F|  |TAMS 0x0000000764e00000, 0x0000000764e00000| Untracked 
|1615|0x0000000764f00000, 0x0000000764f00000, 0x0000000765000000|  0%| F|  |TAMS 0x0000000764f00000, 0x0000000764f00000| Untracked 
|1616|0x0000000765000000, 0x0000000765000000, 0x0000000765100000|  0%| F|  |TAMS 0x0000000765000000, 0x0000000765000000| Untracked 
|1617|0x0000000765100000, 0x0000000765100000, 0x0000000765200000|  0%| F|  |TAMS 0x0000000765100000, 0x0000000765100000| Untracked 
|1618|0x0000000765200000, 0x0000000765200000, 0x0000000765300000|  0%| F|  |TAMS 0x0000000765200000, 0x0000000765200000| Untracked 
|1619|0x0000000765300000, 0x0000000765300000, 0x0000000765400000|  0%| F|  |TAMS 0x0000000765300000, 0x0000000765300000| Untracked 
|1620|0x0000000765400000, 0x0000000765400000, 0x0000000765500000|  0%| F|  |TAMS 0x0000000765400000, 0x0000000765400000| Untracked 
|1621|0x0000000765500000, 0x0000000765500000, 0x0000000765600000|  0%| F|  |TAMS 0x0000000765500000, 0x0000000765500000| Untracked 
|1622|0x0000000765600000, 0x0000000765600000, 0x0000000765700000|  0%| F|  |TAMS 0x0000000765600000, 0x0000000765600000| Untracked 
|1623|0x0000000765700000, 0x0000000765700000, 0x0000000765800000|  0%| F|  |TAMS 0x0000000765700000, 0x0000000765700000| Untracked 
|1624|0x0000000765800000, 0x0000000765800000, 0x0000000765900000|  0%| F|  |TAMS 0x0000000765800000, 0x0000000765800000| Untracked 
|1625|0x0000000765900000, 0x0000000765900000, 0x0000000765a00000|  0%| F|  |TAMS 0x0000000765900000, 0x0000000765900000| Untracked 
|1626|0x0000000765a00000, 0x0000000765a00000, 0x0000000765b00000|  0%| F|  |TAMS 0x0000000765a00000, 0x0000000765a00000| Untracked 
|1627|0x0000000765b00000, 0x0000000765b00000, 0x0000000765c00000|  0%| F|  |TAMS 0x0000000765b00000, 0x0000000765b00000| Untracked 
|1628|0x0000000765c00000, 0x0000000765c00000, 0x0000000765d00000|  0%| F|  |TAMS 0x0000000765c00000, 0x0000000765c00000| Untracked 
|1629|0x0000000765d00000, 0x0000000765d00000, 0x0000000765e00000|  0%| F|  |TAMS 0x0000000765d00000, 0x0000000765d00000| Untracked 
|1630|0x0000000765e00000, 0x0000000765e00000, 0x0000000765f00000|  0%| F|  |TAMS 0x0000000765e00000, 0x0000000765e00000| Untracked 
|1631|0x0000000765f00000, 0x0000000765f00000, 0x0000000766000000|  0%| F|  |TAMS 0x0000000765f00000, 0x0000000765f00000| Untracked 
|1632|0x0000000766000000, 0x0000000766000000, 0x0000000766100000|  0%| F|  |TAMS 0x0000000766000000, 0x0000000766000000| Untracked 
|1633|0x0000000766100000, 0x0000000766100000, 0x0000000766200000|  0%| F|  |TAMS 0x0000000766100000, 0x0000000766100000| Untracked 
|1634|0x0000000766200000, 0x0000000766200000, 0x0000000766300000|  0%| F|  |TAMS 0x0000000766200000, 0x0000000766200000| Untracked 
|1635|0x0000000766300000, 0x0000000766300000, 0x0000000766400000|  0%| F|  |TAMS 0x0000000766300000, 0x0000000766300000| Untracked 
|1636|0x0000000766400000, 0x0000000766400000, 0x0000000766500000|  0%| F|  |TAMS 0x0000000766400000, 0x0000000766400000| Untracked 
|1637|0x0000000766500000, 0x0000000766500000, 0x0000000766600000|  0%| F|  |TAMS 0x0000000766500000, 0x0000000766500000| Untracked 
|1638|0x0000000766600000, 0x0000000766600000, 0x0000000766700000|  0%| F|  |TAMS 0x0000000766600000, 0x0000000766600000| Untracked 
|1639|0x0000000766700000, 0x0000000766700000, 0x0000000766800000|  0%| F|  |TAMS 0x0000000766700000, 0x0000000766700000| Untracked 
|1640|0x0000000766800000, 0x0000000766800000, 0x0000000766900000|  0%| F|  |TAMS 0x0000000766800000, 0x0000000766800000| Untracked 
|1641|0x0000000766900000, 0x0000000766900000, 0x0000000766a00000|  0%| F|  |TAMS 0x0000000766900000, 0x0000000766900000| Untracked 
|1642|0x0000000766a00000, 0x0000000766a00000, 0x0000000766b00000|  0%| F|  |TAMS 0x0000000766a00000, 0x0000000766a00000| Untracked 
|1643|0x0000000766b00000, 0x0000000766b00000, 0x0000000766c00000|  0%| F|  |TAMS 0x0000000766b00000, 0x0000000766b00000| Untracked 
|1644|0x0000000766c00000, 0x0000000766c00000, 0x0000000766d00000|  0%| F|  |TAMS 0x0000000766c00000, 0x0000000766c00000| Untracked 
|1645|0x0000000766d00000, 0x0000000766d00000, 0x0000000766e00000|  0%| F|  |TAMS 0x0000000766d00000, 0x0000000766d00000| Untracked 
|1646|0x0000000766e00000, 0x0000000766e00000, 0x0000000766f00000|  0%| F|  |TAMS 0x0000000766e00000, 0x0000000766e00000| Untracked 
|1647|0x0000000766f00000, 0x0000000766f00000, 0x0000000767000000|  0%| F|  |TAMS 0x0000000766f00000, 0x0000000766f00000| Untracked 
|1648|0x0000000767000000, 0x0000000767000000, 0x0000000767100000|  0%| F|  |TAMS 0x0000000767000000, 0x0000000767000000| Untracked 
|1649|0x0000000767100000, 0x0000000767100000, 0x0000000767200000|  0%| F|  |TAMS 0x0000000767100000, 0x0000000767100000| Untracked 
|1650|0x0000000767200000, 0x0000000767200000, 0x0000000767300000|  0%| F|  |TAMS 0x0000000767200000, 0x0000000767200000| Untracked 
|1651|0x0000000767300000, 0x0000000767300000, 0x0000000767400000|  0%| F|  |TAMS 0x0000000767300000, 0x0000000767300000| Untracked 
|1652|0x0000000767400000, 0x0000000767400000, 0x0000000767500000|  0%| F|  |TAMS 0x0000000767400000, 0x0000000767400000| Untracked 
|1653|0x0000000767500000, 0x0000000767500000, 0x0000000767600000|  0%| F|  |TAMS 0x0000000767500000, 0x0000000767500000| Untracked 
|1654|0x0000000767600000, 0x0000000767600000, 0x0000000767700000|  0%| F|  |TAMS 0x0000000767600000, 0x0000000767600000| Untracked 
|1655|0x0000000767700000, 0x0000000767700000, 0x0000000767800000|  0%| F|  |TAMS 0x0000000767700000, 0x0000000767700000| Untracked 
|1656|0x0000000767800000, 0x0000000767800000, 0x0000000767900000|  0%| F|  |TAMS 0x0000000767800000, 0x0000000767800000| Untracked 
|1657|0x0000000767900000, 0x0000000767900000, 0x0000000767a00000|  0%| F|  |TAMS 0x0000000767900000, 0x0000000767900000| Untracked 
|1658|0x0000000767a00000, 0x0000000767a00000, 0x0000000767b00000|  0%| F|  |TAMS 0x0000000767a00000, 0x0000000767a00000| Untracked 
|1659|0x0000000767b00000, 0x0000000767b00000, 0x0000000767c00000|  0%| F|  |TAMS 0x0000000767b00000, 0x0000000767b00000| Untracked 
|1660|0x0000000767c00000, 0x0000000767c00000, 0x0000000767d00000|  0%| F|  |TAMS 0x0000000767c00000, 0x0000000767c00000| Untracked 
|1661|0x0000000767d00000, 0x0000000767d00000, 0x0000000767e00000|  0%| F|  |TAMS 0x0000000767d00000, 0x0000000767d00000| Untracked 
|1662|0x0000000767e00000, 0x0000000767e00000, 0x0000000767f00000|  0%| F|  |TAMS 0x0000000767e00000, 0x0000000767e00000| Untracked 
|1663|0x0000000767f00000, 0x0000000767f00000, 0x0000000768000000|  0%| F|  |TAMS 0x0000000767f00000, 0x0000000767f00000| Untracked 
|1664|0x0000000768000000, 0x0000000768000000, 0x0000000768100000|  0%| F|  |TAMS 0x0000000768000000, 0x0000000768000000| Untracked 
|1665|0x0000000768100000, 0x0000000768100000, 0x0000000768200000|  0%| F|  |TAMS 0x0000000768100000, 0x0000000768100000| Untracked 
|1666|0x0000000768200000, 0x0000000768200000, 0x0000000768300000|  0%| F|  |TAMS 0x0000000768200000, 0x0000000768200000| Untracked 
|1667|0x0000000768300000, 0x0000000768300000, 0x0000000768400000|  0%| F|  |TAMS 0x0000000768300000, 0x0000000768300000| Untracked 
|1668|0x0000000768400000, 0x0000000768400000, 0x0000000768500000|  0%| F|  |TAMS 0x0000000768400000, 0x0000000768400000| Untracked 
|1669|0x0000000768500000, 0x0000000768500000, 0x0000000768600000|  0%| F|  |TAMS 0x0000000768500000, 0x0000000768500000| Untracked 
|1670|0x0000000768600000, 0x0000000768600000, 0x0000000768700000|  0%| F|  |TAMS 0x0000000768600000, 0x0000000768600000| Untracked 
|1671|0x0000000768700000, 0x0000000768700000, 0x0000000768800000|  0%| F|  |TAMS 0x0000000768700000, 0x0000000768700000| Untracked 
|1672|0x0000000768800000, 0x0000000768800000, 0x0000000768900000|  0%| F|  |TAMS 0x0000000768800000, 0x0000000768800000| Untracked 
|1673|0x0000000768900000, 0x0000000768900000, 0x0000000768a00000|  0%| F|  |TAMS 0x0000000768900000, 0x0000000768900000| Untracked 
|1674|0x0000000768a00000, 0x0000000768a00000, 0x0000000768b00000|  0%| F|  |TAMS 0x0000000768a00000, 0x0000000768a00000| Untracked 
|1675|0x0000000768b00000, 0x0000000768b00000, 0x0000000768c00000|  0%| F|  |TAMS 0x0000000768b00000, 0x0000000768b00000| Untracked 
|1676|0x0000000768c00000, 0x0000000768c00000, 0x0000000768d00000|  0%| F|  |TAMS 0x0000000768c00000, 0x0000000768c00000| Untracked 
|1677|0x0000000768d00000, 0x0000000768d00000, 0x0000000768e00000|  0%| F|  |TAMS 0x0000000768d00000, 0x0000000768d00000| Untracked 
|1678|0x0000000768e00000, 0x0000000768e00000, 0x0000000768f00000|  0%| F|  |TAMS 0x0000000768e00000, 0x0000000768e00000| Untracked 
|1679|0x0000000768f00000, 0x0000000768f00000, 0x0000000769000000|  0%| F|  |TAMS 0x0000000768f00000, 0x0000000768f00000| Untracked 
|1680|0x0000000769000000, 0x0000000769000000, 0x0000000769100000|  0%| F|  |TAMS 0x0000000769000000, 0x0000000769000000| Untracked 
|1681|0x0000000769100000, 0x0000000769100000, 0x0000000769200000|  0%| F|  |TAMS 0x0000000769100000, 0x0000000769100000| Untracked 
|1682|0x0000000769200000, 0x0000000769200000, 0x0000000769300000|  0%| F|  |TAMS 0x0000000769200000, 0x0000000769200000| Untracked 
|1683|0x0000000769300000, 0x0000000769300000, 0x0000000769400000|  0%| F|  |TAMS 0x0000000769300000, 0x0000000769300000| Untracked 
|1684|0x0000000769400000, 0x0000000769400000, 0x0000000769500000|  0%| F|  |TAMS 0x0000000769400000, 0x0000000769400000| Untracked 
|1685|0x0000000769500000, 0x0000000769500000, 0x0000000769600000|  0%| F|  |TAMS 0x0000000769500000, 0x0000000769500000| Untracked 
|1686|0x0000000769600000, 0x0000000769600000, 0x0000000769700000|  0%| F|  |TAMS 0x0000000769600000, 0x0000000769600000| Untracked 
|1687|0x0000000769700000, 0x0000000769700000, 0x0000000769800000|  0%| F|  |TAMS 0x0000000769700000, 0x0000000769700000| Untracked 
|1688|0x0000000769800000, 0x0000000769800000, 0x0000000769900000|  0%| F|  |TAMS 0x0000000769800000, 0x0000000769800000| Untracked 
|1689|0x0000000769900000, 0x0000000769900000, 0x0000000769a00000|  0%| F|  |TAMS 0x0000000769900000, 0x0000000769900000| Untracked 
|1690|0x0000000769a00000, 0x0000000769a00000, 0x0000000769b00000|  0%| F|  |TAMS 0x0000000769a00000, 0x0000000769a00000| Untracked 
|1691|0x0000000769b00000, 0x0000000769b00000, 0x0000000769c00000|  0%| F|  |TAMS 0x0000000769b00000, 0x0000000769b00000| Untracked 
|1692|0x0000000769c00000, 0x0000000769c00000, 0x0000000769d00000|  0%| F|  |TAMS 0x0000000769c00000, 0x0000000769c00000| Untracked 
|1693|0x0000000769d00000, 0x0000000769d00000, 0x0000000769e00000|  0%| F|  |TAMS 0x0000000769d00000, 0x0000000769d00000| Untracked 
|1694|0x0000000769e00000, 0x0000000769e00000, 0x0000000769f00000|  0%| F|  |TAMS 0x0000000769e00000, 0x0000000769e00000| Untracked 
|1695|0x0000000769f00000, 0x0000000769f00000, 0x000000076a000000|  0%| F|  |TAMS 0x0000000769f00000, 0x0000000769f00000| Untracked 
|1696|0x000000076a000000, 0x000000076a000000, 0x000000076a100000|  0%| F|  |TAMS 0x000000076a000000, 0x000000076a000000| Untracked 
|1697|0x000000076a100000, 0x000000076a100000, 0x000000076a200000|  0%| F|  |TAMS 0x000000076a100000, 0x000000076a100000| Untracked 
|1698|0x000000076a200000, 0x000000076a200000, 0x000000076a300000|  0%| F|  |TAMS 0x000000076a200000, 0x000000076a200000| Untracked 
|1699|0x000000076a300000, 0x000000076a300000, 0x000000076a400000|  0%| F|  |TAMS 0x000000076a300000, 0x000000076a300000| Untracked 
|1700|0x000000076a400000, 0x000000076a400000, 0x000000076a500000|  0%| F|  |TAMS 0x000000076a400000, 0x000000076a400000| Untracked 
|1701|0x000000076a500000, 0x000000076a500000, 0x000000076a600000|  0%| F|  |TAMS 0x000000076a500000, 0x000000076a500000| Untracked 
|1702|0x000000076a600000, 0x000000076a600000, 0x000000076a700000|  0%| F|  |TAMS 0x000000076a600000, 0x000000076a600000| Untracked 
|1703|0x000000076a700000, 0x000000076a700000, 0x000000076a800000|  0%| F|  |TAMS 0x000000076a700000, 0x000000076a700000| Untracked 
|1704|0x000000076a800000, 0x000000076a800000, 0x000000076a900000|  0%| F|  |TAMS 0x000000076a800000, 0x000000076a800000| Untracked 
|1705|0x000000076a900000, 0x000000076a900000, 0x000000076aa00000|  0%| F|  |TAMS 0x000000076a900000, 0x000000076a900000| Untracked 
|1706|0x000000076aa00000, 0x000000076aa00000, 0x000000076ab00000|  0%| F|  |TAMS 0x000000076aa00000, 0x000000076aa00000| Untracked 
|1707|0x000000076ab00000, 0x000000076ab00000, 0x000000076ac00000|  0%| F|  |TAMS 0x000000076ab00000, 0x000000076ab00000| Untracked 
|1708|0x000000076ac00000, 0x000000076ac00000, 0x000000076ad00000|  0%| F|  |TAMS 0x000000076ac00000, 0x000000076ac00000| Untracked 
|1709|0x000000076ad00000, 0x000000076ad00000, 0x000000076ae00000|  0%| F|  |TAMS 0x000000076ad00000, 0x000000076ad00000| Untracked 
|1710|0x000000076ae00000, 0x000000076ae00000, 0x000000076af00000|  0%| F|  |TAMS 0x000000076ae00000, 0x000000076ae00000| Untracked 
|1711|0x000000076af00000, 0x000000076af00000, 0x000000076b000000|  0%| F|  |TAMS 0x000000076af00000, 0x000000076af00000| Untracked 
|1712|0x000000076b000000, 0x000000076b000000, 0x000000076b100000|  0%| F|  |TAMS 0x000000076b000000, 0x000000076b000000| Untracked 
|1713|0x000000076b100000, 0x000000076b100000, 0x000000076b200000|  0%| F|  |TAMS 0x000000076b100000, 0x000000076b100000| Untracked 
|1714|0x000000076b200000, 0x000000076b200000, 0x000000076b300000|  0%| F|  |TAMS 0x000000076b200000, 0x000000076b200000| Untracked 
|1715|0x000000076b300000, 0x000000076b300000, 0x000000076b400000|  0%| F|  |TAMS 0x000000076b300000, 0x000000076b300000| Untracked 
|1716|0x000000076b400000, 0x000000076b400000, 0x000000076b500000|  0%| F|  |TAMS 0x000000076b400000, 0x000000076b400000| Untracked 
|1717|0x000000076b500000, 0x000000076b500000, 0x000000076b600000|  0%| F|  |TAMS 0x000000076b500000, 0x000000076b500000| Untracked 
|1718|0x000000076b600000, 0x000000076b600000, 0x000000076b700000|  0%| F|  |TAMS 0x000000076b600000, 0x000000076b600000| Untracked 
|1719|0x000000076b700000, 0x000000076b700000, 0x000000076b800000|  0%| F|  |TAMS 0x000000076b700000, 0x000000076b700000| Untracked 
|1720|0x000000076b800000, 0x000000076b800000, 0x000000076b900000|  0%| F|  |TAMS 0x000000076b800000, 0x000000076b800000| Untracked 
|1721|0x000000076b900000, 0x000000076b900000, 0x000000076ba00000|  0%| F|  |TAMS 0x000000076b900000, 0x000000076b900000| Untracked 
|1722|0x000000076ba00000, 0x000000076ba00000, 0x000000076bb00000|  0%| F|  |TAMS 0x000000076ba00000, 0x000000076ba00000| Untracked 
|1723|0x000000076bb00000, 0x000000076bb00000, 0x000000076bc00000|  0%| F|  |TAMS 0x000000076bb00000, 0x000000076bb00000| Untracked 
|1724|0x000000076bc00000, 0x000000076bc00000, 0x000000076bd00000|  0%| F|  |TAMS 0x000000076bc00000, 0x000000076bc00000| Untracked 
|1725|0x000000076bd00000, 0x000000076bd00000, 0x000000076be00000|  0%| F|  |TAMS 0x000000076bd00000, 0x000000076bd00000| Untracked 
|1726|0x000000076be00000, 0x000000076be00000, 0x000000076bf00000|  0%| F|  |TAMS 0x000000076be00000, 0x000000076be00000| Untracked 
|1727|0x000000076bf00000, 0x000000076bf00000, 0x000000076c000000|  0%| F|  |TAMS 0x000000076bf00000, 0x000000076bf00000| Untracked 
|1728|0x000000076c000000, 0x000000076c000000, 0x000000076c100000|  0%| F|  |TAMS 0x000000076c000000, 0x000000076c000000| Untracked 
|1729|0x000000076c100000, 0x000000076c100000, 0x000000076c200000|  0%| F|  |TAMS 0x000000076c100000, 0x000000076c100000| Untracked 
|1730|0x000000076c200000, 0x000000076c300000, 0x000000076c300000|100%| E|  |TAMS 0x000000076c200000, 0x000000076c200000| Complete 
|1731|0x000000076c300000, 0x000000076c400000, 0x000000076c400000|100%| E|CS|TAMS 0x000000076c300000, 0x000000076c300000| Complete 
|1732|0x000000076c400000, 0x000000076c500000, 0x000000076c500000|100%| E|CS|TAMS 0x000000076c400000, 0x000000076c400000| Complete 
|1733|0x000000076c500000, 0x000000076c600000, 0x000000076c600000|100%| E|CS|TAMS 0x000000076c500000, 0x000000076c500000| Complete 
|1734|0x000000076c600000, 0x000000076c700000, 0x000000076c700000|100%| E|CS|TAMS 0x000000076c600000, 0x000000076c600000| Complete 
|1735|0x000000076c700000, 0x000000076c800000, 0x000000076c800000|100%| E|CS|TAMS 0x000000076c700000, 0x000000076c700000| Complete 
|1736|0x000000076c800000, 0x000000076c900000, 0x000000076c900000|100%| E|CS|TAMS 0x000000076c800000, 0x000000076c800000| Complete 
|1737|0x000000076c900000, 0x000000076ca00000, 0x000000076ca00000|100%| E|  |TAMS 0x000000076c900000, 0x000000076c900000| Complete 
|1738|0x000000076ca00000, 0x000000076cb00000, 0x000000076cb00000|100%| E|CS|TAMS 0x000000076ca00000, 0x000000076ca00000| Complete 
|1739|0x000000076cb00000, 0x000000076cc00000, 0x000000076cc00000|100%| E|CS|TAMS 0x000000076cb00000, 0x000000076cb00000| Complete 
|1740|0x000000076cc00000, 0x000000076cd00000, 0x000000076cd00000|100%| E|CS|TAMS 0x000000076cc00000, 0x000000076cc00000| Complete 
|1741|0x000000076cd00000, 0x000000076ce00000, 0x000000076ce00000|100%| E|CS|TAMS 0x000000076cd00000, 0x000000076cd00000| Complete 
|1742|0x000000076ce00000, 0x000000076cf00000, 0x000000076cf00000|100%| E|CS|TAMS 0x000000076ce00000, 0x000000076ce00000| Complete 
|1743|0x000000076cf00000, 0x000000076d000000, 0x000000076d000000|100%| E|CS|TAMS 0x000000076cf00000, 0x000000076cf00000| Complete 
|1744|0x000000076d000000, 0x000000076d100000, 0x000000076d100000|100%| E|CS|TAMS 0x000000076d000000, 0x000000076d000000| Complete 
|1745|0x000000076d100000, 0x000000076d200000, 0x000000076d200000|100%| E|CS|TAMS 0x000000076d100000, 0x000000076d100000| Complete 
|1746|0x000000076d200000, 0x000000076d300000, 0x000000076d300000|100%| E|CS|TAMS 0x000000076d200000, 0x000000076d200000| Complete 
|1747|0x000000076d300000, 0x000000076d400000, 0x000000076d400000|100%| E|CS|TAMS 0x000000076d300000, 0x000000076d300000| Complete 
|1748|0x000000076d400000, 0x000000076d500000, 0x000000076d500000|100%| E|CS|TAMS 0x000000076d400000, 0x000000076d400000| Complete 
|1749|0x000000076d500000, 0x000000076d600000, 0x000000076d600000|100%| E|CS|TAMS 0x000000076d500000, 0x000000076d500000| Complete 
|1750|0x000000076d600000, 0x000000076d700000, 0x000000076d700000|100%| E|CS|TAMS 0x000000076d600000, 0x000000076d600000| Complete 
|1751|0x000000076d700000, 0x000000076d800000, 0x000000076d800000|100%| E|CS|TAMS 0x000000076d700000, 0x000000076d700000| Complete 
|1752|0x000000076d800000, 0x000000076d900000, 0x000000076d900000|100%| E|CS|TAMS 0x000000076d800000, 0x000000076d800000| Complete 
|1753|0x000000076d900000, 0x000000076da00000, 0x000000076da00000|100%| E|CS|TAMS 0x000000076d900000, 0x000000076d900000| Complete 
|1754|0x000000076da00000, 0x000000076db00000, 0x000000076db00000|100%| E|CS|TAMS 0x000000076da00000, 0x000000076da00000| Complete 
|1755|0x000000076db00000, 0x000000076dc00000, 0x000000076dc00000|100%| E|CS|TAMS 0x000000076db00000, 0x000000076db00000| Complete 
|1756|0x000000076dc00000, 0x000000076dd00000, 0x000000076dd00000|100%| E|CS|TAMS 0x000000076dc00000, 0x000000076dc00000| Complete 
|1757|0x000000076dd00000, 0x000000076de00000, 0x000000076de00000|100%| E|CS|TAMS 0x000000076dd00000, 0x000000076dd00000| Complete 
|1758|0x000000076de00000, 0x000000076df00000, 0x000000076df00000|100%| E|CS|TAMS 0x000000076de00000, 0x000000076de00000| Complete 
|1759|0x000000076df00000, 0x000000076e000000, 0x000000076e000000|100%| E|CS|TAMS 0x000000076df00000, 0x000000076df00000| Complete 
|1760|0x000000076e000000, 0x000000076e100000, 0x000000076e100000|100%| E|CS|TAMS 0x000000076e000000, 0x000000076e000000| Complete 
|1761|0x000000076e100000, 0x000000076e200000, 0x000000076e200000|100%| E|CS|TAMS 0x000000076e100000, 0x000000076e100000| Complete 
|1762|0x000000076e200000, 0x000000076e300000, 0x000000076e300000|100%| E|CS|TAMS 0x000000076e200000, 0x000000076e200000| Complete 
|1763|0x000000076e300000, 0x000000076e400000, 0x000000076e400000|100%| E|CS|TAMS 0x000000076e300000, 0x000000076e300000| Complete 
|1764|0x000000076e400000, 0x000000076e500000, 0x000000076e500000|100%| E|CS|TAMS 0x000000076e400000, 0x000000076e400000| Complete 
|1765|0x000000076e500000, 0x000000076e600000, 0x000000076e600000|100%| E|CS|TAMS 0x000000076e500000, 0x000000076e500000| Complete 
|1766|0x000000076e600000, 0x000000076e700000, 0x000000076e700000|100%| E|CS|TAMS 0x000000076e600000, 0x000000076e600000| Complete 
|1767|0x000000076e700000, 0x000000076e800000, 0x000000076e800000|100%| E|CS|TAMS 0x000000076e700000, 0x000000076e700000| Complete 
|1768|0x000000076e800000, 0x000000076e900000, 0x000000076e900000|100%| E|CS|TAMS 0x000000076e800000, 0x000000076e800000| Complete 
|1769|0x000000076e900000, 0x000000076ea00000, 0x000000076ea00000|100%| E|CS|TAMS 0x000000076e900000, 0x000000076e900000| Complete 
|1770|0x000000076ea00000, 0x000000076eb00000, 0x000000076eb00000|100%| E|CS|TAMS 0x000000076ea00000, 0x000000076ea00000| Complete 
|1771|0x000000076eb00000, 0x000000076ec00000, 0x000000076ec00000|100%| E|CS|TAMS 0x000000076eb00000, 0x000000076eb00000| Complete 
|1772|0x000000076ec00000, 0x000000076ed00000, 0x000000076ed00000|100%| E|CS|TAMS 0x000000076ec00000, 0x000000076ec00000| Complete 
|1773|0x000000076ed00000, 0x000000076ee00000, 0x000000076ee00000|100%| E|CS|TAMS 0x000000076ed00000, 0x000000076ed00000| Complete 
|1774|0x000000076ee00000, 0x000000076ef00000, 0x000000076ef00000|100%| E|CS|TAMS 0x000000076ee00000, 0x000000076ee00000| Complete 
|1775|0x000000076ef00000, 0x000000076f000000, 0x000000076f000000|100%| E|CS|TAMS 0x000000076ef00000, 0x000000076ef00000| Complete 
|1776|0x000000076f000000, 0x000000076f100000, 0x000000076f100000|100%| E|CS|TAMS 0x000000076f000000, 0x000000076f000000| Complete 
|1777|0x000000076f100000, 0x000000076f200000, 0x000000076f200000|100%| E|CS|TAMS 0x000000076f100000, 0x000000076f100000| Complete 
|1778|0x000000076f200000, 0x000000076f300000, 0x000000076f300000|100%| E|CS|TAMS 0x000000076f200000, 0x000000076f200000| Complete 
|1779|0x000000076f300000, 0x000000076f400000, 0x000000076f400000|100%| E|CS|TAMS 0x000000076f300000, 0x000000076f300000| Complete 
|1780|0x000000076f400000, 0x000000076f500000, 0x000000076f500000|100%| E|CS|TAMS 0x000000076f400000, 0x000000076f400000| Complete 
|1781|0x000000076f500000, 0x000000076f600000, 0x000000076f600000|100%| E|CS|TAMS 0x000000076f500000, 0x000000076f500000| Complete 
|1782|0x000000076f600000, 0x000000076f700000, 0x000000076f700000|100%| E|CS|TAMS 0x000000076f600000, 0x000000076f600000| Complete 
|1783|0x000000076f700000, 0x000000076f800000, 0x000000076f800000|100%| E|CS|TAMS 0x000000076f700000, 0x000000076f700000| Complete 
|1784|0x000000076f800000, 0x000000076f900000, 0x000000076f900000|100%| E|CS|TAMS 0x000000076f800000, 0x000000076f800000| Complete 
|1785|0x000000076f900000, 0x000000076fa00000, 0x000000076fa00000|100%| E|CS|TAMS 0x000000076f900000, 0x000000076f900000| Complete 
|1786|0x000000076fa00000, 0x000000076fb00000, 0x000000076fb00000|100%| E|CS|TAMS 0x000000076fa00000, 0x000000076fa00000| Complete 
|1787|0x000000076fb00000, 0x000000076fc00000, 0x000000076fc00000|100%| E|CS|TAMS 0x000000076fb00000, 0x000000076fb00000| Complete 
|1788|0x000000076fc00000, 0x000000076fd00000, 0x000000076fd00000|100%| E|CS|TAMS 0x000000076fc00000, 0x000000076fc00000| Complete 
|1789|0x000000076fd00000, 0x000000076fe00000, 0x000000076fe00000|100%| E|CS|TAMS 0x000000076fd00000, 0x000000076fd00000| Complete 
|1790|0x000000076fe00000, 0x000000076ff00000, 0x000000076ff00000|100%| E|CS|TAMS 0x000000076fe00000, 0x000000076fe00000| Complete 
|1791|0x000000076ff00000, 0x0000000770000000, 0x0000000770000000|100%| E|CS|TAMS 0x000000076ff00000, 0x000000076ff00000| Complete 
|1792|0x0000000770000000, 0x0000000770100000, 0x0000000770100000|100%| E|CS|TAMS 0x0000000770000000, 0x0000000770000000| Complete 
|1793|0x0000000770100000, 0x0000000770200000, 0x0000000770200000|100%| E|CS|TAMS 0x0000000770100000, 0x0000000770100000| Complete 
|1794|0x0000000770200000, 0x0000000770300000, 0x0000000770300000|100%| E|CS|TAMS 0x0000000770200000, 0x0000000770200000| Complete 
|1795|0x0000000770300000, 0x0000000770400000, 0x0000000770400000|100%| E|CS|TAMS 0x0000000770300000, 0x0000000770300000| Complete 
|1796|0x0000000770400000, 0x0000000770500000, 0x0000000770500000|100%| E|CS|TAMS 0x0000000770400000, 0x0000000770400000| Complete 
|1797|0x0000000770500000, 0x0000000770600000, 0x0000000770600000|100%| E|CS|TAMS 0x0000000770500000, 0x0000000770500000| Complete 
|1798|0x0000000770600000, 0x0000000770700000, 0x0000000770700000|100%| E|CS|TAMS 0x0000000770600000, 0x0000000770600000| Complete 
|1799|0x0000000770700000, 0x0000000770800000, 0x0000000770800000|100%| E|CS|TAMS 0x0000000770700000, 0x0000000770700000| Complete 
|1800|0x0000000770800000, 0x0000000770900000, 0x0000000770900000|100%| E|CS|TAMS 0x0000000770800000, 0x0000000770800000| Complete 
|1801|0x0000000770900000, 0x0000000770a00000, 0x0000000770a00000|100%| E|CS|TAMS 0x0000000770900000, 0x0000000770900000| Complete 
|1802|0x0000000770a00000, 0x0000000770b00000, 0x0000000770b00000|100%| E|CS|TAMS 0x0000000770a00000, 0x0000000770a00000| Complete 
|1803|0x0000000770b00000, 0x0000000770c00000, 0x0000000770c00000|100%| E|CS|TAMS 0x0000000770b00000, 0x0000000770b00000| Complete 
|1804|0x0000000770c00000, 0x0000000770d00000, 0x0000000770d00000|100%| E|CS|TAMS 0x0000000770c00000, 0x0000000770c00000| Complete 
|1805|0x0000000770d00000, 0x0000000770e00000, 0x0000000770e00000|100%| E|CS|TAMS 0x0000000770d00000, 0x0000000770d00000| Complete 
|1806|0x0000000770e00000, 0x0000000770f00000, 0x0000000770f00000|100%| E|CS|TAMS 0x0000000770e00000, 0x0000000770e00000| Complete 
|1807|0x0000000770f00000, 0x0000000771000000, 0x0000000771000000|100%| E|CS|TAMS 0x0000000770f00000, 0x0000000770f00000| Complete 
|1808|0x0000000771000000, 0x0000000771100000, 0x0000000771100000|100%| E|CS|TAMS 0x0000000771000000, 0x0000000771000000| Complete 
|1809|0x0000000771100000, 0x0000000771200000, 0x0000000771200000|100%| E|CS|TAMS 0x0000000771100000, 0x0000000771100000| Complete 
|1810|0x0000000771200000, 0x0000000771300000, 0x0000000771300000|100%| E|CS|TAMS 0x0000000771200000, 0x0000000771200000| Complete 
|1811|0x0000000771300000, 0x0000000771400000, 0x0000000771400000|100%| E|CS|TAMS 0x0000000771300000, 0x0000000771300000| Complete 
|1812|0x0000000771400000, 0x0000000771500000, 0x0000000771500000|100%| E|CS|TAMS 0x0000000771400000, 0x0000000771400000| Complete 
|1813|0x0000000771500000, 0x0000000771600000, 0x0000000771600000|100%| E|CS|TAMS 0x0000000771500000, 0x0000000771500000| Complete 
|1814|0x0000000771600000, 0x0000000771700000, 0x0000000771700000|100%| E|CS|TAMS 0x0000000771600000, 0x0000000771600000| Complete 
|1815|0x0000000771700000, 0x0000000771800000, 0x0000000771800000|100%| E|CS|TAMS 0x0000000771700000, 0x0000000771700000| Complete 
|1816|0x0000000771800000, 0x0000000771900000, 0x0000000771900000|100%| E|CS|TAMS 0x0000000771800000, 0x0000000771800000| Complete 
|1817|0x0000000771900000, 0x0000000771a00000, 0x0000000771a00000|100%| E|CS|TAMS 0x0000000771900000, 0x0000000771900000| Complete 
|1818|0x0000000771a00000, 0x0000000771b00000, 0x0000000771b00000|100%| E|CS|TAMS 0x0000000771a00000, 0x0000000771a00000| Complete 
|1819|0x0000000771b00000, 0x0000000771c00000, 0x0000000771c00000|100%| E|CS|TAMS 0x0000000771b00000, 0x0000000771b00000| Complete 
|1820|0x0000000771c00000, 0x0000000771d00000, 0x0000000771d00000|100%| E|CS|TAMS 0x0000000771c00000, 0x0000000771c00000| Complete 
|1821|0x0000000771d00000, 0x0000000771e00000, 0x0000000771e00000|100%| E|CS|TAMS 0x0000000771d00000, 0x0000000771d00000| Complete 
|1822|0x0000000771e00000, 0x0000000771f00000, 0x0000000771f00000|100%| E|CS|TAMS 0x0000000771e00000, 0x0000000771e00000| Complete 
|1823|0x0000000771f00000, 0x0000000772000000, 0x0000000772000000|100%| E|CS|TAMS 0x0000000771f00000, 0x0000000771f00000| Complete 
|1824|0x0000000772000000, 0x0000000772100000, 0x0000000772100000|100%| E|CS|TAMS 0x0000000772000000, 0x0000000772000000| Complete 
|1825|0x0000000772100000, 0x0000000772200000, 0x0000000772200000|100%| E|CS|TAMS 0x0000000772100000, 0x0000000772100000| Complete 
|1826|0x0000000772200000, 0x0000000772300000, 0x0000000772300000|100%| E|CS|TAMS 0x0000000772200000, 0x0000000772200000| Complete 
|1827|0x0000000772300000, 0x0000000772400000, 0x0000000772400000|100%| E|CS|TAMS 0x0000000772300000, 0x0000000772300000| Complete 
|1828|0x0000000772400000, 0x0000000772500000, 0x0000000772500000|100%| E|CS|TAMS 0x0000000772400000, 0x0000000772400000| Complete 
|1829|0x0000000772500000, 0x0000000772600000, 0x0000000772600000|100%| E|CS|TAMS 0x0000000772500000, 0x0000000772500000| Complete 
|1830|0x0000000772600000, 0x0000000772700000, 0x0000000772700000|100%| E|CS|TAMS 0x0000000772600000, 0x0000000772600000| Complete 
|1831|0x0000000772700000, 0x0000000772800000, 0x0000000772800000|100%| E|CS|TAMS 0x0000000772700000, 0x0000000772700000| Complete 
|1832|0x0000000772800000, 0x0000000772900000, 0x0000000772900000|100%| E|CS|TAMS 0x0000000772800000, 0x0000000772800000| Complete 
|1833|0x0000000772900000, 0x0000000772a00000, 0x0000000772a00000|100%| E|CS|TAMS 0x0000000772900000, 0x0000000772900000| Complete 
|1834|0x0000000772a00000, 0x0000000772b00000, 0x0000000772b00000|100%| E|CS|TAMS 0x0000000772a00000, 0x0000000772a00000| Complete 
|1835|0x0000000772b00000, 0x0000000772c00000, 0x0000000772c00000|100%| E|CS|TAMS 0x0000000772b00000, 0x0000000772b00000| Complete 
|1836|0x0000000772c00000, 0x0000000772d00000, 0x0000000772d00000|100%| E|CS|TAMS 0x0000000772c00000, 0x0000000772c00000| Complete 
|1837|0x0000000772d00000, 0x0000000772e00000, 0x0000000772e00000|100%| E|CS|TAMS 0x0000000772d00000, 0x0000000772d00000| Complete 
|1838|0x0000000772e00000, 0x0000000772f00000, 0x0000000772f00000|100%| E|CS|TAMS 0x0000000772e00000, 0x0000000772e00000| Complete 
|1839|0x0000000772f00000, 0x0000000773000000, 0x0000000773000000|100%| E|CS|TAMS 0x0000000772f00000, 0x0000000772f00000| Complete 
|1840|0x0000000773000000, 0x0000000773100000, 0x0000000773100000|100%| E|CS|TAMS 0x0000000773000000, 0x0000000773000000| Complete 
|1841|0x0000000773100000, 0x0000000773200000, 0x0000000773200000|100%| E|CS|TAMS 0x0000000773100000, 0x0000000773100000| Complete 
|1842|0x0000000773200000, 0x0000000773300000, 0x0000000773300000|100%| E|CS|TAMS 0x0000000773200000, 0x0000000773200000| Complete 
|1843|0x0000000773300000, 0x0000000773400000, 0x0000000773400000|100%| E|CS|TAMS 0x0000000773300000, 0x0000000773300000| Complete 
|1844|0x0000000773400000, 0x0000000773500000, 0x0000000773500000|100%| E|CS|TAMS 0x0000000773400000, 0x0000000773400000| Complete 
|1845|0x0000000773500000, 0x0000000773600000, 0x0000000773600000|100%| E|CS|TAMS 0x0000000773500000, 0x0000000773500000| Complete 
|1846|0x0000000773600000, 0x0000000773700000, 0x0000000773700000|100%| E|CS|TAMS 0x0000000773600000, 0x0000000773600000| Complete 
|1847|0x0000000773700000, 0x0000000773800000, 0x0000000773800000|100%| E|CS|TAMS 0x0000000773700000, 0x0000000773700000| Complete 
|1848|0x0000000773800000, 0x0000000773900000, 0x0000000773900000|100%| E|CS|TAMS 0x0000000773800000, 0x0000000773800000| Complete 
|1849|0x0000000773900000, 0x0000000773a00000, 0x0000000773a00000|100%| E|CS|TAMS 0x0000000773900000, 0x0000000773900000| Complete 
|1850|0x0000000773a00000, 0x0000000773b00000, 0x0000000773b00000|100%| E|CS|TAMS 0x0000000773a00000, 0x0000000773a00000| Complete 
|1851|0x0000000773b00000, 0x0000000773c00000, 0x0000000773c00000|100%| E|CS|TAMS 0x0000000773b00000, 0x0000000773b00000| Complete 
|1852|0x0000000773c00000, 0x0000000773d00000, 0x0000000773d00000|100%| E|CS|TAMS 0x0000000773c00000, 0x0000000773c00000| Complete 
|1853|0x0000000773d00000, 0x0000000773e00000, 0x0000000773e00000|100%| E|CS|TAMS 0x0000000773d00000, 0x0000000773d00000| Complete 
|1854|0x0000000773e00000, 0x0000000773f00000, 0x0000000773f00000|100%| E|CS|TAMS 0x0000000773e00000, 0x0000000773e00000| Complete 
|1855|0x0000000773f00000, 0x0000000774000000, 0x0000000774000000|100%| E|CS|TAMS 0x0000000773f00000, 0x0000000773f00000| Complete 
|1856|0x0000000774000000, 0x0000000774100000, 0x0000000774100000|100%| E|CS|TAMS 0x0000000774000000, 0x0000000774000000| Complete 
|1857|0x0000000774100000, 0x0000000774200000, 0x0000000774200000|100%| E|CS|TAMS 0x0000000774100000, 0x0000000774100000| Complete 
|1858|0x0000000774200000, 0x0000000774300000, 0x0000000774300000|100%| E|CS|TAMS 0x0000000774200000, 0x0000000774200000| Complete 
|1859|0x0000000774300000, 0x0000000774400000, 0x0000000774400000|100%| E|CS|TAMS 0x0000000774300000, 0x0000000774300000| Complete 
|1860|0x0000000774400000, 0x0000000774500000, 0x0000000774500000|100%| E|CS|TAMS 0x0000000774400000, 0x0000000774400000| Complete 
|1861|0x0000000774500000, 0x0000000774600000, 0x0000000774600000|100%| E|CS|TAMS 0x0000000774500000, 0x0000000774500000| Complete 
|1862|0x0000000774600000, 0x0000000774700000, 0x0000000774700000|100%| E|CS|TAMS 0x0000000774600000, 0x0000000774600000| Complete 
|1863|0x0000000774700000, 0x0000000774800000, 0x0000000774800000|100%| E|CS|TAMS 0x0000000774700000, 0x0000000774700000| Complete 
|1864|0x0000000774800000, 0x0000000774900000, 0x0000000774900000|100%| E|CS|TAMS 0x0000000774800000, 0x0000000774800000| Complete 
|1865|0x0000000774900000, 0x0000000774a00000, 0x0000000774a00000|100%| E|CS|TAMS 0x0000000774900000, 0x0000000774900000| Complete 
|1866|0x0000000774a00000, 0x0000000774b00000, 0x0000000774b00000|100%| E|CS|TAMS 0x0000000774a00000, 0x0000000774a00000| Complete 
|1867|0x0000000774b00000, 0x0000000774c00000, 0x0000000774c00000|100%| E|CS|TAMS 0x0000000774b00000, 0x0000000774b00000| Complete 
|1868|0x0000000774c00000, 0x0000000774d00000, 0x0000000774d00000|100%| E|CS|TAMS 0x0000000774c00000, 0x0000000774c00000| Complete 
|1869|0x0000000774d00000, 0x0000000774e00000, 0x0000000774e00000|100%| E|CS|TAMS 0x0000000774d00000, 0x0000000774d00000| Complete 
|1870|0x0000000774e00000, 0x0000000774f00000, 0x0000000774f00000|100%| E|CS|TAMS 0x0000000774e00000, 0x0000000774e00000| Complete 
|1871|0x0000000774f00000, 0x0000000775000000, 0x0000000775000000|100%| E|CS|TAMS 0x0000000774f00000, 0x0000000774f00000| Complete 
|1872|0x0000000775000000, 0x0000000775100000, 0x0000000775100000|100%| E|CS|TAMS 0x0000000775000000, 0x0000000775000000| Complete 
|1873|0x0000000775100000, 0x0000000775200000, 0x0000000775200000|100%| E|CS|TAMS 0x0000000775100000, 0x0000000775100000| Complete 
|1874|0x0000000775200000, 0x0000000775300000, 0x0000000775300000|100%| E|CS|TAMS 0x0000000775200000, 0x0000000775200000| Complete 
|1875|0x0000000775300000, 0x0000000775400000, 0x0000000775400000|100%| E|CS|TAMS 0x0000000775300000, 0x0000000775300000| Complete 
|1876|0x0000000775400000, 0x0000000775500000, 0x0000000775500000|100%| E|CS|TAMS 0x0000000775400000, 0x0000000775400000| Complete 
|1877|0x0000000775500000, 0x0000000775600000, 0x0000000775600000|100%| E|CS|TAMS 0x0000000775500000, 0x0000000775500000| Complete 
|1878|0x0000000775600000, 0x0000000775700000, 0x0000000775700000|100%| E|CS|TAMS 0x0000000775600000, 0x0000000775600000| Complete 
|1879|0x0000000775700000, 0x0000000775800000, 0x0000000775800000|100%| E|CS|TAMS 0x0000000775700000, 0x0000000775700000| Complete 
|1880|0x0000000775800000, 0x0000000775900000, 0x0000000775900000|100%| E|CS|TAMS 0x0000000775800000, 0x0000000775800000| Complete 
|1881|0x0000000775900000, 0x0000000775a00000, 0x0000000775a00000|100%| E|CS|TAMS 0x0000000775900000, 0x0000000775900000| Complete 
|1882|0x0000000775a00000, 0x0000000775b00000, 0x0000000775b00000|100%| E|CS|TAMS 0x0000000775a00000, 0x0000000775a00000| Complete 
|1883|0x0000000775b00000, 0x0000000775c00000, 0x0000000775c00000|100%| E|CS|TAMS 0x0000000775b00000, 0x0000000775b00000| Complete 
|1884|0x0000000775c00000, 0x0000000775d00000, 0x0000000775d00000|100%| E|CS|TAMS 0x0000000775c00000, 0x0000000775c00000| Complete 
|1885|0x0000000775d00000, 0x0000000775e00000, 0x0000000775e00000|100%| E|CS|TAMS 0x0000000775d00000, 0x0000000775d00000| Complete 
|1886|0x0000000775e00000, 0x0000000775f00000, 0x0000000775f00000|100%| E|CS|TAMS 0x0000000775e00000, 0x0000000775e00000| Complete 
|1887|0x0000000775f00000, 0x0000000776000000, 0x0000000776000000|100%| E|CS|TAMS 0x0000000775f00000, 0x0000000775f00000| Complete 
|1888|0x0000000776000000, 0x0000000776100000, 0x0000000776100000|100%| E|CS|TAMS 0x0000000776000000, 0x0000000776000000| Complete 
|1889|0x0000000776100000, 0x0000000776200000, 0x0000000776200000|100%| E|CS|TAMS 0x0000000776100000, 0x0000000776100000| Complete 
|1890|0x0000000776200000, 0x0000000776300000, 0x0000000776300000|100%| E|CS|TAMS 0x0000000776200000, 0x0000000776200000| Complete 
|1891|0x0000000776300000, 0x0000000776400000, 0x0000000776400000|100%| E|CS|TAMS 0x0000000776300000, 0x0000000776300000| Complete 
|1892|0x0000000776400000, 0x0000000776500000, 0x0000000776500000|100%| E|CS|TAMS 0x0000000776400000, 0x0000000776400000| Complete 
|1893|0x0000000776500000, 0x0000000776600000, 0x0000000776600000|100%| E|CS|TAMS 0x0000000776500000, 0x0000000776500000| Complete 
|1894|0x0000000776600000, 0x0000000776700000, 0x0000000776700000|100%| E|CS|TAMS 0x0000000776600000, 0x0000000776600000| Complete 
|1895|0x0000000776700000, 0x0000000776800000, 0x0000000776800000|100%| E|CS|TAMS 0x0000000776700000, 0x0000000776700000| Complete 
|1896|0x0000000776800000, 0x0000000776900000, 0x0000000776900000|100%| E|CS|TAMS 0x0000000776800000, 0x0000000776800000| Complete 
|1897|0x0000000776900000, 0x0000000776a00000, 0x0000000776a00000|100%| E|CS|TAMS 0x0000000776900000, 0x0000000776900000| Complete 
|1898|0x0000000776a00000, 0x0000000776b00000, 0x0000000776b00000|100%| E|CS|TAMS 0x0000000776a00000, 0x0000000776a00000| Complete 
|1899|0x0000000776b00000, 0x0000000776c00000, 0x0000000776c00000|100%| E|CS|TAMS 0x0000000776b00000, 0x0000000776b00000| Complete 
|1900|0x0000000776c00000, 0x0000000776d00000, 0x0000000776d00000|100%| E|CS|TAMS 0x0000000776c00000, 0x0000000776c00000| Complete 
|1901|0x0000000776d00000, 0x0000000776e00000, 0x0000000776e00000|100%| E|CS|TAMS 0x0000000776d00000, 0x0000000776d00000| Complete 
|1902|0x0000000776e00000, 0x0000000776f00000, 0x0000000776f00000|100%| E|CS|TAMS 0x0000000776e00000, 0x0000000776e00000| Complete 
|1903|0x0000000776f00000, 0x0000000777000000, 0x0000000777000000|100%| E|CS|TAMS 0x0000000776f00000, 0x0000000776f00000| Complete 
|1904|0x0000000777000000, 0x0000000777100000, 0x0000000777100000|100%| E|CS|TAMS 0x0000000777000000, 0x0000000777000000| Complete 
|1905|0x0000000777100000, 0x0000000777200000, 0x0000000777200000|100%| E|CS|TAMS 0x0000000777100000, 0x0000000777100000| Complete 
|1906|0x0000000777200000, 0x0000000777300000, 0x0000000777300000|100%| E|CS|TAMS 0x0000000777200000, 0x0000000777200000| Complete 
|1907|0x0000000777300000, 0x0000000777400000, 0x0000000777400000|100%| E|CS|TAMS 0x0000000777300000, 0x0000000777300000| Complete 
|1908|0x0000000777400000, 0x0000000777500000, 0x0000000777500000|100%| E|CS|TAMS 0x0000000777400000, 0x0000000777400000| Complete 
|1909|0x0000000777500000, 0x0000000777600000, 0x0000000777600000|100%| E|CS|TAMS 0x0000000777500000, 0x0000000777500000| Complete 
|1910|0x0000000777600000, 0x0000000777700000, 0x0000000777700000|100%| E|CS|TAMS 0x0000000777600000, 0x0000000777600000| Complete 
|1911|0x0000000777700000, 0x0000000777800000, 0x0000000777800000|100%| E|CS|TAMS 0x0000000777700000, 0x0000000777700000| Complete 
|1912|0x0000000777800000, 0x0000000777900000, 0x0000000777900000|100%| E|CS|TAMS 0x0000000777800000, 0x0000000777800000| Complete 
|1913|0x0000000777900000, 0x0000000777a00000, 0x0000000777a00000|100%| E|CS|TAMS 0x0000000777900000, 0x0000000777900000| Complete 
|1914|0x0000000777a00000, 0x0000000777b00000, 0x0000000777b00000|100%| E|CS|TAMS 0x0000000777a00000, 0x0000000777a00000| Complete 
|1915|0x0000000777b00000, 0x0000000777c00000, 0x0000000777c00000|100%| E|CS|TAMS 0x0000000777b00000, 0x0000000777b00000| Complete 
|1916|0x0000000777c00000, 0x0000000777d00000, 0x0000000777d00000|100%| E|CS|TAMS 0x0000000777c00000, 0x0000000777c00000| Complete 
|1917|0x0000000777d00000, 0x0000000777e00000, 0x0000000777e00000|100%| E|CS|TAMS 0x0000000777d00000, 0x0000000777d00000| Complete 
|1918|0x0000000777e00000, 0x0000000777f00000, 0x0000000777f00000|100%| E|CS|TAMS 0x0000000777e00000, 0x0000000777e00000| Complete 
|1919|0x0000000777f00000, 0x0000000778000000, 0x0000000778000000|100%| E|CS|TAMS 0x0000000777f00000, 0x0000000777f00000| Complete 
|1920|0x0000000778000000, 0x0000000778100000, 0x0000000778100000|100%| E|CS|TAMS 0x0000000778000000, 0x0000000778000000| Complete 
|1921|0x0000000778100000, 0x0000000778200000, 0x0000000778200000|100%| E|CS|TAMS 0x0000000778100000, 0x0000000778100000| Complete 
|1922|0x0000000778200000, 0x0000000778300000, 0x0000000778300000|100%| E|CS|TAMS 0x0000000778200000, 0x0000000778200000| Complete 
|1923|0x0000000778300000, 0x0000000778400000, 0x0000000778400000|100%| E|CS|TAMS 0x0000000778300000, 0x0000000778300000| Complete 
|1924|0x0000000778400000, 0x0000000778500000, 0x0000000778500000|100%| E|CS|TAMS 0x0000000778400000, 0x0000000778400000| Complete 
|1925|0x0000000778500000, 0x0000000778600000, 0x0000000778600000|100%| E|CS|TAMS 0x0000000778500000, 0x0000000778500000| Complete 
|1926|0x0000000778600000, 0x0000000778700000, 0x0000000778700000|100%| E|CS|TAMS 0x0000000778600000, 0x0000000778600000| Complete 
|1927|0x0000000778700000, 0x0000000778800000, 0x0000000778800000|100%| E|CS|TAMS 0x0000000778700000, 0x0000000778700000| Complete 
|1928|0x0000000778800000, 0x0000000778900000, 0x0000000778900000|100%| E|CS|TAMS 0x0000000778800000, 0x0000000778800000| Complete 
|1929|0x0000000778900000, 0x0000000778a00000, 0x0000000778a00000|100%| E|CS|TAMS 0x0000000778900000, 0x0000000778900000| Complete 
|1930|0x0000000778a00000, 0x0000000778b00000, 0x0000000778b00000|100%| E|CS|TAMS 0x0000000778a00000, 0x0000000778a00000| Complete 
|1931|0x0000000778b00000, 0x0000000778c00000, 0x0000000778c00000|100%| E|CS|TAMS 0x0000000778b00000, 0x0000000778b00000| Complete 
|1932|0x0000000778c00000, 0x0000000778d00000, 0x0000000778d00000|100%| E|CS|TAMS 0x0000000778c00000, 0x0000000778c00000| Complete 
|1933|0x0000000778d00000, 0x0000000778e00000, 0x0000000778e00000|100%| E|CS|TAMS 0x0000000778d00000, 0x0000000778d00000| Complete 
|1934|0x0000000778e00000, 0x0000000778f00000, 0x0000000778f00000|100%| E|CS|TAMS 0x0000000778e00000, 0x0000000778e00000| Complete 
|1935|0x0000000778f00000, 0x0000000779000000, 0x0000000779000000|100%| E|CS|TAMS 0x0000000778f00000, 0x0000000778f00000| Complete 
|1936|0x0000000779000000, 0x0000000779100000, 0x0000000779100000|100%| E|CS|TAMS 0x0000000779000000, 0x0000000779000000| Complete 
|1937|0x0000000779100000, 0x0000000779200000, 0x0000000779200000|100%| E|CS|TAMS 0x0000000779100000, 0x0000000779100000| Complete 
|1938|0x0000000779200000, 0x0000000779300000, 0x0000000779300000|100%| E|CS|TAMS 0x0000000779200000, 0x0000000779200000| Complete 
|1939|0x0000000779300000, 0x0000000779400000, 0x0000000779400000|100%| E|CS|TAMS 0x0000000779300000, 0x0000000779300000| Complete 
|1940|0x0000000779400000, 0x0000000779500000, 0x0000000779500000|100%| E|CS|TAMS 0x0000000779400000, 0x0000000779400000| Complete 
|1941|0x0000000779500000, 0x0000000779600000, 0x0000000779600000|100%| E|CS|TAMS 0x0000000779500000, 0x0000000779500000| Complete 
|1942|0x0000000779600000, 0x0000000779700000, 0x0000000779700000|100%| E|CS|TAMS 0x0000000779600000, 0x0000000779600000| Complete 
|1943|0x0000000779700000, 0x0000000779800000, 0x0000000779800000|100%| E|CS|TAMS 0x0000000779700000, 0x0000000779700000| Complete 
|1944|0x0000000779800000, 0x0000000779900000, 0x0000000779900000|100%| E|CS|TAMS 0x0000000779800000, 0x0000000779800000| Complete 
|1945|0x0000000779900000, 0x0000000779a00000, 0x0000000779a00000|100%| E|CS|TAMS 0x0000000779900000, 0x0000000779900000| Complete 
|1946|0x0000000779a00000, 0x0000000779b00000, 0x0000000779b00000|100%| E|CS|TAMS 0x0000000779a00000, 0x0000000779a00000| Complete 
|1947|0x0000000779b00000, 0x0000000779c00000, 0x0000000779c00000|100%| E|CS|TAMS 0x0000000779b00000, 0x0000000779b00000| Complete 
|1948|0x0000000779c00000, 0x0000000779d00000, 0x0000000779d00000|100%| E|CS|TAMS 0x0000000779c00000, 0x0000000779c00000| Complete 
|1949|0x0000000779d00000, 0x0000000779e00000, 0x0000000779e00000|100%| E|CS|TAMS 0x0000000779d00000, 0x0000000779d00000| Complete 
|1950|0x0000000779e00000, 0x0000000779f00000, 0x0000000779f00000|100%| E|CS|TAMS 0x0000000779e00000, 0x0000000779e00000| Complete 
|1951|0x0000000779f00000, 0x000000077a000000, 0x000000077a000000|100%| E|CS|TAMS 0x0000000779f00000, 0x0000000779f00000| Complete 
|1952|0x000000077a000000, 0x000000077a100000, 0x000000077a100000|100%| E|CS|TAMS 0x000000077a000000, 0x000000077a000000| Complete 
|1953|0x000000077a100000, 0x000000077a200000, 0x000000077a200000|100%| E|CS|TAMS 0x000000077a100000, 0x000000077a100000| Complete 
|1954|0x000000077a200000, 0x000000077a300000, 0x000000077a300000|100%| E|CS|TAMS 0x000000077a200000, 0x000000077a200000| Complete 
|1955|0x000000077a300000, 0x000000077a400000, 0x000000077a400000|100%| E|CS|TAMS 0x000000077a300000, 0x000000077a300000| Complete 
|1956|0x000000077a400000, 0x000000077a500000, 0x000000077a500000|100%| E|CS|TAMS 0x000000077a400000, 0x000000077a400000| Complete 
|1957|0x000000077a500000, 0x000000077a600000, 0x000000077a600000|100%| E|CS|TAMS 0x000000077a500000, 0x000000077a500000| Complete 
|1958|0x000000077a600000, 0x000000077a700000, 0x000000077a700000|100%| E|CS|TAMS 0x000000077a600000, 0x000000077a600000| Complete 
|1959|0x000000077a700000, 0x000000077a800000, 0x000000077a800000|100%| E|CS|TAMS 0x000000077a700000, 0x000000077a700000| Complete 
|1960|0x000000077a800000, 0x000000077a900000, 0x000000077a900000|100%| E|CS|TAMS 0x000000077a800000, 0x000000077a800000| Complete 
|1961|0x000000077a900000, 0x000000077aa00000, 0x000000077aa00000|100%| E|CS|TAMS 0x000000077a900000, 0x000000077a900000| Complete 
|1962|0x000000077aa00000, 0x000000077ab00000, 0x000000077ab00000|100%| E|CS|TAMS 0x000000077aa00000, 0x000000077aa00000| Complete 
|1963|0x000000077ab00000, 0x000000077ac00000, 0x000000077ac00000|100%| E|CS|TAMS 0x000000077ab00000, 0x000000077ab00000| Complete 
|1964|0x000000077ac00000, 0x000000077ad00000, 0x000000077ad00000|100%| E|CS|TAMS 0x000000077ac00000, 0x000000077ac00000| Complete 
|1965|0x000000077ad00000, 0x000000077ae00000, 0x000000077ae00000|100%| E|CS|TAMS 0x000000077ad00000, 0x000000077ad00000| Complete 
|1966|0x000000077ae00000, 0x000000077af00000, 0x000000077af00000|100%| E|CS|TAMS 0x000000077ae00000, 0x000000077ae00000| Complete 
|1967|0x000000077af00000, 0x000000077b000000, 0x000000077b000000|100%| E|CS|TAMS 0x000000077af00000, 0x000000077af00000| Complete 
|1968|0x000000077b000000, 0x000000077b100000, 0x000000077b100000|100%| E|CS|TAMS 0x000000077b000000, 0x000000077b000000| Complete 
|1969|0x000000077b100000, 0x000000077b200000, 0x000000077b200000|100%| E|CS|TAMS 0x000000077b100000, 0x000000077b100000| Complete 
|1970|0x000000077b200000, 0x000000077b300000, 0x000000077b300000|100%| E|CS|TAMS 0x000000077b200000, 0x000000077b200000| Complete 
|1971|0x000000077b300000, 0x000000077b400000, 0x000000077b400000|100%| E|CS|TAMS 0x000000077b300000, 0x000000077b300000| Complete 
|1972|0x000000077b400000, 0x000000077b500000, 0x000000077b500000|100%| E|CS|TAMS 0x000000077b400000, 0x000000077b400000| Complete 
|1973|0x000000077b500000, 0x000000077b600000, 0x000000077b600000|100%| E|CS|TAMS 0x000000077b500000, 0x000000077b500000| Complete 
|1974|0x000000077b600000, 0x000000077b700000, 0x000000077b700000|100%| E|CS|TAMS 0x000000077b600000, 0x000000077b600000| Complete 
|1975|0x000000077b700000, 0x000000077b800000, 0x000000077b800000|100%| E|CS|TAMS 0x000000077b700000, 0x000000077b700000| Complete 
|1976|0x000000077b800000, 0x000000077b900000, 0x000000077b900000|100%| E|CS|TAMS 0x000000077b800000, 0x000000077b800000| Complete 
|1977|0x000000077b900000, 0x000000077ba00000, 0x000000077ba00000|100%| E|CS|TAMS 0x000000077b900000, 0x000000077b900000| Complete 
|1978|0x000000077ba00000, 0x000000077bb00000, 0x000000077bb00000|100%| E|CS|TAMS 0x000000077ba00000, 0x000000077ba00000| Complete 
|1979|0x000000077bb00000, 0x000000077bc00000, 0x000000077bc00000|100%| E|CS|TAMS 0x000000077bb00000, 0x000000077bb00000| Complete 
|1980|0x000000077bc00000, 0x000000077bd00000, 0x000000077bd00000|100%| E|CS|TAMS 0x000000077bc00000, 0x000000077bc00000| Complete 
|1981|0x000000077bd00000, 0x000000077be00000, 0x000000077be00000|100%| E|CS|TAMS 0x000000077bd00000, 0x000000077bd00000| Complete 
|1982|0x000000077be00000, 0x000000077bf00000, 0x000000077bf00000|100%| E|CS|TAMS 0x000000077be00000, 0x000000077be00000| Complete 
|1983|0x000000077bf00000, 0x000000077c000000, 0x000000077c000000|100%| E|CS|TAMS 0x000000077bf00000, 0x000000077bf00000| Complete 
|1984|0x000000077c000000, 0x000000077c100000, 0x000000077c100000|100%| E|CS|TAMS 0x000000077c000000, 0x000000077c000000| Complete 
|1985|0x000000077c100000, 0x000000077c200000, 0x000000077c200000|100%| E|CS|TAMS 0x000000077c100000, 0x000000077c100000| Complete 
|1986|0x000000077c200000, 0x000000077c300000, 0x000000077c300000|100%| E|CS|TAMS 0x000000077c200000, 0x000000077c200000| Complete 
|1987|0x000000077c300000, 0x000000077c400000, 0x000000077c400000|100%| E|CS|TAMS 0x000000077c300000, 0x000000077c300000| Complete 
|1988|0x000000077c400000, 0x000000077c500000, 0x000000077c500000|100%| E|CS|TAMS 0x000000077c400000, 0x000000077c400000| Complete 
|1989|0x000000077c500000, 0x000000077c600000, 0x000000077c600000|100%| E|CS|TAMS 0x000000077c500000, 0x000000077c500000| Complete 
|1990|0x000000077c600000, 0x000000077c700000, 0x000000077c700000|100%| E|CS|TAMS 0x000000077c600000, 0x000000077c600000| Complete 
|1991|0x000000077c700000, 0x000000077c800000, 0x000000077c800000|100%| E|CS|TAMS 0x000000077c700000, 0x000000077c700000| Complete 
|1992|0x000000077c800000, 0x000000077c900000, 0x000000077c900000|100%| E|CS|TAMS 0x000000077c800000, 0x000000077c800000| Complete 
|1993|0x000000077c900000, 0x000000077ca00000, 0x000000077ca00000|100%| E|CS|TAMS 0x000000077c900000, 0x000000077c900000| Complete 
|1994|0x000000077ca00000, 0x000000077cb00000, 0x000000077cb00000|100%| E|CS|TAMS 0x000000077ca00000, 0x000000077ca00000| Complete 
|1995|0x000000077cb00000, 0x000000077cc00000, 0x000000077cc00000|100%| E|CS|TAMS 0x000000077cb00000, 0x000000077cb00000| Complete 
|1996|0x000000077cc00000, 0x000000077cd00000, 0x000000077cd00000|100%| E|CS|TAMS 0x000000077cc00000, 0x000000077cc00000| Complete 
|1997|0x000000077cd00000, 0x000000077ce00000, 0x000000077ce00000|100%| E|CS|TAMS 0x000000077cd00000, 0x000000077cd00000| Complete 
|1998|0x000000077ce00000, 0x000000077cf00000, 0x000000077cf00000|100%| E|CS|TAMS 0x000000077ce00000, 0x000000077ce00000| Complete 
|1999|0x000000077cf00000, 0x000000077d000000, 0x000000077d000000|100%| E|CS|TAMS 0x000000077cf00000, 0x000000077cf00000| Complete 
|2000|0x000000077d000000, 0x000000077d100000, 0x000000077d100000|100%| E|CS|TAMS 0x000000077d000000, 0x000000077d000000| Complete 
|2001|0x000000077d100000, 0x000000077d200000, 0x000000077d200000|100%| E|CS|TAMS 0x000000077d100000, 0x000000077d100000| Complete 
|2002|0x000000077d200000, 0x000000077d300000, 0x000000077d300000|100%| E|CS|TAMS 0x000000077d200000, 0x000000077d200000| Complete 
|2003|0x000000077d300000, 0x000000077d400000, 0x000000077d400000|100%| E|CS|TAMS 0x000000077d300000, 0x000000077d300000| Complete 
|2004|0x000000077d400000, 0x000000077d500000, 0x000000077d500000|100%| E|CS|TAMS 0x000000077d400000, 0x000000077d400000| Complete 
|2005|0x000000077d500000, 0x000000077d600000, 0x000000077d600000|100%| E|CS|TAMS 0x000000077d500000, 0x000000077d500000| Complete 
|2006|0x000000077d600000, 0x000000077d700000, 0x000000077d700000|100%| E|CS|TAMS 0x000000077d600000, 0x000000077d600000| Complete 
|2007|0x000000077d700000, 0x000000077d800000, 0x000000077d800000|100%| E|CS|TAMS 0x000000077d700000, 0x000000077d700000| Complete 
|2008|0x000000077d800000, 0x000000077d900000, 0x000000077d900000|100%| E|CS|TAMS 0x000000077d800000, 0x000000077d800000| Complete 
|2009|0x000000077d900000, 0x000000077da00000, 0x000000077da00000|100%| E|CS|TAMS 0x000000077d900000, 0x000000077d900000| Complete 
|4088|0x00000007ff800000, 0x00000007ff848000, 0x00000007ff900000| 28%|OA|  |TAMS 0x00000007ff848000, 0x00000007ff800000| Untracked 
|4092|0x00000007ffc00000, 0x00000007ffc6c000, 0x00000007ffd00000| 42%|CA|  |TAMS 0x00000007ffc6c000, 0x00000007ffc00000| Untracked 

Card table byte_map: [0x00007fffe2000000,0x00007fffe2800000] _byte_map_base: 0x00007fffde800000

Marking Bits (Prev, Next): (CMBitMap*) 0x00007ffff50cd750, (CMBitMap*) 0x00007ffff50cd718
 Prev Bits: [0x00007fffd9800000, 0x00007fffdd800000)
 Next Bits: [0x00007fffdd800000, 0x00007fffe1800000)

Polling page: 0x00007ffff7bcb000

Metaspace:

Usage:
  Non-class:    149.33 MB capacity,   140.47 MB ( 94%) used,     7.27 MB (  5%) free+waste,     1.59 MB (  1%) overhead. 
      Class:     30.16 MB capacity,    23.84 MB ( 79%) used,     5.49 MB ( 18%) free+waste,   847.94 KB (  3%) overhead. 
       Both:    179.49 MB capacity,   164.31 MB ( 92%) used,    12.76 MB (  7%) free+waste,     2.42 MB (  1%) overhead. 

Virtual space:
  Non-class space:      150.00 MB reserved,     149.34 MB (>99%) committed 
      Class space:        1.00 GB reserved,      30.20 MB (  3%) committed 
             Both:        1.15 GB reserved,     179.54 MB ( 15%) committed 

Chunk freelists:
   Non-Class:  0 bytes
       Class:  0 bytes
        Both:  0 bytes

MaxMetaspaceSize: 1.27 GB
CompressedClassSpaceSize: 1.00 GB
Initial GC threshold: 20.80 MB
Current GC threshold: 297.77 MB
CDS: on

CodeCache: size=131072Kb used=81329Kb max_used=82686Kb free=49742Kb
 bounds [0x00007fffe47c6000, 0x00007fffe9896000, 0x00007fffec7c6000]
 total_blobs=27751 nmethods=26611 adapters=1049
 compilation: enabled
              stopped_count=0, restarted_count=0
 full_count=0

Compilation events (20 events):
Event: 542.180 Thread 0x00007ffff50a6800 nmethod 31428% 0x00007fffe6faec10 code [0x00007fffe6faf1e0, 0x00007fffe6fb2a00]
Event: 542.180 Thread 0x00007ffff50a6800 31429       3       java.lang.String::getChars (54 bytes)
Event: 542.180 Thread 0x00007ffff50a6800 nmethod 31429 0x00007fffe5458790 code [0x00007fffe54589a0, 0x00007fffe5458e70]
Event: 542.185 Thread 0x00007ffff50a6800 31431       3       sun.nio.cs.UTF_8$Encoder::encodeArrayLoop (489 bytes)
Event: 542.187 Thread 0x00007ffff50a6800 nmethod 31431 0x00007fffe90e5290 code [0x00007fffe90e5880, 0x00007fffe90e9040]
Event: 542.187 Thread 0x00007ffff50a6800 31432       3       java.io.BufferedInputStream::getInIfOpen (21 bytes)
Event: 542.188 Thread 0x00007ffff50a6800 nmethod 31432 0x00007fffe4942890 code [0x00007fffe4942a60, 0x00007fffe4942c80]
Event: 542.192 Thread 0x00007ffff50a5800 nmethod 31426% 0x00007fffe7bd1810 code [0x00007fffe7bd1b20, 0x00007fffe7bd30a0]
Event: 542.192 Thread 0x00007ffff50a5800 31430 % !   4       java.io.BufferedReader::readLine @ 131 (304 bytes)
Event: 542.215 Thread 0x00007ffff50a5800 nmethod 31430% 0x00007fffe71e6c10 code [0x00007fffe71e6e40, 0x00007fffe71e8690]
Event: 542.215 Thread 0x00007ffff50a5800 31433 %     4       sun.nio.cs.UTF_8$Encoder::encodeArrayLoop @ 73 (489 bytes)
Event: 542.225 Thread 0x00007ffff50a5800 nmethod 31433% 0x00007fffe4ed0910 code [0x00007fffe4ed0b20, 0x00007fffe4ed17d8]
Event: 542.225 Thread 0x00007ffff50a5800 31427       4       sun.nio.cs.UTF_8::updatePositions (23 bytes)
Event: 542.228 Thread 0x00007ffff50a5800 nmethod 31427 0x00007fffe64d3790 code [0x00007fffe64d3960, 0x00007fffe64d3d58]
Event: 546.662 Thread 0x00007ffff50a5800 31434       4       sun.nio.cs.UTF_8$Encoder::encodeArrayLoop (489 bytes)
Event: 546.671 Thread 0x00007ffff50a5800 nmethod 31434 0x00007fffe8e8fc90 code [0x00007fffe8e8fe80, 0x00007fffe8e907e8]
Event: 546.883 Thread 0x00007ffff50a5800 31435       4       org.apache.spark.rdd.RDD::isBarrier_ (17 bytes)
Event: 546.891 Thread 0x00007ffff50a5800 nmethod 31435 0x00007fffe730ee90 code [0x00007fffe730f0a0, 0x00007fffe730fbf8]
Event: 546.893 Thread 0x00007ffff50a6800 31436       3       com.twitter.chill.java.UnmodifiableCollectionSerializer::getInnerField (11 bytes)
Event: 546.893 Thread 0x00007ffff50a6800 nmethod 31436 0x00007fffe4d75d90 code [0x00007fffe4d75f80, 0x00007fffe4d76260]

GC Heap History (20 events):
Event: 109.799 GC heap before
{Heap before GC invocations=15 (full 0):
 garbage-first heap   total 2060288K, used 1889564K [0x0000000700000000, 0x0000000800000000)
  region size 1024K, 945 young (967680K), 37 survivors (37888K)
 Metaspace       used 131825K, capacity 140719K, committed 140836K, reserved 1167360K
  class space    used 18990K, capacity 23190K, committed 23244K, reserved 1048576K
}
Event: 109.810 GC heap after
{Heap after GC invocations=16 (full 0):
 garbage-first heap   total 2060288K, used 125805K [0x0000000700000000, 0x0000000800000000)
  region size 1024K, 38 young (38912K), 38 survivors (38912K)
 Metaspace       used 131825K, capacity 140719K, committed 140836K, reserved 1167360K
  class space    used 18990K, capacity 23190K, committed 23244K, reserved 1048576K
}
Event: 128.178 GC heap before
{Heap before GC invocations=17 (full 0):
 garbage-first heap   total 2060288K, used 1673069K [0x0000000700000000, 0x0000000800000000)
  region size 1024K, 731 young (748544K), 38 survivors (38912K)
 Metaspace       used 133644K, capacity 143048K, committed 143268K, reserved 1169408K
  class space    used 19212K, capacity 23538K, committed 23628K, reserved 1048576K
}
Event: 128.190 GC heap after
{Heap after GC invocations=18 (full 0):
 garbage-first heap   total 2060288K, used 128442K [0x0000000700000000, 0x0000000800000000)
  region size 1024K, 39 young (39936K), 39 survivors (39936K)
 Metaspace       used 133644K, capacity 143048K, committed 143268K, reserved 1169408K
  class space    used 19212K, capacity 23538K, committed 23628K, reserved 1048576K
}
Event: 178.207 GC heap before
{Heap before GC invocations=19 (full 0):
 garbage-first heap   total 2060288K, used 1757626K [0x0000000700000000, 0x0000000800000000)
  region size 1024K, 816 young (835584K), 39 survivors (39936K)
 Metaspace       used 135520K, capacity 145390K, committed 145700K, reserved 1171456K
  class space    used 19438K, capacity 23930K, committed 24012K, reserved 1048576K
}
Event: 178.229 GC heap after
{Heap after GC invocations=20 (full 0):
 garbage-first heap   total 2060288K, used 112570K [0x0000000700000000, 0x0000000800000000)
  region size 1024K, 39 young (39936K), 39 survivors (39936K)
 Metaspace       used 135520K, capacity 145390K, committed 145700K, reserved 1171456K
  class space    used 19438K, capacity 23930K, committed 24012K, reserved 1048576K
}
Event: 213.468 GC heap before
{Heap before GC invocations=21 (full 0):
 garbage-first heap   total 2060288K, used 1642426K [0x0000000700000000, 0x0000000800000000)
  region size 1024K, 706 young (722944K), 39 survivors (39936K)
 Metaspace       used 136956K, capacity 147400K, committed 147748K, reserved 1173504K
  class space    used 19578K, capacity 24174K, committed 24268K, reserved 1048576K
}
Event: 213.484 GC heap after
{Heap after GC invocations=22 (full 0):
 garbage-first heap   total 2060288K, used 147386K [0x0000000700000000, 0x0000000800000000)
  region size 1024K, 41 young (41984K), 41 survivors (41984K)
 Metaspace       used 136956K, capacity 147400K, committed 147748K, reserved 1173504K
  class space    used 19578K, capacity 24174K, committed 24268K, reserved 1048576K
}
Event: 261.955 GC heap before
{Heap before GC invocations=23 (full 0):
 garbage-first heap   total 2060288K, used 1561530K [0x0000000700000000, 0x0000000800000000)
  region size 1024K, 624 young (638976K), 41 survivors (41984K)
 Metaspace       used 137969K, capacity 148760K, committed 149028K, reserved 1173504K
  class space    used 19730K, capacity 24415K, committed 24524K, reserved 1048576K
}
Event: 261.968 GC heap after
{Heap after GC invocations=24 (full 0):
 garbage-first heap   total 2060288K, used 248762K [0x0000000700000000, 0x0000000800000000)
  region size 1024K, 42 young (43008K), 42 survivors (43008K)
 Metaspace       used 137969K, capacity 148760K, committed 149028K, reserved 1173504K
  class space    used 19730K, capacity 24415K, committed 24524K, reserved 1048576K
}
Event: 309.864 GC heap before
{Heap before GC invocations=25 (full 0):
 garbage-first heap   total 2060288K, used 1742778K [0x0000000700000000, 0x0000000800000000)
  region size 1024K, 801 young (820224K), 42 survivors (43008K)
 Metaspace       used 158532K, capacity 171080K, committed 171428K, reserved 1191936K
  class space    used 22618K, capacity 28116K, committed 28236K, reserved 1048576K
}
Event: 309.879 GC heap after
{Heap after GC invocations=26 (full 0):
 garbage-first heap   total 2060288K, used 382394K [0x0000000700000000, 0x0000000800000000)
  region size 1024K, 47 young (48128K), 47 survivors (48128K)
 Metaspace       used 158532K, capacity 171080K, committed 171428K, reserved 1191936K
  class space    used 22618K, capacity 28116K, committed 28236K, reserved 1048576K
}
Event: 354.023 GC heap before
{Heap before GC invocations=27 (full 0):
 garbage-first heap   total 2060288K, used 1604026K [0x0000000700000000, 0x0000000800000000)
  region size 1024K, 669 young (685056K), 47 survivors (48128K)
 Metaspace       used 159213K, capacity 172136K, committed 172324K, reserved 1193984K
  class space    used 22747K, capacity 28358K, committed 28364K, reserved 1048576K
}
Event: 354.038 GC heap after
{Heap after GC invocations=28 (full 0):
 garbage-first heap   total 2060288K, used 125882K [0x0000000700000000, 0x0000000800000000)
  region size 1024K, 48 young (49152K), 48 survivors (49152K)
 Metaspace       used 159213K, capacity 172136K, committed 172324K, reserved 1193984K
  class space    used 22747K, capacity 28358K, committed 28364K, reserved 1048576K
}
Event: 422.870 GC heap before
{Heap before GC invocations=29 (full 0):
 garbage-first heap   total 2060288K, used 1771450K [0x0000000700000000, 0x0000000800000000)
  region size 1024K, 831 young (850944K), 48 survivors (49152K)
 Metaspace       used 160371K, capacity 173753K, committed 173860K, reserved 1193984K
  class space    used 22904K, capacity 28613K, committed 28620K, reserved 1048576K
}
Event: 422.891 GC heap after
{Heap after GC invocations=30 (full 0):
 garbage-first heap   total 2060288K, used 153530K [0x0000000700000000, 0x0000000800000000)
  region size 1024K, 51 young (52224K), 51 survivors (52224K)
 Metaspace       used 160371K, capacity 173753K, committed 173860K, reserved 1193984K
  class space    used 22904K, capacity 28613K, committed 28620K, reserved 1048576K
}
Event: 488.637 GC heap before
{Heap before GC invocations=31 (full 0):
 garbage-first heap   total 2060288K, used 1692602K [0x0000000700000000, 0x0000000800000000)
  region size 1024K, 751 young (769024K), 51 survivors (52224K)
 Metaspace       used 163104K, capacity 177421K, committed 177572K, reserved 1198080K
  class space    used 23436K, capacity 29432K, committed 29516K, reserved 1048576K
}
Event: 488.651 GC heap after
{Heap after GC invocations=32 (full 0):
 garbage-first heap   total 2060288K, used 398266K [0x0000000700000000, 0x0000000800000000)
  region size 1024K, 50 young (51200K), 50 survivors (51200K)
 Metaspace       used 163104K, capacity 177421K, committed 177572K, reserved 1198080K
  class space    used 23436K, capacity 29432K, committed 29516K, reserved 1048576K
}
Event: 526.223 GC heap before
{Heap before GC invocations=33 (full 0):
 garbage-first heap   total 2060288K, used 1655738K [0x0000000700000000, 0x0000000800000000)
  region size 1024K, 716 young (733184K), 50 survivors (51200K)
 Metaspace       used 167363K, capacity 182699K, committed 182948K, reserved 1202176K
  class space    used 24288K, capacity 30698K, committed 30796K, reserved 1048576K
}
Event: 526.243 GC heap after
{Heap after GC invocations=34 (full 0):
 garbage-first heap   total 2060288K, used 250357K [0x0000000700000000, 0x0000000800000000)
  region size 1024K, 54 young (55296K), 54 survivors (55296K)
 Metaspace       used 167363K, capacity 182699K, committed 182948K, reserved 1202176K
  class space    used 24288K, capacity 30698K, committed 30796K, reserved 1048576K
}

Deoptimization events (20 events):
Event: 542.170 Thread 0x00007fffaccd2800 DEOPT PACKING pc=0x00007fffe7a596ac sp=0x00007fff37733940
Event: 542.170 Thread 0x00007fffaccd2800 DEOPT UNPACKING pc=0x00007fffe47ce2a5 sp=0x00007fff37733888 mode 2
Event: 542.170 Thread 0x00007fffaccd2800 Uncommon trap: trap_request=0xffffff4d fr.pc=0x00007fffe8eef720 relative=0x0000000000000c80
Event: 542.170 Thread 0x00007fffaccd2800 Uncommon trap: reason=unstable_if action=reinterpret pc=0x00007fffe8eef720 method=java.io.BufferedReader.readLine(Z)Ljava/lang/String; @ 192 c2
Event: 542.170 Thread 0x00007fffaccd2800 DEOPT PACKING pc=0x00007fffe8eef720 sp=0x00007fff37733d00
Event: 542.170 Thread 0x00007fffaccd2800 DEOPT UNPACKING pc=0x00007fffe47ce2a5 sp=0x00007fff37733cb8 mode 2
Event: 542.170 Thread 0x00007fffaccd2800 Uncommon trap: trap_request=0xffffff4d fr.pc=0x00007fffe4c6d698 relative=0x00000000000002d8
Event: 542.170 Thread 0x00007fffaccd2800 Uncommon trap: reason=unstable_if action=reinterpret pc=0x00007fffe4c6d698 method=java.lang.String.getChars(II[CI)V @ 23 c2
Event: 542.170 Thread 0x00007fffaccd2800 DEOPT PACKING pc=0x00007fffe4c6d698 sp=0x00007fff377338a0
Event: 542.170 Thread 0x00007fffaccd2800 DEOPT UNPACKING pc=0x00007fffe47ce2a5 sp=0x00007fff37733880 mode 2
Event: 542.170 Thread 0x00007fffaccd2800 Uncommon trap: trap_request=0xffffff4d fr.pc=0x00007fffe53fcae4 relative=0x0000000000000444
Event: 542.170 Thread 0x00007fffaccd2800 Uncommon trap: reason=unstable_if action=reinterpret pc=0x00007fffe53fcae4 method=sun.nio.cs.UTF_8$Encoder.encodeArrayLoop(Ljava/nio/CharBuffer;Ljava/nio/ByteBuffer;)Ljava/nio/charset/CoderResult; @ 87 c2
Event: 542.170 Thread 0x00007fffaccd2800 DEOPT PACKING pc=0x00007fffe53fcae4 sp=0x00007fff377337e0
Event: 542.170 Thread 0x00007fffaccd2800 DEOPT UNPACKING pc=0x00007fffe47ce2a5 sp=0x00007fff37733798 mode 2
Event: 542.171 Thread 0x00007fffaccd2800 Uncommon trap: trap_request=0xffffff4d fr.pc=0x00007fffe4b19af8 relative=0x0000000000000498
Event: 542.171 Thread 0x00007fffaccd2800 Uncommon trap: reason=unstable_if action=reinterpret pc=0x00007fffe4b19af8 method=sun.nio.cs.UTF_8$Encoder.encodeArrayLoop(Ljava/nio/CharBuffer;Ljava/nio/ByteBuffer;)Ljava/nio/charset/CoderResult; @ 87 c2
Event: 542.171 Thread 0x00007fffaccd2800 DEOPT PACKING pc=0x00007fffe4b19af8 sp=0x00007fff37733800
Event: 542.171 Thread 0x00007fffaccd2800 DEOPT UNPACKING pc=0x00007fffe47ce2a5 sp=0x00007fff37733798 mode 2
Event: 546.662 Thread 0x00007fffcb294000 DEOPT PACKING pc=0x00007fffe90e872f sp=0x00007fffc84780f0
Event: 546.662 Thread 0x00007fffcb294000 DEOPT UNPACKING pc=0x00007fffe480f9fa sp=0x00007fffc8477688 mode 0

Classes redefined (0 events):
No events

Internal exceptions (20 events):
Event: 515.711 Thread 0x00007fffcb294000 Implicit null exception at 0x00007fffe4ceab81 to 0x00007fffe4ceb45c
Event: 515.712 Thread 0x00007fffcb294000 Implicit null exception at 0x00007fffe4ceab81 to 0x00007fffe4ceb45c
Event: 515.714 Thread 0x00007fffcb294000 Implicit null exception at 0x00007fffe4ceab81 to 0x00007fffe4ceb45c
Event: 518.895 Thread 0x00007fffacc3f000 Implicit null exception at 0x00007fffe9560ee4 to 0x00007fffe95626a0
Event: 518.942 Thread 0x00007fffcb294000 Exception <a 'java/security/PrivilegedActionException'{0x000000075e1becf8}> (0x000000075e1becf8) thrown at [src/hotspot/share/prims/jvm.cpp, line 1304]
Event: 518.942 Thread 0x00007fffcb294000 Exception <a 'java/security/PrivilegedActionException'{0x000000075e1bfd10}> (0x000000075e1bfd10) thrown at [src/hotspot/share/prims/jvm.cpp, line 1304]
Event: 522.245 Thread 0x00007fffcb294000 Exception <a 'java/lang/NoSuchMethodError'{0x000000075d4f3530}: <clinit>> (0x000000075d4f3530) thrown at [src/hotspot/share/prims/jni.cpp, line 1372]
Event: 522.440 Thread 0x00007fffbc86a000 Exception <a 'java/lang/NoSuchMethodError'{0x000000075a536970}: 'java.lang.Object java.lang.invoke.DelegatingMethodHandle$Holder.reinvoke_L(java.lang.Object, java.lang.Object, java.lang.Object, java.lang.Object, java.lang.Object, java.lang.Object, java.lang.Object, java.lang.Object, java.lang.Object, java.lang.Object, java.lang.Object, java.lang.Object, java.lang.Object, java.lang.Object, java.lang.Object, java.lang.Object, java.lang.Object, java.lang.Object, java.lang.Object, java.lang.Object, java.lang.O
Event: 522.441 Thread 0x00007fffbc86a000 Exception <a 'java/lang/NoSuchMethodError'{0x000000075a5f6660}: 'java.lang.Object java.lang.invoke.Invokers$Holder.invoker(java.lang.Object, java.lang.Object, java.lang.Object, java.lang.Object, java.lang.Object, java.lang.Object, java.lang.Object, java.lang.Object, java.lang.Object, java.lang.Object, java.lang.Object, java.lang.Object, java.lang.Object, java.lang.Object, java.lang.Object, java.lang.Object, java.lang.Object, java.lang.Object, java.lang.Object, java.lang.Object, java.lang.Object, java.lang.
Event: 522.441 Thread 0x00007fffbc86a000 Exception <a 'java/lang/NoSuchMethodError'{0x000000075a5fead0}: 'java.lang.Object java.lang.invoke.DelegatingMethodHandle$Holder.delegate(java.lang.Object, java.lang.Object, java.lang.Object, java.lang.Object, java.lang.Object, java.lang.Object, java.lang.Object, java.lang.Object, java.lang.Object, java.lang.Object, java.lang.Object, java.lang.Object, java.lang.Object, java.lang.Object, java.lang.Object, java.lang.Object, java.lang.Object, java.lang.Object, java.lang.Object, java.lang.Object, java.lang.Obj
Event: 522.697 Thread 0x00007fffcb291000 Exception <a 'java/lang/NoSuchMethodError'{0x000000075628d0f8}: <clinit>> (0x000000075628d0f8) thrown at [src/hotspot/share/prims/jni.cpp, line 1372]
Event: 522.717 Thread 0x00007fffcb294000 Implicit null exception at 0x00007fffe783cefc to 0x00007fffe783d35c
Event: 526.208 Thread 0x00007fffcb294000 Exception <a 'java/lang/NoSuchMethodError'{0x000000075451dd18}: <clinit>> (0x000000075451dd18) thrown at [src/hotspot/share/prims/jni.cpp, line 1372]
Event: 533.110 Thread 0x00007fffcb291000 Exception <a 'java/lang/NoSuchMethodError'{0x0000000775298e00}: <clinit>> (0x0000000775298e00) thrown at [src/hotspot/share/prims/jni.cpp, line 1372]
Event: 533.110 Thread 0x00007fffcb291000 Exception <a 'java/lang/NoSuchMethodError'{0x000000077529fcc0}: <clinit>> (0x000000077529fcc0) thrown at [src/hotspot/share/prims/jni.cpp, line 1372]
Event: 533.112 Thread 0x00007fffcb291000 Exception <a 'java/lang/NoSuchMethodError'{0x00000007752ccaa8}: <clinit>> (0x00000007752ccaa8) thrown at [src/hotspot/share/prims/jni.cpp, line 1372]
Event: 533.112 Thread 0x00007fffcb291000 Exception <a 'java/lang/NoSuchMethodError'{0x00000007752d0148}: <clinit>> (0x00000007752d0148) thrown at [src/hotspot/share/prims/jni.cpp, line 1372]
Event: 533.112 Thread 0x00007fffcb291000 Exception <a 'java/lang/NoSuchMethodError'{0x00000007752ddd60}: <clinit>> (0x00000007752ddd60) thrown at [src/hotspot/share/prims/jni.cpp, line 1372]
Event: 533.118 Thread 0x00007fffcb294000 Exception <a 'java/security/PrivilegedActionException'{0x000000077500ed40}> (0x000000077500ed40) thrown at [src/hotspot/share/prims/jvm.cpp, line 1304]
Event: 533.118 Thread 0x00007fffcb294000 Exception <a 'java/security/PrivilegedActionException'{0x000000077500fd58}> (0x000000077500fd58) thrown at [src/hotspot/share/prims/jvm.cpp, line 1304]

Events (20 events):
Event: 546.893 loading class org/apache/spark/storage/BroadcastBlockIdConstructorAccess
Event: 546.893 loading class org/apache/spark/storage/BroadcastBlockIdConstructorAccess done
Event: 546.893 loading class org/apache/spark/storage/BroadcastBlockIdConstructorAccess
Event: 546.893 loading class org/apache/spark/storage/BroadcastBlockIdConstructorAccess done
Event: 546.893 loading class org/apache/spark/broadcast/TorrentBroadcastConstructorAccess
Event: 546.893 loading class org/apache/spark/broadcast/TorrentBroadcastConstructorAccess done
Event: 546.893 loading class org/apache/spark/broadcast/TorrentBroadcastConstructorAccess
Event: 546.893 loading class org/apache/spark/broadcast/TorrentBroadcastConstructorAccess done
Event: 546.894 loading class scala/reflect/ClassTag$GenericClassTagConstructorAccess
Event: 546.894 loading class scala/reflect/ClassTag$GenericClassTagConstructorAccess done
Event: 546.894 loading class org/apache/spark/storage/BroadcastBlockIdConstructorAccess
Event: 546.894 loading class org/apache/spark/storage/BroadcastBlockIdConstructorAccess done
Event: 546.894 loading class org/apache/spark/storage/BroadcastBlockIdConstructorAccess
Event: 546.894 loading class org/apache/spark/storage/BroadcastBlockIdConstructorAccess done
Event: 546.894 loading class scala/reflect/ClassTag$GenericClassTagConstructorAccess
Event: 546.894 loading class scala/reflect/ClassTag$GenericClassTagConstructorAccess done
Event: 546.894 loading class scala/reflect/ClassTag$GenericClassTagConstructorAccess
Event: 546.894 loading class scala/reflect/ClassTag$GenericClassTagConstructorAccess done
Event: 546.894 loading class scala/reflect/ClassTag$GenericClassTagConstructorAccess
Event: 546.894 loading class scala/reflect/ClassTag$GenericClassTagConstructorAccess done


Dynamic libraries:
700000000-77da00000 rw-p 00000000 00:00 0 
77da00000-7ff800000 ---p 00000000 00:00 0 
7ff800000-7ff848000 rw-p 00b14000 103:02 774215                          /usr/lib/jvm/java-11-openjdk-amd64/lib/server/classes.jsa
7ff848000-7ff900000 rw-p 00000000 00:00 0 
7ff900000-7ffc00000 ---p 00000000 00:00 0 
7ffc00000-7ffc6c000 rw-p 00aa8000 103:02 774215                          /usr/lib/jvm/java-11-openjdk-amd64/lib/server/classes.jsa
7ffc6c000-7ffd00000 rw-p 00000000 00:00 0 
7ffd00000-800000000 ---p 00000000 00:00 0 
800000000-800002000 rwxp 00001000 103:02 774215                          /usr/lib/jvm/java-11-openjdk-amd64/lib/server/classes.jsa
800002000-8003ce000 rw-p 00003000 103:02 774215                          /usr/lib/jvm/java-11-openjdk-amd64/lib/server/classes.jsa
8003ce000-800aa6000 r--p 003cf000 103:02 774215                          /usr/lib/jvm/java-11-openjdk-amd64/lib/server/classes.jsa
800aa6000-800aa7000 rw-p 00aa7000 103:02 774215                          /usr/lib/jvm/java-11-openjdk-amd64/lib/server/classes.jsa
840000000-841e33000 rw-p 00000000 00:00 0 
841e33000-880000000 ---p 00000000 00:00 0 
555555554000-555555555000 r--p 00000000 103:02 774481                    /usr/lib/jvm/java-11-openjdk-amd64/bin/java
555555555000-555555556000 r-xp 00001000 103:02 774481                    /usr/lib/jvm/java-11-openjdk-amd64/bin/java
555555556000-555555557000 r--p 00002000 103:02 774481                    /usr/lib/jvm/java-11-openjdk-amd64/bin/java
555555557000-555555558000 r--p 00002000 103:02 774481                    /usr/lib/jvm/java-11-openjdk-amd64/bin/java
555555558000-555555559000 rw-p 00003000 103:02 774481                    /usr/lib/jvm/java-11-openjdk-amd64/bin/java
7fff27dc9000-7fff290c9000 rw-p 00000000 00:00 0 
7fff290c9000-7fff292c9000 rw-p 00000000 00:00 0 
7fff292c9000-7fff293bb000 r--p 00000000 103:02 30306781                  /home/byr/tmp/chukonu/cache/cached_code_948C7FC6931B867F27C177AF000751D1_0.so
7fff293bb000-7fff29446000 r-xp 000f2000 103:02 30306781                  /home/byr/tmp/chukonu/cache/cached_code_948C7FC6931B867F27C177AF000751D1_0.so
7fff29446000-7fff2949c000 r--p 0017d000 103:02 30306781                  /home/byr/tmp/chukonu/cache/cached_code_948C7FC6931B867F27C177AF000751D1_0.so
7fff2949c000-7fff294a1000 r--p 001d2000 103:02 30306781                  /home/byr/tmp/chukonu/cache/cached_code_948C7FC6931B867F27C177AF000751D1_0.so
7fff294a1000-7fff294a9000 rw-p 001d7000 103:02 30306781                  /home/byr/tmp/chukonu/cache/cached_code_948C7FC6931B867F27C177AF000751D1_0.so
7fff294a9000-7fff2bda9000 rw-p 00000000 00:00 0 
7fff2c1aa000-7fff2c1ae000 ---p 00000000 00:00 0 
7fff2c1ae000-7fff2c5ab000 rw-p 00000000 00:00 0 
7fff2c6a2000-7fff2c72a000 r--p 00000000 103:02 30306845                  /home/byr/tmp/chukonu/cache/cached_code_A08466FF9F0EB9E6C5EDF836F2CA3641_0.so
7fff2c72a000-7fff2c779000 r-xp 00088000 103:02 30306845                  /home/byr/tmp/chukonu/cache/cached_code_A08466FF9F0EB9E6C5EDF836F2CA3641_0.so
7fff2c779000-7fff2c7a4000 r--p 000d7000 103:02 30306845                  /home/byr/tmp/chukonu/cache/cached_code_A08466FF9F0EB9E6C5EDF836F2CA3641_0.so
7fff2c7a4000-7fff2c7a7000 r--p 00101000 103:02 30306845                  /home/byr/tmp/chukonu/cache/cached_code_A08466FF9F0EB9E6C5EDF836F2CA3641_0.so
7fff2c7a7000-7fff2c7ac000 rw-p 00104000 103:02 30306845                  /home/byr/tmp/chukonu/cache/cached_code_A08466FF9F0EB9E6C5EDF836F2CA3641_0.so
7fff2c7ac000-7fff2c92c000 rw-p 00000000 00:00 0 
7fff2c92c000-7fff2c9ac000 ---p 00000000 00:00 0 
7fff2c9ac000-7fff2ceac000 rw-p 00000000 00:00 0 
7fff2ceac000-7fff2ceb0000 ---p 00000000 00:00 0 
7fff2ceb0000-7fff2d2ad000 rw-p 00000000 00:00 0 
7fff2d2ad000-7fff2d2b1000 ---p 00000000 00:00 0 
7fff2d2b1000-7fff2d6ae000 rw-p 00000000 00:00 0 
7fff2d706000-7fff2d79b000 r--p 00000000 103:02 30306841                  /home/byr/tmp/chukonu/cache/cached_code_D2C628E64D8A1CC14A559333458969AE_0.so
7fff2d79b000-7fff2d7e8000 r-xp 00095000 103:02 30306841                  /home/byr/tmp/chukonu/cache/cached_code_D2C628E64D8A1CC14A559333458969AE_0.so
7fff2d7e8000-7fff2d810000 r--p 000e2000 103:02 30306841                  /home/byr/tmp/chukonu/cache/cached_code_D2C628E64D8A1CC14A559333458969AE_0.so
7fff2d810000-7fff2d813000 r--p 00109000 103:02 30306841                  /home/byr/tmp/chukonu/cache/cached_code_D2C628E64D8A1CC14A559333458969AE_0.so
7fff2d813000-7fff2d818000 rw-p 0010c000 103:02 30306841                  /home/byr/tmp/chukonu/cache/cached_code_D2C628E64D8A1CC14A559333458969AE_0.so
7fff2d818000-7fff2d8dc000 r--p 00000000 103:02 30306777                  /home/byr/tmp/chukonu/cache/cached_code_84641474D22C29A6EC8093A3A1A61A1A_0.so
7fff2d8dc000-7fff2d93e000 r-xp 000c4000 103:02 30306777                  /home/byr/tmp/chukonu/cache/cached_code_84641474D22C29A6EC8093A3A1A61A1A_0.so
7fff2d93e000-7fff2d971000 r--p 00126000 103:02 30306777                  /home/byr/tmp/chukonu/cache/cached_code_84641474D22C29A6EC8093A3A1A61A1A_0.so
7fff2d971000-7fff2d972000 ---p 00159000 103:02 30306777                  /home/byr/tmp/chukonu/cache/cached_code_84641474D22C29A6EC8093A3A1A61A1A_0.so
7fff2d972000-7fff2d975000 r--p 00159000 103:02 30306777                  /home/byr/tmp/chukonu/cache/cached_code_84641474D22C29A6EC8093A3A1A61A1A_0.so
7fff2d975000-7fff2d97c000 rw-p 0015c000 103:02 30306777                  /home/byr/tmp/chukonu/cache/cached_code_84641474D22C29A6EC8093A3A1A61A1A_0.so
7fff2d97c000-7fff2da24000 r--p 00000000 103:02 30306773                  /home/byr/tmp/chukonu/cache/cached_code_EF163AC917A2C236ED3AA42A290C0976_0.so
7fff2da24000-7fff2da79000 r-xp 000a8000 103:02 30306773                  /home/byr/tmp/chukonu/cache/cached_code_EF163AC917A2C236ED3AA42A290C0976_0.so
7fff2da79000-7fff2daa5000 r--p 000fd000 103:02 30306773                  /home/byr/tmp/chukonu/cache/cached_code_EF163AC917A2C236ED3AA42A290C0976_0.so
7fff2daa5000-7fff2daa6000 ---p 00129000 103:02 30306773                  /home/byr/tmp/chukonu/cache/cached_code_EF163AC917A2C236ED3AA42A290C0976_0.so
7fff2daa6000-7fff2daa9000 r--p 00129000 103:02 30306773                  /home/byr/tmp/chukonu/cache/cached_code_EF163AC917A2C236ED3AA42A290C0976_0.so
7fff2daa9000-7fff2daaf000 rw-p 0012c000 103:02 30306773                  /home/byr/tmp/chukonu/cache/cached_code_EF163AC917A2C236ED3AA42A290C0976_0.so
7fff2daaf000-7fff2de2f000 rw-p 00000000 00:00 0 
7fff2de2f000-7fff2de33000 ---p 00000000 00:00 0 
7fff2de33000-7fff2e230000 rw-p 00000000 00:00 0 
7fff2e230000-7fff2e234000 ---p 00000000 00:00 0 
7fff2e234000-7fff2e631000 rw-p 00000000 00:00 0 
7fff2e631000-7fff2ecb1000 rw-p 00000000 00:00 0 
7fff2ed6e000-7fff2ef6e000 rw-p 00000000 00:00 0 
7fff2ef6e000-7fff2f021000 r--p 00000000 103:02 30306825                  /home/byr/tmp/chukonu/cache/cached_code_9757F8E68C53301CFD17297479E2FFBA_0.so
7fff2f021000-7fff2f07a000 r-xp 000b3000 103:02 30306825                  /home/byr/tmp/chukonu/cache/cached_code_9757F8E68C53301CFD17297479E2FFBA_0.so
7fff2f07a000-7fff2f0a9000 r--p 0010c000 103:02 30306825                  /home/byr/tmp/chukonu/cache/cached_code_9757F8E68C53301CFD17297479E2FFBA_0.so
7fff2f0a9000-7fff2f0ac000 r--p 0013a000 103:02 30306825                  /home/byr/tmp/chukonu/cache/cached_code_9757F8E68C53301CFD17297479E2FFBA_0.so
7fff2f0ac000-7fff2f0b2000 rw-p 0013d000 103:02 30306825                  /home/byr/tmp/chukonu/cache/cached_code_9757F8E68C53301CFD17297479E2FFBA_0.so
7fff2f0b2000-7fff2f0b6000 ---p 00000000 00:00 0 
7fff2f0b6000-7fff2f4b3000 rw-p 00000000 00:00 0 
7fff2f4b3000-7fff2f4b7000 ---p 00000000 00:00 0 
7fff2f4b7000-7fff2f8b4000 rw-p 00000000 00:00 0 
7fff2f8b4000-7fff2f8b8000 ---p 00000000 00:00 0 
7fff2f8b8000-7fff2fcb5000 rw-p 00000000 00:00 0 
7fff2fd1c000-7fff2fe08000 r--p 00000000 103:02 30306821                  /home/byr/tmp/chukonu/cache/cached_code_67278D013647C21BCE747DFDD85D723A_0.so
7fff2fe08000-7fff2fe72000 r-xp 000ec000 103:02 30306821                  /home/byr/tmp/chukonu/cache/cached_code_67278D013647C21BCE747DFDD85D723A_0.so
7fff2fe72000-7fff2feab000 r--p 00156000 103:02 30306821                  /home/byr/tmp/chukonu/cache/cached_code_67278D013647C21BCE747DFDD85D723A_0.so
7fff2feab000-7fff2feac000 ---p 0018f000 103:02 30306821                  /home/byr/tmp/chukonu/cache/cached_code_67278D013647C21BCE747DFDD85D723A_0.so
7fff2feac000-7fff2feb0000 r--p 0018f000 103:02 30306821                  /home/byr/tmp/chukonu/cache/cached_code_67278D013647C21BCE747DFDD85D723A_0.so
7fff2feb0000-7fff2feb7000 rw-p 00193000 103:02 30306821                  /home/byr/tmp/chukonu/cache/cached_code_67278D013647C21BCE747DFDD85D723A_0.so
7fff2feb7000-7fff2febb000 ---p 00000000 00:00 0 
7fff2febb000-7fff302b8000 rw-p 00000000 00:00 0 
7fff30343000-7fff30442000 r--p 00000000 103:02 30306865                  /home/byr/tmp/chukonu/cache/cached_code_6ED5B6DC20C0538DCDDD059D783FAB8A_0.so
7fff30442000-7fff304bb000 r-xp 000ff000 103:02 30306865                  /home/byr/tmp/chukonu/cache/cached_code_6ED5B6DC20C0538DCDDD059D783FAB8A_0.so
7fff304bb000-7fff304ff000 r--p 00178000 103:02 30306865                  /home/byr/tmp/chukonu/cache/cached_code_6ED5B6DC20C0538DCDDD059D783FAB8A_0.so
7fff304ff000-7fff30503000 r--p 001bb000 103:02 30306865                  /home/byr/tmp/chukonu/cache/cached_code_6ED5B6DC20C0538DCDDD059D783FAB8A_0.so
7fff30503000-7fff3050b000 rw-p 001bf000 103:02 30306865                  /home/byr/tmp/chukonu/cache/cached_code_6ED5B6DC20C0538DCDDD059D783FAB8A_0.so
7fff3050b000-7fff305f7000 r--p 00000000 103:02 30306861                  /home/byr/tmp/chukonu/cache/cached_code_4E4DBB04EDB8CD911D41A618465E36A7_0.so
7fff305f7000-7fff3066b000 r-xp 000ec000 103:02 30306861                  /home/byr/tmp/chukonu/cache/cached_code_4E4DBB04EDB8CD911D41A618465E36A7_0.so
7fff3066b000-7fff306ac000 r--p 00160000 103:02 30306861                  /home/byr/tmp/chukonu/cache/cached_code_4E4DBB04EDB8CD911D41A618465E36A7_0.so
7fff306ac000-7fff306ad000 ---p 001a1000 103:02 30306861                  /home/byr/tmp/chukonu/cache/cached_code_4E4DBB04EDB8CD911D41A618465E36A7_0.so
7fff306ad000-7fff306b1000 r--p 001a1000 103:02 30306861                  /home/byr/tmp/chukonu/cache/cached_code_4E4DBB04EDB8CD911D41A618465E36A7_0.so
7fff306b1000-7fff306b9000 rw-p 001a5000 103:02 30306861                  /home/byr/tmp/chukonu/cache/cached_code_4E4DBB04EDB8CD911D41A618465E36A7_0.so
7fff306b9000-7fff30cb9000 rw-p 00000000 00:00 0 
7fff30cb9000-7fff30cbd000 ---p 00000000 00:00 0 
7fff30cbd000-7fff310ba000 rw-p 00000000 00:00 0 
7fff310ba000-7fff310be000 ---p 00000000 00:00 0 
7fff310be000-7fff314bb000 rw-p 00000000 00:00 0 
7fff314bb000-7fff314bf000 ---p 00000000 00:00 0 
7fff314bf000-7fff318bc000 rw-p 00000000 00:00 0 
7fff318bc000-7fff34bbc000 rw-p 00000000 00:00 0 
7fff34bbc000-7fff34dbc000 rw-p 00000000 00:00 0 
7fff34dbc000-7fff34e60000 r--p 00000000 103:02 30293386                  /home/byr/tmp/chukonu/cache/cached_code_804BC621B9E8E45873D916879B6214B5_0.so
7fff34e60000-7fff34eb5000 r-xp 000a4000 103:02 30293386                  /home/byr/tmp/chukonu/cache/cached_code_804BC621B9E8E45873D916879B6214B5_0.so
7fff34eb5000-7fff34ee2000 r--p 000f9000 103:02 30293386                  /home/byr/tmp/chukonu/cache/cached_code_804BC621B9E8E45873D916879B6214B5_0.so
7fff34ee2000-7fff34ee3000 ---p 00126000 103:02 30293386                  /home/byr/tmp/chukonu/cache/cached_code_804BC621B9E8E45873D916879B6214B5_0.so
7fff34ee3000-7fff34ee6000 r--p 00126000 103:02 30293386                  /home/byr/tmp/chukonu/cache/cached_code_804BC621B9E8E45873D916879B6214B5_0.so
7fff34ee6000-7fff34eec000 rw-p 00129000 103:02 30293386                  /home/byr/tmp/chukonu/cache/cached_code_804BC621B9E8E45873D916879B6214B5_0.so
7fff34eec000-7fff354ec000 rw-p 00000000 00:00 0 
7fff355c0000-7fff356d4000 r--p 00000000 103:02 30306769                  /home/byr/tmp/chukonu/cache/cached_code_3DF4A92488EABF4B5EF3ABE47ED71F03_0.so
7fff356d4000-7fff3576a000 r-xp 00114000 103:02 30306769                  /home/byr/tmp/chukonu/cache/cached_code_3DF4A92488EABF4B5EF3ABE47ED71F03_0.so
7fff3576a000-7fff357c3000 r--p 001aa000 103:02 30306769                  /home/byr/tmp/chukonu/cache/cached_code_3DF4A92488EABF4B5EF3ABE47ED71F03_0.so
7fff357c3000-7fff357c4000 ---p 00203000 103:02 30306769                  /home/byr/tmp/chukonu/cache/cached_code_3DF4A92488EABF4B5EF3ABE47ED71F03_0.so
7fff357c4000-7fff357c9000 r--p 00203000 103:02 30306769                  /home/byr/tmp/chukonu/cache/cached_code_3DF4A92488EABF4B5EF3ABE47ED71F03_0.so
7fff357c9000-7fff357d2000 rw-p 00208000 103:02 30306769                  /home/byr/tmp/chukonu/cache/cached_code_3DF4A92488EABF4B5EF3ABE47ED71F03_0.so
7fff357d2000-7fff3586a000 r--p 00000000 103:02 30306765                  /home/byr/tmp/chukonu/cache/cached_code_C1A8D3A580E0C8558B7ECD22620BF62D_0.so
7fff3586a000-7fff358ba000 r-xp 00098000 103:02 30306765                  /home/byr/tmp/chukonu/cache/cached_code_C1A8D3A580E0C8558B7ECD22620BF62D_0.so
7fff358ba000-7fff358e4000 r--p 000e8000 103:02 30306765                  /home/byr/tmp/chukonu/cache/cached_code_C1A8D3A580E0C8558B7ECD22620BF62D_0.so
7fff358e4000-7fff358e7000 r--p 00111000 103:02 30306765                  /home/byr/tmp/chukonu/cache/cached_code_C1A8D3A580E0C8558B7ECD22620BF62D_0.so
7fff358e7000-7fff358ed000 rw-p 00114000 103:02 30306765                  /home/byr/tmp/chukonu/cache/cached_code_C1A8D3A580E0C8558B7ECD22620BF62D_0.so
7fff358ed000-7fff35ced000 rw-p 00000000 00:00 0 
7fff35ced000-7fff35d91000 r--p 00000000 103:02 30293378                  /home/byr/tmp/chukonu/cache/cached_code_AC156875C7CB89D74910F5E90329E4C7_0.so
7fff35d91000-7fff35de6000 r-xp 000a4000 103:02 30293378                  /home/byr/tmp/chukonu/cache/cached_code_AC156875C7CB89D74910F5E90329E4C7_0.so
7fff35de6000-7fff35e12000 r--p 000f9000 103:02 30293378                  /home/byr/tmp/chukonu/cache/cached_code_AC156875C7CB89D74910F5E90329E4C7_0.so
7fff35e12000-7fff35e15000 r--p 00124000 103:02 30293378                  /home/byr/tmp/chukonu/cache/cached_code_AC156875C7CB89D74910F5E90329E4C7_0.so
7fff35e15000-7fff35e1b000 rw-p 00127000 103:02 30293378                  /home/byr/tmp/chukonu/cache/cached_code_AC156875C7CB89D74910F5E90329E4C7_0.so
7fff35e1b000-7fff35ec7000 r--p 00000000 103:02 30293362                  /home/byr/tmp/chukonu/cache/cached_code_30241192F82C40881FB369B1D65FB8AA_0.so
7fff35ec7000-7fff35f21000 r-xp 000ac000 103:02 30293362                  /home/byr/tmp/chukonu/cache/cached_code_30241192F82C40881FB369B1D65FB8AA_0.so
7fff35f21000-7fff35f50000 r--p 00106000 103:02 30293362                  /home/byr/tmp/chukonu/cache/cached_code_30241192F82C40881FB369B1D65FB8AA_0.so
7fff35f50000-7fff35f51000 ---p 00135000 103:02 30293362                  /home/byr/tmp/chukonu/cache/cached_code_30241192F82C40881FB369B1D65FB8AA_0.so
7fff35f51000-7fff35f54000 r--p 00135000 103:02 30293362                  /home/byr/tmp/chukonu/cache/cached_code_30241192F82C40881FB369B1D65FB8AA_0.so
7fff35f54000-7fff35f5a000 rw-p 00138000 103:02 30293362                  /home/byr/tmp/chukonu/cache/cached_code_30241192F82C40881FB369B1D65FB8AA_0.so
7fff35f5a000-7fff36bda000 rw-p 00000000 00:00 0 
7fff36bda000-7fff36c6f000 r--p 00000000 103:02 30293361                  /home/byr/tmp/chukonu/cache/cached_code_0B7D6B86B732C0E966B4EE5752E82756_0.so
7fff36c6f000-7fff36cba000 r-xp 00095000 103:02 30293361                  /home/byr/tmp/chukonu/cache/cached_code_0B7D6B86B732C0E966B4EE5752E82756_0.so
7fff36cba000-7fff36ce1000 r--p 000e0000 103:02 30293361                  /home/byr/tmp/chukonu/cache/cached_code_0B7D6B86B732C0E966B4EE5752E82756_0.so
7fff36ce1000-7fff36ce4000 r--p 00106000 103:02 30293361                  /home/byr/tmp/chukonu/cache/cached_code_0B7D6B86B732C0E966B4EE5752E82756_0.so
7fff36ce4000-7fff36cea000 rw-p 00109000 103:02 30293361                  /home/byr/tmp/chukonu/cache/cached_code_0B7D6B86B732C0E966B4EE5752E82756_0.so
7fff36cea000-7fff36cee000 ---p 00000000 00:00 0 
7fff36cee000-7fff370eb000 rw-p 00000000 00:00 0 
7fff370eb000-7fff3718d000 r--p 00000000 103:02 30289595                  /home/byr/tmp/chukonu/cache/cached_code_28C8B44823CA4470CAD7BF52DE2FF409_0.so
7fff3718d000-7fff371e0000 r-xp 000a2000 103:02 30289595                  /home/byr/tmp/chukonu/cache/cached_code_28C8B44823CA4470CAD7BF52DE2FF409_0.so
7fff371e0000-7fff3720d000 r--p 000f5000 103:02 30289595                  /home/byr/tmp/chukonu/cache/cached_code_28C8B44823CA4470CAD7BF52DE2FF409_0.so
7fff3720d000-7fff37210000 r--p 00121000 103:02 30289595                  /home/byr/tmp/chukonu/cache/cached_code_28C8B44823CA4470CAD7BF52DE2FF409_0.so
7fff37210000-7fff37216000 rw-p 00124000 103:02 30289595                  /home/byr/tmp/chukonu/cache/cached_code_28C8B44823CA4470CAD7BF52DE2FF409_0.so
7fff37216000-7fff372b2000 r--p 00000000 103:02 30289584                  /home/byr/tmp/chukonu/cache/cached_code_FA7E92371E3487BA3A4035BAA8C66641_0.so
7fff372b2000-7fff37303000 r-xp 0009c000 103:02 30289584                  /home/byr/tmp/chukonu/cache/cached_code_FA7E92371E3487BA3A4035BAA8C66641_0.so
7fff37303000-7fff3732d000 r--p 000ed000 103:02 30289584                  /home/byr/tmp/chukonu/cache/cached_code_FA7E92371E3487BA3A4035BAA8C66641_0.so
7fff3732d000-7fff37330000 r--p 00116000 103:02 30289584                  /home/byr/tmp/chukonu/cache/cached_code_FA7E92371E3487BA3A4035BAA8C66641_0.so
7fff37330000-7fff37336000 rw-p 00119000 103:02 30289584                  /home/byr/tmp/chukonu/cache/cached_code_FA7E92371E3487BA3A4035BAA8C66641_0.so
7fff37336000-7fff3733a000 ---p 00000000 00:00 0 
7fff3733a000-7fff37737000 rw-p 00000000 00:00 0 
7fff37737000-7fff377e0000 r--p 00000000 103:02 30289580                  /home/byr/tmp/chukonu/cache/cached_code_32C87CF26A22F4F5449678943E0A038C_0.so
7fff377e0000-7fff37839000 r-xp 000a9000 103:02 30289580                  /home/byr/tmp/chukonu/cache/cached_code_32C87CF26A22F4F5449678943E0A038C_0.so
7fff37839000-7fff37869000 r--p 00102000 103:02 30289580                  /home/byr/tmp/chukonu/cache/cached_code_32C87CF26A22F4F5449678943E0A038C_0.so
7fff37869000-7fff3786a000 ---p 00132000 103:02 30289580                  /home/byr/tmp/chukonu/cache/cached_code_32C87CF26A22F4F5449678943E0A038C_0.so
7fff3786a000-7fff3786d000 r--p 00132000 103:02 30289580                  /home/byr/tmp/chukonu/cache/cached_code_32C87CF26A22F4F5449678943E0A038C_0.so
7fff3786d000-7fff37873000 rw-p 00135000 103:02 30289580                  /home/byr/tmp/chukonu/cache/cached_code_32C87CF26A22F4F5449678943E0A038C_0.so
7fff37873000-7fff37877000 ---p 00000000 00:00 0 
7fff37877000-7fff37c74000 rw-p 00000000 00:00 0 
7fff37c74000-7fff37c78000 ---p 00000000 00:00 0 
7fff37c78000-7fff38075000 rw-p 00000000 00:00 0 
7fff38075000-7fff38079000 ---p 00000000 00:00 0 
7fff38079000-7fff38476000 rw-p 00000000 00:00 0 
7fff38478000-7fff3847c000 ---p 00000000 00:00 0 
7fff3847c000-7fff38879000 rw-p 00000000 00:00 0 
7fff38879000-7fff3a7f9000 rw-p 00000000 00:00 0 
7fff3a7f9000-7fff3a7fd000 ---p 00000000 00:00 0 
7fff3a7fd000-7fff3abfa000 rw-p 00000000 00:00 0 
7fff3abfa000-7fff3abfe000 ---p 00000000 00:00 0 
7fff3abfe000-7fff3affb000 rw-p 00000000 00:00 0 
7fff3affb000-7fff3afff000 ---p 00000000 00:00 0 
7fff3afff000-7fff3b3fc000 rw-p 00000000 00:00 0 
7fff3b3fc000-7fff3b400000 ---p 00000000 00:00 0 
7fff3b400000-7fff3b7fd000 rw-p 00000000 00:00 0 
7fff3b7fd000-7fff3b801000 ---p 00000000 00:00 0 
7fff3b801000-7fff3bbfe000 rw-p 00000000 00:00 0 
7fff3bbfe000-7fff3bc02000 ---p 00000000 00:00 0 
7fff3bc02000-7fff3bfff000 rw-p 00000000 00:00 0 
7fff3bfff000-7fff3c003000 ---p 00000000 00:00 0 
7fff3c003000-7fff3c400000 rw-p 00000000 00:00 0 
7fff3c400000-7fff3cc00000 rw-p 00000000 00:00 0 
7fff3ccd6000-7fff3cd6c000 r--p 00000000 103:02 30289576                  /home/byr/tmp/chukonu/cache/cached_code_06C8FB5F012E9C97515416143FE54F4B_0.so
7fff3cd6c000-7fff3cdba000 r-xp 00096000 103:02 30289576                  /home/byr/tmp/chukonu/cache/cached_code_06C8FB5F012E9C97515416143FE54F4B_0.so
7fff3cdba000-7fff3cde3000 r--p 000e4000 103:02 30289576                  /home/byr/tmp/chukonu/cache/cached_code_06C8FB5F012E9C97515416143FE54F4B_0.so
7fff3cde3000-7fff3cde6000 r--p 0010c000 103:02 30289576                  /home/byr/tmp/chukonu/cache/cached_code_06C8FB5F012E9C97515416143FE54F4B_0.so
7fff3cde6000-7fff3cdec000 rw-p 0010f000 103:02 30289576                  /home/byr/tmp/chukonu/cache/cached_code_06C8FB5F012E9C97515416143FE54F4B_0.so
7fff3cdec000-7fff3d06c000 rw-p 00000000 00:00 0 
7fff3d13d000-7fff3d1df000 r--p 00000000 103:02 30306761                  /home/byr/tmp/chukonu/cache/cached_code_B0612DBE401D908557C282BA6C5EB8F7_0.so
7fff3d1df000-7fff3d236000 r-xp 000a2000 103:02 30306761                  /home/byr/tmp/chukonu/cache/cached_code_B0612DBE401D908557C282BA6C5EB8F7_0.so
7fff3d236000-7fff3d264000 r--p 000f9000 103:02 30306761                  /home/byr/tmp/chukonu/cache/cached_code_B0612DBE401D908557C282BA6C5EB8F7_0.so
7fff3d264000-7fff3d265000 ---p 00127000 103:02 30306761                  /home/byr/tmp/chukonu/cache/cached_code_B0612DBE401D908557C282BA6C5EB8F7_0.so
7fff3d265000-7fff3d268000 r--p 00127000 103:02 30306761                  /home/byr/tmp/chukonu/cache/cached_code_B0612DBE401D908557C282BA6C5EB8F7_0.so
7fff3d268000-7fff3d26e000 rw-p 0012a000 103:02 30306761                  /home/byr/tmp/chukonu/cache/cached_code_B0612DBE401D908557C282BA6C5EB8F7_0.so
7fff3d26e000-7fff3d272000 ---p 00000000 00:00 0 
7fff3d272000-7fff3d66f000 rw-p 00000000 00:00 0 
7fff3d66f000-7fff3d673000 ---p 00000000 00:00 0 
7fff3d673000-7fff3da70000 rw-p 00000000 00:00 0 
7fff3da70000-7fff3da74000 ---p 00000000 00:00 0 
7fff3da74000-7fff3de71000 rw-p 00000000 00:00 0 
7fff3de71000-7fff3de75000 ---p 00000000 00:00 0 
7fff3de75000-7fff3e272000 rw-p 00000000 00:00 0 
7fff3e272000-7fff3e872000 rw-p 00000000 00:00 0 
7fff3e872000-7fff3e876000 ---p 00000000 00:00 0 
7fff3e876000-7fff3ec73000 rw-p 00000000 00:00 0 
7fff3ec73000-7fff3ec77000 ---p 00000000 00:00 0 
7fff3ec77000-7fff3f074000 rw-p 00000000 00:00 0 
7fff3f074000-7fff3f078000 ---p 00000000 00:00 0 
7fff3f078000-7fff3f475000 rw-p 00000000 00:00 0 
7fff3f475000-7fff3f479000 ---p 00000000 00:00 0 
7fff3f479000-7fff3f876000 rw-p 00000000 00:00 0 
7fff3f876000-7fff3f87a000 ---p 00000000 00:00 0 
7fff3f87a000-7fff3fc77000 rw-p 00000000 00:00 0 
7fff3fc77000-7fff3fc7b000 ---p 00000000 00:00 0 
7fff3fc7b000-7fff40078000 rw-p 00000000 00:00 0 
7fff40078000-7fff4007c000 ---p 00000000 00:00 0 
7fff4007c000-7fff40479000 rw-p 00000000 00:00 0 
7fff40479000-7fff4047d000 ---p 00000000 00:00 0 
7fff4047d000-7fff4087a000 rw-p 00000000 00:00 0 
7fff4087a000-7fff40afa000 rw-p 00000000 00:00 0 
7fff40afa000-7fff40bc8000 r--p 00000000 103:02 30289572                  /home/byr/tmp/chukonu/cache/cached_code_56BCFF76880F86430FEC46DD730EE294_0.so
7fff40bc8000-7fff40c32000 r-xp 000ce000 103:02 30289572                  /home/byr/tmp/chukonu/cache/cached_code_56BCFF76880F86430FEC46DD730EE294_0.so
7fff40c32000-7fff40c6c000 r--p 00138000 103:02 30289572                  /home/byr/tmp/chukonu/cache/cached_code_56BCFF76880F86430FEC46DD730EE294_0.so
7fff40c6c000-7fff40c6d000 ---p 00172000 103:02 30289572                  /home/byr/tmp/chukonu/cache/cached_code_56BCFF76880F86430FEC46DD730EE294_0.so
7fff40c6d000-7fff40c71000 r--p 00172000 103:02 30289572                  /home/byr/tmp/chukonu/cache/cached_code_56BCFF76880F86430FEC46DD730EE294_0.so
7fff40c71000-7fff40c78000 rw-p 00176000 103:02 30289572                  /home/byr/tmp/chukonu/cache/cached_code_56BCFF76880F86430FEC46DD730EE294_0.so
7fff40ca0000-7fff40d8f000 r--p 00000000 103:02 30306748                  /home/byr/tmp/chukonu/cache/cached_code_ECD39BBFAB61B44BE3D487978E5BED7E_0.so
7fff40d8f000-7fff40e18000 r-xp 000ef000 103:02 30306748                  /home/byr/tmp/chukonu/cache/cached_code_ECD39BBFAB61B44BE3D487978E5BED7E_0.so
7fff40e18000-7fff40e6e000 r--p 00178000 103:02 30306748                  /home/byr/tmp/chukonu/cache/cached_code_ECD39BBFAB61B44BE3D487978E5BED7E_0.so
7fff40e6e000-7fff40e6f000 ---p 001ce000 103:02 30306748                  /home/byr/tmp/chukonu/cache/cached_code_ECD39BBFAB61B44BE3D487978E5BED7E_0.so
7fff40e6f000-7fff40e73000 r--p 001ce000 103:02 30306748                  /home/byr/tmp/chukonu/cache/cached_code_ECD39BBFAB61B44BE3D487978E5BED7E_0.so
7fff40e73000-7fff40e7b000 rw-p 001d2000 103:02 30306748                  /home/byr/tmp/chukonu/cache/cached_code_ECD39BBFAB61B44BE3D487978E5BED7E_0.so
7fff40e7b000-7fff4187b000 rw-p 00000000 00:00 0 
7fff4187c000-7fff41a7c000 rw-p 00000000 00:00 0 
7fff41a7c000-7fff41a80000 ---p 00000000 00:00 0 
7fff41a80000-7fff41e7d000 rw-p 00000000 00:00 0 
7fff41e7d000-7fff4207d000 rw-p 00000000 00:00 0 
7fff4207d000-7fff422fd000 rw-p 00000000 00:00 0 
7fff422fe000-7fff424fe000 rw-p 00000000 00:00 0 
7fff424fe000-7fff426fe000 rw-p 00000000 00:00 0 
7fff426fe000-7fff42cfe000 rw-p 00000000 00:00 0 
7fff42cfe000-7fff42d90000 r--p 00000000 103:02 30276972                  /home/byr/tmp/chukonu/cache/cached_code_D5A2FE24AB0C65647BD2D2AEA327C1B2_0.so
7fff42d90000-7fff42dde000 r-xp 00092000 103:02 30276972                  /home/byr/tmp/chukonu/cache/cached_code_D5A2FE24AB0C65647BD2D2AEA327C1B2_0.so
7fff42dde000-7fff42e07000 r--p 000e0000 103:02 30276972                  /home/byr/tmp/chukonu/cache/cached_code_D5A2FE24AB0C65647BD2D2AEA327C1B2_0.so
7fff42e07000-7fff42e08000 ---p 00109000 103:02 30276972                  /home/byr/tmp/chukonu/cache/cached_code_D5A2FE24AB0C65647BD2D2AEA327C1B2_0.so
7fff42e08000-7fff42e0b000 r--p 00109000 103:02 30276972                  /home/byr/tmp/chukonu/cache/cached_code_D5A2FE24AB0C65647BD2D2AEA327C1B2_0.so
7fff42e0b000-7fff42e10000 rw-p 0010c000 103:02 30276972                  /home/byr/tmp/chukonu/cache/cached_code_D5A2FE24AB0C65647BD2D2AEA327C1B2_0.so
7fff42e10000-7fff42e11000 rw-p 00000000 00:00 0 
7fff42e11000-7fff43311000 rw-p 00000000 00:00 0 
7fff43357000-7fff4341c000 r--p 00000000 103:02 30306756                  /home/byr/tmp/chukonu/cache/cached_code_A5E2BE10C9908417FD5991672C21EC29_0.so
7fff4341c000-7fff4347e000 r-xp 000c5000 103:02 30306756                  /home/byr/tmp/chukonu/cache/cached_code_A5E2BE10C9908417FD5991672C21EC29_0.so
7fff4347e000-7fff434b1000 r--p 00127000 103:02 30306756                  /home/byr/tmp/chukonu/cache/cached_code_A5E2BE10C9908417FD5991672C21EC29_0.so
7fff434b1000-7fff434b2000 ---p 0015a000 103:02 30306756                  /home/byr/tmp/chukonu/cache/cached_code_A5E2BE10C9908417FD5991672C21EC29_0.so
7fff434b2000-7fff434b5000 r--p 0015a000 103:02 30306756                  /home/byr/tmp/chukonu/cache/cached_code_A5E2BE10C9908417FD5991672C21EC29_0.so
7fff434b5000-7fff434bc000 rw-p 0015d000 103:02 30306756                  /home/byr/tmp/chukonu/cache/cached_code_A5E2BE10C9908417FD5991672C21EC29_0.so
7fff434bc000-7fff434c0000 ---p 00000000 00:00 0 
7fff434c0000-7fff438bd000 rw-p 00000000 00:00 0 
7fff438bd000-7fff438ff000 r-xp 00000000 103:02 30306280                  /home/byr/opt/spark/target/tmp/snappy-1.1.10-fd76e1e6-e5b2-4caa-91d7-079211eafbba-libsnappyjava.so
7fff438ff000-7fff43afe000 ---p 00042000 103:02 30306280                  /home/byr/opt/spark/target/tmp/snappy-1.1.10-fd76e1e6-e5b2-4caa-91d7-079211eafbba-libsnappyjava.so
7fff43afe000-7fff43b01000 rw-p 00041000 103:02 30306280                  /home/byr/opt/spark/target/tmp/snappy-1.1.10-fd76e1e6-e5b2-4caa-91d7-079211eafbba-libsnappyjava.so
7fff43b01000-7fff43b13000 rw-p 00000000 00:00 0 
7fff43b13000-7fff44713000 rw-p 00000000 00:00 0 
7fff44746000-7fff447ef000 r--p 00000000 103:02 30306752                  /home/byr/tmp/chukonu/cache/cached_code_4A3326A73EC850C0392F2CFBF5C2D771_0.so
7fff447ef000-7fff44845000 r-xp 000a9000 103:02 30306752                  /home/byr/tmp/chukonu/cache/cached_code_4A3326A73EC850C0392F2CFBF5C2D771_0.so
7fff44845000-7fff44871000 r--p 000ff000 103:02 30306752                  /home/byr/tmp/chukonu/cache/cached_code_4A3326A73EC850C0392F2CFBF5C2D771_0.so
7fff44871000-7fff44872000 ---p 0012b000 103:02 30306752                  /home/byr/tmp/chukonu/cache/cached_code_4A3326A73EC850C0392F2CFBF5C2D771_0.so
7fff44872000-7fff44875000 r--p 0012b000 103:02 30306752                  /home/byr/tmp/chukonu/cache/cached_code_4A3326A73EC850C0392F2CFBF5C2D771_0.so
7fff44875000-7fff4487b000 rw-p 0012e000 103:02 30306752                  /home/byr/tmp/chukonu/cache/cached_code_4A3326A73EC850C0392F2CFBF5C2D771_0.so
7fff4487b000-7fff44927000 r--p 00000000 103:02 30305867                  /home/byr/tmp/chukonu/cache/cached_code_3E69EA257763F05F46A17D034C52BC43_0.so
7fff44927000-7fff44983000 r-xp 000ac000 103:02 30305867                  /home/byr/tmp/chukonu/cache/cached_code_3E69EA257763F05F46A17D034C52BC43_0.so
7fff44983000-7fff449b4000 r--p 00108000 103:02 30305867                  /home/byr/tmp/chukonu/cache/cached_code_3E69EA257763F05F46A17D034C52BC43_0.so
7fff449b4000-7fff449b7000 r--p 00138000 103:02 30305867                  /home/byr/tmp/chukonu/cache/cached_code_3E69EA257763F05F46A17D034C52BC43_0.so
7fff449b7000-7fff449bd000 rw-p 0013b000 103:02 30305867                  /home/byr/tmp/chukonu/cache/cached_code_3E69EA257763F05F46A17D034C52BC43_0.so
7fff449bd000-7fff44a72000 r--p 00000000 103:02 30293593                  /home/byr/tmp/chukonu/cache/cached_code_1EDB1071DC5F53D534F0BA65CFC7503B_0.so
7fff44a72000-7fff44ad3000 r-xp 000b5000 103:02 30293593                  /home/byr/tmp/chukonu/cache/cached_code_1EDB1071DC5F53D534F0BA65CFC7503B_0.so
7fff44ad3000-7fff44b08000 r--p 00116000 103:02 30293593                  /home/byr/tmp/chukonu/cache/cached_code_1EDB1071DC5F53D534F0BA65CFC7503B_0.so
7fff44b08000-7fff44b09000 ---p 0014b000 103:02 30293593                  /home/byr/tmp/chukonu/cache/cached_code_1EDB1071DC5F53D534F0BA65CFC7503B_0.so
7fff44b09000-7fff44b0d000 r--p 0014b000 103:02 30293593                  /home/byr/tmp/chukonu/cache/cached_code_1EDB1071DC5F53D534F0BA65CFC7503B_0.so
7fff44b0d000-7fff44b14000 rw-p 0014f000 103:02 30293593                  /home/byr/tmp/chukonu/cache/cached_code_1EDB1071DC5F53D534F0BA65CFC7503B_0.so
7fff44b17000-7fff44b1b000 ---p 00000000 00:00 0 
7fff44b1b000-7fff44f18000 rw-p 00000000 00:00 0 
7fff44f18000-7fff45b18000 rw-p 00000000 00:00 0 
7fff45b18000-7fff45bc7000 r--p 00000000 103:02 30277161                  /home/byr/tmp/chukonu/cache/cached_code_3B0BE681D2EDE3888C59B61CFDE8C8C0_0.so
7fff45bc7000-7fff45c20000 r-xp 000af000 103:02 30277161                  /home/byr/tmp/chukonu/cache/cached_code_3B0BE681D2EDE3888C59B61CFDE8C8C0_0.so
7fff45c20000-7fff45c4f000 r--p 00108000 103:02 30277161                  /home/byr/tmp/chukonu/cache/cached_code_3B0BE681D2EDE3888C59B61CFDE8C8C0_0.so
7fff45c4f000-7fff45c50000 ---p 00137000 103:02 30277161                  /home/byr/tmp/chukonu/cache/cached_code_3B0BE681D2EDE3888C59B61CFDE8C8C0_0.so
7fff45c50000-7fff45c53000 r--p 00137000 103:02 30277161                  /home/byr/tmp/chukonu/cache/cached_code_3B0BE681D2EDE3888C59B61CFDE8C8C0_0.so
7fff45c53000-7fff45c59000 rw-p 0013a000 103:02 30277161                  /home/byr/tmp/chukonu/cache/cached_code_3B0BE681D2EDE3888C59B61CFDE8C8C0_0.so
7fff45c5a000-7fff45c5e000 ---p 00000000 00:00 0 
7fff45c5e000-7fff4625b000 rw-p 00000000 00:00 0 
7fff4625b000-7fff4645b000 rw-p 00000000 00:00 0 
7fff4645b000-7fff46a5b000 rw-p 00000000 00:00 0 
7fff46a5b000-7fff46aec000 r--p 00000000 103:02 30276968                  /home/byr/tmp/chukonu/cache/cached_code_08CADE41B428F4E4AA78617FAE5B39AF_0.so
7fff46aec000-7fff46b36000 r-xp 00091000 103:02 30276968                  /home/byr/tmp/chukonu/cache/cached_code_08CADE41B428F4E4AA78617FAE5B39AF_0.so
7fff46b36000-7fff46b5c000 r--p 000db000 103:02 30276968                  /home/byr/tmp/chukonu/cache/cached_code_08CADE41B428F4E4AA78617FAE5B39AF_0.so
7fff46b5c000-7fff46b5d000 ---p 00101000 103:02 30276968                  /home/byr/tmp/chukonu/cache/cached_code_08CADE41B428F4E4AA78617FAE5B39AF_0.so
7fff46b5d000-7fff46b60000 r--p 00101000 103:02 30276968                  /home/byr/tmp/chukonu/cache/cached_code_08CADE41B428F4E4AA78617FAE5B39AF_0.so
7fff46b60000-7fff46b65000 rw-p 00104000 103:02 30276968                  /home/byr/tmp/chukonu/cache/cached_code_08CADE41B428F4E4AA78617FAE5B39AF_0.so
7fff46b65000-7fff46c1b000 r--p 00000000 103:02 30277156                  /home/byr/tmp/chukonu/cache/cached_code_F95CE86A264FF9976F32592AA3CCC517_0.so
7fff46c1b000-7fff46c77000 r-xp 000b6000 103:02 30277156                  /home/byr/tmp/chukonu/cache/cached_code_F95CE86A264FF9976F32592AA3CCC517_0.so
7fff46c77000-7fff46ca8000 r--p 00112000 103:02 30277156                  /home/byr/tmp/chukonu/cache/cached_code_F95CE86A264FF9976F32592AA3CCC517_0.so
7fff46ca8000-7fff46cab000 r--p 00142000 103:02 30277156                  /home/byr/tmp/chukonu/cache/cached_code_F95CE86A264FF9976F32592AA3CCC517_0.so
7fff46cab000-7fff46cb2000 rw-p 00145000 103:02 30277156                  /home/byr/tmp/chukonu/cache/cached_code_F95CE86A264FF9976F32592AA3CCC517_0.so
7fff46db2000-7fff46fb2000 rw-p 00000000 00:00 0 
7fff47059000-7fff470f7000 r--p 00000000 103:02 30306744                  /home/byr/tmp/chukonu/cache/cached_code_ACB86F35F354D02645889A87ED930F14_0.so
7fff470f7000-7fff4714b000 r-xp 0009e000 103:02 30306744                  /home/byr/tmp/chukonu/cache/cached_code_ACB86F35F354D02645889A87ED930F14_0.so
7fff4714b000-7fff47177000 r--p 000f2000 103:02 30306744                  /home/byr/tmp/chukonu/cache/cached_code_ACB86F35F354D02645889A87ED930F14_0.so
7fff47177000-7fff4717a000 r--p 0011d000 103:02 30306744                  /home/byr/tmp/chukonu/cache/cached_code_ACB86F35F354D02645889A87ED930F14_0.so
7fff4717a000-7fff47180000 rw-p 00120000 103:02 30306744                  /home/byr/tmp/chukonu/cache/cached_code_ACB86F35F354D02645889A87ED930F14_0.so
7fff47180000-7fff47184000 ---p 00000000 00:00 0 
7fff47184000-7fff47581000 rw-p 00000000 00:00 0 
7fff47581000-7fff47629000 r--p 00000000 103:02 30306672                  /home/byr/tmp/chukonu/cache/cached_code_F6CB7C35F0103BEC584A40129ADE2D32_0.so
7fff47629000-7fff4767f000 r-xp 000a8000 103:02 30306672                  /home/byr/tmp/chukonu/cache/cached_code_F6CB7C35F0103BEC584A40129ADE2D32_0.so
7fff4767f000-7fff476ab000 r--p 000fe000 103:02 30306672                  /home/byr/tmp/chukonu/cache/cached_code_F6CB7C35F0103BEC584A40129ADE2D32_0.so
7fff476ab000-7fff476ac000 ---p 0012a000 103:02 30306672                  /home/byr/tmp/chukonu/cache/cached_code_F6CB7C35F0103BEC584A40129ADE2D32_0.so
7fff476ac000-7fff476af000 r--p 0012a000 103:02 30306672                  /home/byr/tmp/chukonu/cache/cached_code_F6CB7C35F0103BEC584A40129ADE2D32_0.so
7fff476af000-7fff476b5000 rw-p 0012d000 103:02 30306672                  /home/byr/tmp/chukonu/cache/cached_code_F6CB7C35F0103BEC584A40129ADE2D32_0.so
7fff476b5000-7fff478b5000 rw-p 00000000 00:00 0 
7fff478b5000-7fff480b5000 rw-p 00000000 00:00 0 
7fff480b6000-7fff480ba000 ---p 00000000 00:00 0 
7fff480ba000-7fff484b7000 rw-p 00000000 00:00 0 
7fff484b7000-7fff484bb000 ---p 00000000 00:00 0 
7fff484bb000-7fff488b8000 rw-p 00000000 00:00 0 
7fff488b8000-7fff488bc000 ---p 00000000 00:00 0 
7fff488bc000-7fff48cb9000 rw-p 00000000 00:00 0 
7fff48cb9000-7fff490b9000 rw-p 00000000 00:00 0 
7fff4913a000-7fff4913e000 ---p 00000000 00:00 0 
7fff4913e000-7fff4953b000 rw-p 00000000 00:00 0 
7fff4953b000-7fff4953f000 ---p 00000000 00:00 0 
7fff4953f000-7fff4993c000 rw-p 00000000 00:00 0 
7fff49a05000-7fff49a9b000 r--p 00000000 103:02 30306857                  /home/byr/tmp/chukonu/cache/cached_code_0A838FC9186A28CAF468C559B73D8D48_0.so
7fff49a9b000-7fff49ae5000 r-xp 00096000 103:02 30306857                  /home/byr/tmp/chukonu/cache/cached_code_0A838FC9186A28CAF468C559B73D8D48_0.so
7fff49ae5000-7fff49b0c000 r--p 000e0000 103:02 30306857                  /home/byr/tmp/chukonu/cache/cached_code_0A838FC9186A28CAF468C559B73D8D48_0.so
7fff49b0c000-7fff49b0d000 ---p 00107000 103:02 30306857                  /home/byr/tmp/chukonu/cache/cached_code_0A838FC9186A28CAF468C559B73D8D48_0.so
7fff49b0d000-7fff49b10000 r--p 00107000 103:02 30306857                  /home/byr/tmp/chukonu/cache/cached_code_0A838FC9186A28CAF468C559B73D8D48_0.so
7fff49b10000-7fff49b15000 rw-p 0010a000 103:02 30306857                  /home/byr/tmp/chukonu/cache/cached_code_0A838FC9186A28CAF468C559B73D8D48_0.so
7fff49b15000-7fff49ba6000 r--p 00000000 103:02 30306853                  /home/byr/tmp/chukonu/cache/cached_code_F8E3AAF9CD1C28C853DFF1CB967481D5_0.so
7fff49ba6000-7fff49bf2000 r-xp 00091000 103:02 30306853                  /home/byr/tmp/chukonu/cache/cached_code_F8E3AAF9CD1C28C853DFF1CB967481D5_0.so
7fff49bf2000-7fff49c1a000 r--p 000dd000 103:02 30306853                  /home/byr/tmp/chukonu/cache/cached_code_F8E3AAF9CD1C28C853DFF1CB967481D5_0.so
7fff49c1a000-7fff49c1b000 ---p 00105000 103:02 30306853                  /home/byr/tmp/chukonu/cache/cached_code_F8E3AAF9CD1C28C853DFF1CB967481D5_0.so
7fff49c1b000-7fff49c1e000 r--p 00105000 103:02 30306853                  /home/byr/tmp/chukonu/cache/cached_code_F8E3AAF9CD1C28C853DFF1CB967481D5_0.so
7fff49c1e000-7fff49c23000 rw-p 00108000 103:02 30306853                  /home/byr/tmp/chukonu/cache/cached_code_F8E3AAF9CD1C28C853DFF1CB967481D5_0.so
7fff49c23000-7fff49cb9000 r--p 00000000 103:02 30306849                  /home/byr/tmp/chukonu/cache/cached_code_0267C524DFFFAA3CA6E3A7E32096AFAE_0.so
7fff49cb9000-7fff49d09000 r-xp 00096000 103:02 30306849                  /home/byr/tmp/chukonu/cache/cached_code_0267C524DFFFAA3CA6E3A7E32096AFAE_0.so
7fff49d09000-7fff49d33000 r--p 000e6000 103:02 30306849                  /home/byr/tmp/chukonu/cache/cached_code_0267C524DFFFAA3CA6E3A7E32096AFAE_0.so
7fff49d33000-7fff49d34000 ---p 00110000 103:02 30306849                  /home/byr/tmp/chukonu/cache/cached_code_0267C524DFFFAA3CA6E3A7E32096AFAE_0.so
7fff49d34000-7fff49d37000 r--p 00110000 103:02 30306849                  /home/byr/tmp/chukonu/cache/cached_code_0267C524DFFFAA3CA6E3A7E32096AFAE_0.so
7fff49d37000-7fff49d3d000 rw-p 00113000 103:02 30306849                  /home/byr/tmp/chukonu/cache/cached_code_0267C524DFFFAA3CA6E3A7E32096AFAE_0.so
7fff49d3d000-7fff49d41000 ---p 00000000 00:00 0 
7fff49d41000-7fff4a13e000 rw-p 00000000 00:00 0 
7fff4a13e000-7fff4a73e000 rw-p 00000000 00:00 0 
7fff4a74c000-7fff4a801000 r--p 00000000 103:02 30293609                  /home/byr/tmp/chukonu/cache/cached_code_5634F004D5C360FF1A5EBA6C1D4FCBC9_0.so
7fff4a801000-7fff4a856000 r-xp 000b5000 103:02 30293609                  /home/byr/tmp/chukonu/cache/cached_code_5634F004D5C360FF1A5EBA6C1D4FCBC9_0.so
7fff4a856000-7fff4a883000 r--p 0010a000 103:02 30293609                  /home/byr/tmp/chukonu/cache/cached_code_5634F004D5C360FF1A5EBA6C1D4FCBC9_0.so
7fff4a883000-7fff4a884000 ---p 00137000 103:02 30293609                  /home/byr/tmp/chukonu/cache/cached_code_5634F004D5C360FF1A5EBA6C1D4FCBC9_0.so
7fff4a884000-7fff4a887000 r--p 00137000 103:02 30293609                  /home/byr/tmp/chukonu/cache/cached_code_5634F004D5C360FF1A5EBA6C1D4FCBC9_0.so
7fff4a887000-7fff4a88d000 rw-p 0013a000 103:02 30293609                  /home/byr/tmp/chukonu/cache/cached_code_5634F004D5C360FF1A5EBA6C1D4FCBC9_0.so
7fff4a88d000-7fff4a931000 r--p 00000000 103:02 30293580                  /home/byr/tmp/chukonu/cache/cached_code_BDCA50E4C08480603708984A9CC97211_0.so
7fff4a931000-7fff4a987000 r-xp 000a4000 103:02 30293580                  /home/byr/tmp/chukonu/cache/cached_code_BDCA50E4C08480603708984A9CC97211_0.so
7fff4a987000-7fff4a9b6000 r--p 000fa000 103:02 30293580                  /home/byr/tmp/chukonu/cache/cached_code_BDCA50E4C08480603708984A9CC97211_0.so
7fff4a9b6000-7fff4a9b7000 ---p 00129000 103:02 30293580                  /home/byr/tmp/chukonu/cache/cached_code_BDCA50E4C08480603708984A9CC97211_0.so
7fff4a9b7000-7fff4a9ba000 r--p 00129000 103:02 30293580                  /home/byr/tmp/chukonu/cache/cached_code_BDCA50E4C08480603708984A9CC97211_0.so
7fff4a9ba000-7fff4a9c0000 rw-p 0012c000 103:02 30293580                  /home/byr/tmp/chukonu/cache/cached_code_BDCA50E4C08480603708984A9CC97211_0.so
7fff4a9c0000-7fff4af40000 rw-p 00000000 00:00 0 
7fff4af40000-7fff4af44000 ---p 00000000 00:00 0 
7fff4af44000-7fff4b341000 rw-p 00000000 00:00 0 
7fff4b341000-7fff4bac1000 rw-p 00000000 00:00 0 
7fff4bbc2000-7fff4bc4d000 r--p 00000000 103:02 30293576                  /home/byr/tmp/chukonu/cache/cached_code_3BAFBCEFE283DBD56D4C0F35AF001D12_0.so
7fff4bc4d000-7fff4bc96000 r-xp 0008b000 103:02 30293576                  /home/byr/tmp/chukonu/cache/cached_code_3BAFBCEFE283DBD56D4C0F35AF001D12_0.so
7fff4bc96000-7fff4bcbd000 r--p 000d4000 103:02 30293576                  /home/byr/tmp/chukonu/cache/cached_code_3BAFBCEFE283DBD56D4C0F35AF001D12_0.so
7fff4bcbd000-7fff4bcc0000 r--p 000fa000 103:02 30293576                  /home/byr/tmp/chukonu/cache/cached_code_3BAFBCEFE283DBD56D4C0F35AF001D12_0.so
7fff4bcc0000-7fff4bcc5000 rw-p 000fd000 103:02 30293576                  /home/byr/tmp/chukonu/cache/cached_code_3BAFBCEFE283DBD56D4C0F35AF001D12_0.so
7fff4bcc5000-7fff4cac5000 rw-p 00000000 00:00 0 
7fff4cbc7000-7fff4d2c7000 rw-p 00000000 00:00 0 
7fff4d348000-7fff4d34c000 ---p 00000000 00:00 0 
7fff4d34c000-7fff4d749000 rw-p 00000000 00:00 0 
7fff4d749000-7fff4d74d000 ---p 00000000 00:00 0 
7fff4d74d000-7fff4db4a000 rw-p 00000000 00:00 0 
7fff4db4a000-7fff4db4e000 ---p 00000000 00:00 0 
7fff4db4e000-7fff4df4b000 rw-p 00000000 00:00 0 
7fff4df4b000-7fff4e2cb000 rw-p 00000000 00:00 0 
7fff4e2cb000-7fff4e2cf000 ---p 00000000 00:00 0 
7fff4e2cf000-7fff4e3cc000 rw-p 00000000 00:00 0 
7fff4e3cc000-7fff4e3d0000 ---p 00000000 00:00 0 
7fff4e3d0000-7fff4e7cd000 rw-p 00000000 00:00 0 
7fff4e7cd000-7fff4eacd000 rw-p 00000000 00:00 0 
7fff4eba1000-7fff4eba5000 ---p 00000000 00:00 0 
7fff4eba5000-7fff4f1a2000 rw-p 00000000 00:00 0 
7fff4f1a2000-7fff4f246000 r--p 00000000 103:02 30306279                  /home/byr/tmp/chukonu/cache/cached_code_CED2A3AA1B463C3569C0C314C09AB2A8_0.so
7fff4f246000-7fff4f29a000 r-xp 000a4000 103:02 30306279                  /home/byr/tmp/chukonu/cache/cached_code_CED2A3AA1B463C3569C0C314C09AB2A8_0.so
7fff4f29a000-7fff4f2c6000 r--p 000f8000 103:02 30306279                  /home/byr/tmp/chukonu/cache/cached_code_CED2A3AA1B463C3569C0C314C09AB2A8_0.so
7fff4f2c6000-7fff4f2c9000 r--p 00123000 103:02 30306279                  /home/byr/tmp/chukonu/cache/cached_code_CED2A3AA1B463C3569C0C314C09AB2A8_0.so
7fff4f2c9000-7fff4f2cf000 rw-p 00126000 103:02 30306279                  /home/byr/tmp/chukonu/cache/cached_code_CED2A3AA1B463C3569C0C314C09AB2A8_0.so
7fff4f2cf000-7fff4f2d3000 ---p 00000000 00:00 0 
7fff4f2d3000-7fff4f6d0000 rw-p 00000000 00:00 0 
7fff4f6d0000-7fff4f6d4000 ---p 00000000 00:00 0 
7fff4f6d4000-7fff4fad1000 rw-p 00000000 00:00 0 
7fff4fad1000-7fff4fad5000 ---p 00000000 00:00 0 
7fff4fad5000-7fff4fed2000 rw-p 00000000 00:00 0 
7fff4fed2000-7fff4fed6000 ---p 00000000 00:00 0 
7fff4fed6000-7fff502d3000 rw-p 00000000 00:00 0 
7fff502d3000-7fff502d7000 ---p 00000000 00:00 0 
7fff502d7000-7fff506d4000 rw-p 00000000 00:00 0 
7fff506d4000-7fff506d8000 ---p 00000000 00:00 0 
7fff506d8000-7fff50ad5000 rw-p 00000000 00:00 0 
7fff50ad5000-7fff50ad9000 ---p 00000000 00:00 0 
7fff50ad9000-7fff50ed6000 rw-p 00000000 00:00 0 
7fff50ed6000-7fff50eda000 ---p 00000000 00:00 0 
7fff50eda000-7fff512d7000 rw-p 00000000 00:00 0 
7fff512dc000-7fff512e0000 ---p 00000000 00:00 0 
7fff512e0000-7fff516dd000 rw-p 00000000 00:00 0 
7fff516dd000-7fff517aa000 r--p 00000000 103:02 30306275                  /home/byr/tmp/chukonu/cache/cached_code_ED999B8454C2D4CC953EE7F0B89C5BB4_0.so
7fff517aa000-7fff51814000 r-xp 000cd000 103:02 30306275                  /home/byr/tmp/chukonu/cache/cached_code_ED999B8454C2D4CC953EE7F0B89C5BB4_0.so
7fff51814000-7fff5184e000 r--p 00137000 103:02 30306275                  /home/byr/tmp/chukonu/cache/cached_code_ED999B8454C2D4CC953EE7F0B89C5BB4_0.so
7fff5184e000-7fff51852000 r--p 00170000 103:02 30306275                  /home/byr/tmp/chukonu/cache/cached_code_ED999B8454C2D4CC953EE7F0B89C5BB4_0.so
7fff51852000-7fff51859000 rw-p 00174000 103:02 30306275                  /home/byr/tmp/chukonu/cache/cached_code_ED999B8454C2D4CC953EE7F0B89C5BB4_0.so
7fff51859000-7fff51ad9000 rw-p 00000000 00:00 0 
7fff51ad9000-7fff51add000 ---p 00000000 00:00 0 
7fff51add000-7fff51eda000 rw-p 00000000 00:00 0 
7fff51eda000-7fff51ede000 ---p 00000000 00:00 0 
7fff51ede000-7fff522db000 rw-p 00000000 00:00 0 
7fff522db000-7fff522df000 ---p 00000000 00:00 0 
7fff522df000-7fff526dc000 rw-p 00000000 00:00 0 
7fff526dc000-7fff526e0000 ---p 00000000 00:00 0 
7fff526e0000-7fff52add000 rw-p 00000000 00:00 0 
7fff52add000-7fff52ae1000 ---p 00000000 00:00 0 
7fff52ae1000-7fff52ede000 rw-p 00000000 00:00 0 
7fff52ede000-7fff52ee2000 ---p 00000000 00:00 0 
7fff52ee2000-7fff532df000 rw-p 00000000 00:00 0 
7fff532df000-7fff532e3000 ---p 00000000 00:00 0 
7fff532e3000-7fff536e0000 rw-p 00000000 00:00 0 
7fff536e0000-7fff536e4000 ---p 00000000 00:00 0 
7fff536e4000-7fff53ae1000 rw-p 00000000 00:00 0 
7fff53ae1000-7fff53ae5000 ---p 00000000 00:00 0 
7fff53ae5000-7fff53ee2000 rw-p 00000000 00:00 0 
7fff53ee2000-7fff53ee6000 ---p 00000000 00:00 0 
7fff53ee6000-7fff542e3000 rw-p 00000000 00:00 0 
7fff542e3000-7fff542e7000 ---p 00000000 00:00 0 
7fff542e7000-7fff546e4000 rw-p 00000000 00:00 0 
7fff546e4000-7fff546e8000 ---p 00000000 00:00 0 
7fff546e8000-7fff54ae5000 rw-p 00000000 00:00 0 
7fff54ae5000-7fff54ee5000 rw-p 00000000 00:00 0 
7fff54ee5000-7fff54ee9000 ---p 00000000 00:00 0 
7fff54ee9000-7fff552e6000 rw-p 00000000 00:00 0 
7fff552e6000-7fff552ea000 ---p 00000000 00:00 0 
7fff552ea000-7fff556e7000 rw-p 00000000 00:00 0 
7fff556e7000-7fff556eb000 ---p 00000000 00:00 0 
7fff556eb000-7fff55ae8000 rw-p 00000000 00:00 0 
7fff55ae8000-7fff55aec000 ---p 00000000 00:00 0 
7fff55aec000-7fff55ee9000 rw-p 00000000 00:00 0 
7fff55ee9000-7fff55eed000 ---p 00000000 00:00 0 
7fff55eed000-7fff562ea000 rw-p 00000000 00:00 0 
7fff562ea000-7fff562ee000 ---p 00000000 00:00 0 
7fff562ee000-7fff566eb000 rw-p 00000000 00:00 0 
7fff566eb000-7fff566ef000 ---p 00000000 00:00 0 
7fff566ef000-7fff56aec000 rw-p 00000000 00:00 0 
7fff56aec000-7fff56af0000 ---p 00000000 00:00 0 
7fff56af0000-7fff56eed000 rw-p 00000000 00:00 0 
7fff56eed000-7fff56ef1000 ---p 00000000 00:00 0 
7fff56ef1000-7fff572ee000 rw-p 00000000 00:00 0 
7fff572ee000-7fff572f2000 ---p 00000000 00:00 0 
7fff572f2000-7fff576ef000 rw-p 00000000 00:00 0 
7fff576ef000-7fff576f3000 ---p 00000000 00:00 0 
7fff576f3000-7fff57af0000 rw-p 00000000 00:00 0 
7fff57af0000-7fff57af4000 ---p 00000000 00:00 0 
7fff57af4000-7fff57ef1000 rw-p 00000000 00:00 0 
7fff57ef1000-7fff57ef5000 ---p 00000000 00:00 0 
7fff57ef5000-7fff582f2000 rw-p 00000000 00:00 0 
7fff582f2000-7fff58572000 rw-p 00000000 00:00 0 
7fff58572000-7fff58576000 ---p 00000000 00:00 0 
7fff58576000-7fff58973000 rw-p 00000000 00:00 0 
7fff58973000-7fff58977000 ---p 00000000 00:00 0 
7fff58977000-7fff58d74000 rw-p 00000000 00:00 0 
7fff58d74000-7fff5bef4000 rw-p 00000000 00:00 0 
7fff5bf75000-7fff5c9f5000 rw-p 00000000 00:00 0 
7fff5ca76000-7fff5cdf6000 rw-p 00000000 00:00 0 
7fff5cdf6000-7fff5cdfa000 ---p 00000000 00:00 0 
7fff5cdfa000-7fff5d1f7000 rw-p 00000000 00:00 0 
7fff5d1f7000-7fff5d1fb000 ---p 00000000 00:00 0 
7fff5d1fb000-7fff5d5f8000 rw-p 00000000 00:00 0 
7fff5d5f8000-7fff5ddf8000 rw-p 00000000 00:00 0 
7fff5ddf8000-7fff5dff8000 rw-p 00000000 00:00 0 
7fff5dff8000-7fff5dffc000 ---p 00000000 00:00 0 
7fff5dffc000-7fff5e3f9000 rw-p 00000000 00:00 0 
7fff5e3f9000-7fff5e3fd000 ---p 00000000 00:00 0 
7fff5e3fd000-7fff5e7fa000 rw-p 00000000 00:00 0 
7fff5e7fa000-7fff5e7fe000 ---p 00000000 00:00 0 
7fff5e7fe000-7fff5ebfb000 rw-p 00000000 00:00 0 
7fff5ebfb000-7fff5f0fb000 rw-p 00000000 00:00 0 
7fff5f0fb000-7fff5f186000 r--p 00000000 103:02 30306743                  /home/byr/tmp/chukonu/cache/cached_code_55EBD013853E29A73E3158FE784178A7_0.so
7fff5f186000-7fff5f1ce000 r-xp 0008b000 103:02 30306743                  /home/byr/tmp/chukonu/cache/cached_code_55EBD013853E29A73E3158FE784178A7_0.so
7fff5f1ce000-7fff5f1f3000 r--p 000d3000 103:02 30306743                  /home/byr/tmp/chukonu/cache/cached_code_55EBD013853E29A73E3158FE784178A7_0.so
7fff5f1f3000-7fff5f1f4000 ---p 000f8000 103:02 30306743                  /home/byr/tmp/chukonu/cache/cached_code_55EBD013853E29A73E3158FE784178A7_0.so
7fff5f1f4000-7fff5f1f7000 r--p 000f8000 103:02 30306743                  /home/byr/tmp/chukonu/cache/cached_code_55EBD013853E29A73E3158FE784178A7_0.so
7fff5f1f7000-7fff5f1fc000 rw-p 000fb000 103:02 30306743                  /home/byr/tmp/chukonu/cache/cached_code_55EBD013853E29A73E3158FE784178A7_0.so
7fff5f1fc000-7fff5f200000 ---p 00000000 00:00 0 
7fff5f200000-7fff5f5fd000 rw-p 00000000 00:00 0 
7fff5f5fd000-7fff5f8fd000 rw-p 00000000 00:00 0 
7fff5f8fd000-7fff5f901000 ---p 00000000 00:00 0 
7fff5f901000-7fff5fcfe000 rw-p 00000000 00:00 0 
7fff5fcfe000-7fff5fd02000 ---p 00000000 00:00 0 
7fff5fd02000-7fff600ff000 rw-p 00000000 00:00 0 
7fff600ff000-7fff60103000 ---p 00000000 00:00 0 
7fff60103000-7fff60500000 rw-p 00000000 00:00 0 
7fff60535000-7fff60539000 ---p 00000000 00:00 0 
7fff60539000-7fff60936000 rw-p 00000000 00:00 0 
7fff60936000-7fff6093a000 ---p 00000000 00:00 0 
7fff6093a000-7fff60d37000 rw-p 00000000 00:00 0 
7fff60d37000-7fff60d3b000 ---p 00000000 00:00 0 
7fff60d3b000-7fff61138000 rw-p 00000000 00:00 0 
7fff61138000-7fff6113c000 ---p 00000000 00:00 0 
7fff6113c000-7fff61539000 rw-p 00000000 00:00 0 
7fff61539000-7fff6153d000 ---p 00000000 00:00 0 
7fff6153d000-7fff6193a000 rw-p 00000000 00:00 0 
7fff6193a000-7fff6193e000 ---p 00000000 00:00 0 
7fff6193e000-7fff61d3b000 rw-p 00000000 00:00 0 
7fff61d3b000-7fff61d3f000 ---p 00000000 00:00 0 
7fff61d3f000-7fff6213c000 rw-p 00000000 00:00 0 
7fff6213c000-7fff62140000 ---p 00000000 00:00 0 
7fff62140000-7fff6253d000 rw-p 00000000 00:00 0 
7fff6253d000-7fff62541000 ---p 00000000 00:00 0 
7fff62541000-7fff6293e000 rw-p 00000000 00:00 0 
7fff6293e000-7fff62942000 ---p 00000000 00:00 0 
7fff62942000-7fff62d3f000 rw-p 00000000 00:00 0 
7fff62d3f000-7fff62def000 r--p 00000000 103:02 30293439                  /home/byr/tmp/chukonu/cache/cached_code_5ACB2B905D1361102C2712B46954F120_0.so
7fff62def000-7fff62e4d000 r-xp 000b0000 103:02 30293439                  /home/byr/tmp/chukonu/cache/cached_code_5ACB2B905D1361102C2712B46954F120_0.so
7fff62e4d000-7fff62e81000 r--p 0010e000 103:02 30293439                  /home/byr/tmp/chukonu/cache/cached_code_5ACB2B905D1361102C2712B46954F120_0.so
7fff62e81000-7fff62e85000 r--p 00141000 103:02 30293439                  /home/byr/tmp/chukonu/cache/cached_code_5ACB2B905D1361102C2712B46954F120_0.so
7fff62e85000-7fff62e8b000 rw-p 00145000 103:02 30293439                  /home/byr/tmp/chukonu/cache/cached_code_5ACB2B905D1361102C2712B46954F120_0.so
7fff62e8b000-7fff6310b000 rw-p 00000000 00:00 0 
7fff6310d000-7fff63111000 ---p 00000000 00:00 0 
7fff63111000-7fff6350e000 rw-p 00000000 00:00 0 
7fff6350e000-7fff63512000 ---p 00000000 00:00 0 
7fff63512000-7fff6390f000 rw-p 00000000 00:00 0 
7fff6390f000-7fff63913000 ---p 00000000 00:00 0 
7fff63913000-7fff63d10000 rw-p 00000000 00:00 0 
7fff63d10000-7fff63d14000 ---p 00000000 00:00 0 
7fff63d14000-7fff64111000 rw-p 00000000 00:00 0 
7fff64111000-7fff64115000 ---p 00000000 00:00 0 
7fff64115000-7fff64512000 rw-p 00000000 00:00 0 
7fff64512000-7fff64516000 ---p 00000000 00:00 0 
7fff64516000-7fff64913000 rw-p 00000000 00:00 0 
7fff64913000-7fff64917000 ---p 00000000 00:00 0 
7fff64917000-7fff64d14000 rw-p 00000000 00:00 0 
7fff64d14000-7fff64d18000 ---p 00000000 00:00 0 
7fff64d18000-7fff65115000 rw-p 00000000 00:00 0 
7fff65115000-7fff65119000 ---p 00000000 00:00 0 
7fff65119000-7fff65516000 rw-p 00000000 00:00 0 
7fff65516000-7fff6551a000 ---p 00000000 00:00 0 
7fff6551a000-7fff65917000 rw-p 00000000 00:00 0 
7fff65917000-7fff6591b000 ---p 00000000 00:00 0 
7fff6591b000-7fff65d18000 rw-p 00000000 00:00 0 
7fff65d18000-7fff65d1c000 ---p 00000000 00:00 0 
7fff65d1c000-7fff66119000 rw-p 00000000 00:00 0 
7fff66119000-7fff6611d000 ---p 00000000 00:00 0 
7fff6611d000-7fff6651a000 rw-p 00000000 00:00 0 
7fff6651a000-7fff6651e000 ---p 00000000 00:00 0 
7fff6651e000-7fff6691b000 rw-p 00000000 00:00 0 
7fff6691b000-7fff6691f000 ---p 00000000 00:00 0 
7fff6691f000-7fff66d1c000 rw-p 00000000 00:00 0 
7fff66d1c000-7fff66d20000 ---p 00000000 00:00 0 
7fff66d20000-7fff6711d000 rw-p 00000000 00:00 0 
7fff6711d000-7fff67121000 ---p 00000000 00:00 0 
7fff67121000-7fff6751e000 rw-p 00000000 00:00 0 
7fff6751e000-7fff67522000 ---p 00000000 00:00 0 
7fff67522000-7fff6791f000 rw-p 00000000 00:00 0 
7fff6791f000-7fff67923000 ---p 00000000 00:00 0 
7fff67923000-7fff67d20000 rw-p 00000000 00:00 0 
7fff67d20000-7fff67d24000 ---p 00000000 00:00 0 
7fff67d24000-7fff68321000 rw-p 00000000 00:00 0 
7fff68321000-7fff68921000 rw-p 00000000 00:00 0 
7fff68951000-7fff68955000 ---p 00000000 00:00 0 
7fff68955000-7fff68d52000 rw-p 00000000 00:00 0 
7fff68d52000-7fff68d56000 ---p 00000000 00:00 0 
7fff68d56000-7fff69153000 rw-p 00000000 00:00 0 
7fff69153000-7fff69223000 r--p 00000000 103:02 30306668                  /home/byr/tmp/chukonu/cache/cached_code_6706CE8296E11F0FEF5E7DF463404E1F_0.so
7fff69223000-7fff69291000 r-xp 000d0000 103:02 30306668                  /home/byr/tmp/chukonu/cache/cached_code_6706CE8296E11F0FEF5E7DF463404E1F_0.so
7fff69291000-7fff692ce000 r--p 0013e000 103:02 30306668                  /home/byr/tmp/chukonu/cache/cached_code_6706CE8296E11F0FEF5E7DF463404E1F_0.so
7fff692ce000-7fff692d2000 r--p 0017a000 103:02 30306668                  /home/byr/tmp/chukonu/cache/cached_code_6706CE8296E11F0FEF5E7DF463404E1F_0.so
7fff692d2000-7fff692d9000 rw-p 0017e000 103:02 30306668                  /home/byr/tmp/chukonu/cache/cached_code_6706CE8296E11F0FEF5E7DF463404E1F_0.so
7fff692d9000-7fff6938e000 r--p 00000000 103:02 30306632                  /home/byr/tmp/chukonu/cache/cached_code_E52458515C107F1F288C5476E0E8A05C_0.so
7fff6938e000-7fff693ea000 r-xp 000b5000 103:02 30306632                  /home/byr/tmp/chukonu/cache/cached_code_E52458515C107F1F288C5476E0E8A05C_0.so
7fff693ea000-7fff6941b000 r--p 00111000 103:02 30306632                  /home/byr/tmp/chukonu/cache/cached_code_E52458515C107F1F288C5476E0E8A05C_0.so
7fff6941b000-7fff6941e000 r--p 00141000 103:02 30306632                  /home/byr/tmp/chukonu/cache/cached_code_E52458515C107F1F288C5476E0E8A05C_0.so
7fff6941e000-7fff69424000 rw-p 00144000 103:02 30306632                  /home/byr/tmp/chukonu/cache/cached_code_E52458515C107F1F288C5476E0E8A05C_0.so
7fff69424000-7fff69425000 rw-p 00000000 00:00 0 
7fff69425000-7fff69925000 rw-p 00000000 00:00 0 
7fff69926000-7fff699b1000 r--p 00000000 103:02 30306742                  /home/byr/tmp/chukonu/cache/cached_code_10DDDA4759D92165C8E8841FAB39E146_0.so
7fff699b1000-7fff699f9000 r-xp 0008b000 103:02 30306742                  /home/byr/tmp/chukonu/cache/cached_code_10DDDA4759D92165C8E8841FAB39E146_0.so
7fff699f9000-7fff69a1e000 r--p 000d3000 103:02 30306742                  /home/byr/tmp/chukonu/cache/cached_code_10DDDA4759D92165C8E8841FAB39E146_0.so
7fff69a1e000-7fff69a1f000 ---p 000f8000 103:02 30306742                  /home/byr/tmp/chukonu/cache/cached_code_10DDDA4759D92165C8E8841FAB39E146_0.so
7fff69a1f000-7fff69a22000 r--p 000f8000 103:02 30306742                  /home/byr/tmp/chukonu/cache/cached_code_10DDDA4759D92165C8E8841FAB39E146_0.so
7fff69a22000-7fff69a27000 rw-p 000fb000 103:02 30306742                  /home/byr/tmp/chukonu/cache/cached_code_10DDDA4759D92165C8E8841FAB39E146_0.so
7fff69a27000-7fff6a127000 rw-p 00000000 00:00 0 
7fff6a127000-7fff6a12b000 ---p 00000000 00:00 0 
7fff6a12b000-7fff6a528000 rw-p 00000000 00:00 0 
7fff6a528000-7fff6a52c000 ---p 00000000 00:00 0 
7fff6a52c000-7fff6a929000 rw-p 00000000 00:00 0 
7fff6a929000-7fff6a92d000 ---p 00000000 00:00 0 
7fff6a92d000-7fff6ad2a000 rw-p 00000000 00:00 0 
7fff6ad2a000-7fff6ad2e000 ---p 00000000 00:00 0 
7fff6ad2e000-7fff6b12b000 rw-p 00000000 00:00 0 
7fff6b12b000-7fff6b12f000 ---p 00000000 00:00 0 
7fff6b12f000-7fff6b52c000 rw-p 00000000 00:00 0 
7fff6b52c000-7fff6b530000 ---p 00000000 00:00 0 
7fff6b530000-7fff6b92d000 rw-p 00000000 00:00 0 
7fff6b92d000-7fff6b931000 ---p 00000000 00:00 0 
7fff6b931000-7fff6bd2e000 rw-p 00000000 00:00 0 
7fff6bd2e000-7fff6bd32000 ---p 00000000 00:00 0 
7fff6bd32000-7fff6c12f000 rw-p 00000000 00:00 0 
7fff6c12f000-7fff6c133000 ---p 00000000 00:00 0 
7fff6c133000-7fff6c530000 rw-p 00000000 00:00 0 
7fff6c530000-7fff6c534000 ---p 00000000 00:00 0 
7fff6c534000-7fff6c931000 rw-p 00000000 00:00 0 
7fff6c931000-7fff6c935000 ---p 00000000 00:00 0 
7fff6c935000-7fff6cd32000 rw-p 00000000 00:00 0 
7fff6cd32000-7fff6cd36000 ---p 00000000 00:00 0 
7fff6cd36000-7fff6d133000 rw-p 00000000 00:00 0 
7fff6d133000-7fff6d137000 ---p 00000000 00:00 0 
7fff6d137000-7fff6d534000 rw-p 00000000 00:00 0 
7fff6d534000-7fff6d538000 ---p 00000000 00:00 0 
7fff6d538000-7fff6d935000 rw-p 00000000 00:00 0 
7fff6d935000-7fff6d939000 ---p 00000000 00:00 0 
7fff6d939000-7fff6dd36000 rw-p 00000000 00:00 0 
7fff6dd36000-7fff6dd3a000 ---p 00000000 00:00 0 
7fff6dd3a000-7fff6e137000 rw-p 00000000 00:00 0 
7fff6e137000-7fff6e13b000 ---p 00000000 00:00 0 
7fff6e13b000-7fff6e538000 rw-p 00000000 00:00 0 
7fff6e538000-7fff6e53c000 ---p 00000000 00:00 0 
7fff6e53c000-7fff6e939000 rw-p 00000000 00:00 0 
7fff6e939000-7fff6e93d000 ---p 00000000 00:00 0 
7fff6e93d000-7fff6ed3a000 rw-p 00000000 00:00 0 
7fff6ed3a000-7fff6ed3e000 ---p 00000000 00:00 0 
7fff6ed3e000-7fff6f13b000 rw-p 00000000 00:00 0 
7fff6f13b000-7fff6f13f000 ---p 00000000 00:00 0 
7fff6f13f000-7fff6f53c000 rw-p 00000000 00:00 0 
7fff6f53c000-7fff6f540000 ---p 00000000 00:00 0 
7fff6f540000-7fff6f93d000 rw-p 00000000 00:00 0 
7fff6f93d000-7fff6f941000 ---p 00000000 00:00 0 
7fff6f941000-7fff6fd3e000 rw-p 00000000 00:00 0 
7fff6fd3e000-7fff6fd42000 ---p 00000000 00:00 0 
7fff6fd42000-7fff7013f000 rw-p 00000000 00:00 0 
7fff7013f000-7fff70143000 ---p 00000000 00:00 0 
7fff70143000-7fff70540000 rw-p 00000000 00:00 0 
7fff70540000-7fff70544000 ---p 00000000 00:00 0 
7fff70544000-7fff70941000 rw-p 00000000 00:00 0 
7fff70941000-7fff70945000 ---p 00000000 00:00 0 
7fff70945000-7fff70d42000 rw-p 00000000 00:00 0 
7fff70d42000-7fff70d46000 ---p 00000000 00:00 0 
7fff70d46000-7fff71143000 rw-p 00000000 00:00 0 
7fff71143000-7fff71147000 ---p 00000000 00:00 0 
7fff71147000-7fff71544000 rw-p 00000000 00:00 0 
7fff71544000-7fff71548000 ---p 00000000 00:00 0 
7fff71548000-7fff71945000 rw-p 00000000 00:00 0 
7fff71945000-7fff71949000 ---p 00000000 00:00 0 
7fff71949000-7fff71d46000 rw-p 00000000 00:00 0 
7fff71df1000-7fff71df5000 ---p 00000000 00:00 0 
7fff71df5000-7fff721f2000 rw-p 00000000 00:00 0 
7fff721f2000-7fff722a7000 r--p 00000000 103:02 30293566                  /home/byr/tmp/chukonu/cache/cached_code_9604B3283C27257F08FC5F98A91DB6E2_0.so
7fff722a7000-7fff72308000 r-xp 000b5000 103:02 30293566                  /home/byr/tmp/chukonu/cache/cached_code_9604B3283C27257F08FC5F98A91DB6E2_0.so
7fff72308000-7fff7233e000 r--p 00116000 103:02 30293566                  /home/byr/tmp/chukonu/cache/cached_code_9604B3283C27257F08FC5F98A91DB6E2_0.so
7fff7233e000-7fff72342000 r--p 0014b000 103:02 30293566                  /home/byr/tmp/chukonu/cache/cached_code_9604B3283C27257F08FC5F98A91DB6E2_0.so
7fff72342000-7fff72349000 rw-p 0014f000 103:02 30293566                  /home/byr/tmp/chukonu/cache/cached_code_9604B3283C27257F08FC5F98A91DB6E2_0.so
7fff72349000-7fff72949000 rw-p 00000000 00:00 0 
7fff72a0f000-7fff72a13000 ---p 00000000 00:00 0 
7fff72a13000-7fff72e10000 rw-p 00000000 00:00 0 
7fff72e10000-7fff72e14000 ---p 00000000 00:00 0 
7fff72e14000-7fff73211000 rw-p 00000000 00:00 0 
7fff73211000-7fff73215000 ---p 00000000 00:00 0 
7fff73215000-7fff73612000 rw-p 00000000 00:00 0 
7fff73612000-7fff736bd000 r--p 00000000 103:02 30306628                  /home/byr/tmp/chukonu/cache/cached_code_0AD75FE78A99021BC8EBF4B4F8897D64_0.so
7fff736bd000-7fff73715000 r-xp 000ab000 103:02 30306628                  /home/byr/tmp/chukonu/cache/cached_code_0AD75FE78A99021BC8EBF4B4F8897D64_0.so
7fff73715000-7fff73745000 r--p 00103000 103:02 30306628                  /home/byr/tmp/chukonu/cache/cached_code_0AD75FE78A99021BC8EBF4B4F8897D64_0.so
7fff73745000-7fff73746000 ---p 00133000 103:02 30306628                  /home/byr/tmp/chukonu/cache/cached_code_0AD75FE78A99021BC8EBF4B4F8897D64_0.so
7fff73746000-7fff73749000 r--p 00133000 103:02 30306628                  /home/byr/tmp/chukonu/cache/cached_code_0AD75FE78A99021BC8EBF4B4F8897D64_0.so
7fff73749000-7fff7374f000 rw-p 00136000 103:02 30306628                  /home/byr/tmp/chukonu/cache/cached_code_0AD75FE78A99021BC8EBF4B4F8897D64_0.so
7fff7374f000-7fff7414f000 rw-p 00000000 00:00 0 
7fff741e3000-7fff741e7000 ---p 00000000 00:00 0 
7fff741e7000-7fff745e4000 rw-p 00000000 00:00 0 
7fff745e4000-7fff745e8000 ---p 00000000 00:00 0 
7fff745e8000-7fff749e5000 rw-p 00000000 00:00 0 
7fff749e5000-7fff749e9000 ---p 00000000 00:00 0 
7fff749e9000-7fff74de6000 rw-p 00000000 00:00 0 
7fff74de6000-7fff74dea000 ---p 00000000 00:00 0 
7fff74dea000-7fff751e7000 rw-p 00000000 00:00 0 
7fff751e7000-7fff75279000 r--p 00000000 103:02 30276964                  /home/byr/tmp/chukonu/cache/cached_code_8F33414A5BFA3381A11651FE1D3A7E74_0.so
7fff75279000-7fff752c7000 r-xp 00092000 103:02 30276964                  /home/byr/tmp/chukonu/cache/cached_code_8F33414A5BFA3381A11651FE1D3A7E74_0.so
7fff752c7000-7fff752f0000 r--p 000e0000 103:02 30276964                  /home/byr/tmp/chukonu/cache/cached_code_8F33414A5BFA3381A11651FE1D3A7E74_0.so
7fff752f0000-7fff752f1000 ---p 00109000 103:02 30276964                  /home/byr/tmp/chukonu/cache/cached_code_8F33414A5BFA3381A11651FE1D3A7E74_0.so
7fff752f1000-7fff752f4000 r--p 00109000 103:02 30276964                  /home/byr/tmp/chukonu/cache/cached_code_8F33414A5BFA3381A11651FE1D3A7E74_0.so
7fff752f4000-7fff752f9000 rw-p 0010c000 103:02 30276964                  /home/byr/tmp/chukonu/cache/cached_code_8F33414A5BFA3381A11651FE1D3A7E74_0.so
7fff752f9000-7fff752fa000 rw-p 00000000 00:00 0 
7fff752fa000-7fff753b0000 r--p 00000000 103:02 30276951                  /home/byr/tmp/chukonu/cache/cached_code_17DE7348E276A73C341934CF393D7F0E_0.so
7fff753b0000-7fff7540c000 r-xp 000b6000 103:02 30276951                  /home/byr/tmp/chukonu/cache/cached_code_17DE7348E276A73C341934CF393D7F0E_0.so
7fff7540c000-7fff7543d000 r--p 00112000 103:02 30276951                  /home/byr/tmp/chukonu/cache/cached_code_17DE7348E276A73C341934CF393D7F0E_0.so
7fff7543d000-7fff75440000 r--p 00142000 103:02 30276951                  /home/byr/tmp/chukonu/cache/cached_code_17DE7348E276A73C341934CF393D7F0E_0.so
7fff75440000-7fff75447000 rw-p 00145000 103:02 30276951                  /home/byr/tmp/chukonu/cache/cached_code_17DE7348E276A73C341934CF393D7F0E_0.so
7fff75447000-7fff754d7000 r--p 00000000 103:02 30276934                  /home/byr/tmp/chukonu/cache/cached_code_C05369754F21C2EB30FB52D4966C4386_0.so
7fff754d7000-7fff75523000 r-xp 00090000 103:02 30276934                  /home/byr/tmp/chukonu/cache/cached_code_C05369754F21C2EB30FB52D4966C4386_0.so
7fff75523000-7fff7554b000 r--p 000dc000 103:02 30276934                  /home/byr/tmp/chukonu/cache/cached_code_C05369754F21C2EB30FB52D4966C4386_0.so
7fff7554b000-7fff7554c000 ---p 00104000 103:02 30276934                  /home/byr/tmp/chukonu/cache/cached_code_C05369754F21C2EB30FB52D4966C4386_0.so
7fff7554c000-7fff7554f000 r--p 00104000 103:02 30276934                  /home/byr/tmp/chukonu/cache/cached_code_C05369754F21C2EB30FB52D4966C4386_0.so
7fff7554f000-7fff75554000 rw-p 00107000 103:02 30276934                  /home/byr/tmp/chukonu/cache/cached_code_C05369754F21C2EB30FB52D4966C4386_0.so
7fff75554000-7fff75558000 ---p 00000000 00:00 0 
7fff75558000-7fff75955000 rw-p 00000000 00:00 0 
7fff75955000-7fff75bd5000 rw-p 00000000 00:00 0 
7fff75c29000-7fff75c2d000 ---p 00000000 00:00 0 
7fff75c2d000-7fff7602a000 rw-p 00000000 00:00 0 
7fff7602a000-7fff7602e000 ---p 00000000 00:00 0 
7fff7602e000-7fff7642b000 rw-p 00000000 00:00 0 
7fff7642b000-7fff764d3000 r--p 00000000 103:02 30306624                  /home/byr/tmp/chukonu/cache/cached_code_AD7417CD2AE92D6CEDE4A9A28358A5BB_0.so
7fff764d3000-7fff76528000 r-xp 000a8000 103:02 30306624                  /home/byr/tmp/chukonu/cache/cached_code_AD7417CD2AE92D6CEDE4A9A28358A5BB_0.so
7fff76528000-7fff76554000 r--p 000fd000 103:02 30306624                  /home/byr/tmp/chukonu/cache/cached_code_AD7417CD2AE92D6CEDE4A9A28358A5BB_0.so
7fff76554000-7fff76555000 ---p 00129000 103:02 30306624                  /home/byr/tmp/chukonu/cache/cached_code_AD7417CD2AE92D6CEDE4A9A28358A5BB_0.so
7fff76555000-7fff76558000 r--p 00129000 103:02 30306624                  /home/byr/tmp/chukonu/cache/cached_code_AD7417CD2AE92D6CEDE4A9A28358A5BB_0.so
7fff76558000-7fff7655e000 rw-p 0012c000 103:02 30306624                  /home/byr/tmp/chukonu/cache/cached_code_AD7417CD2AE92D6CEDE4A9A28358A5BB_0.so
7fff7655e000-7fff76609000 r--p 00000000 103:02 30306620                  /home/byr/tmp/chukonu/cache/cached_code_71661BBFF13B3C040AAF6CCBAD9DCBF0_0.so
7fff76609000-7fff76661000 r-xp 000ab000 103:02 30306620                  /home/byr/tmp/chukonu/cache/cached_code_71661BBFF13B3C040AAF6CCBAD9DCBF0_0.so
7fff76661000-7fff76691000 r--p 00103000 103:02 30306620                  /home/byr/tmp/chukonu/cache/cached_code_71661BBFF13B3C040AAF6CCBAD9DCBF0_0.so
7fff76691000-7fff76692000 ---p 00133000 103:02 30306620                  /home/byr/tmp/chukonu/cache/cached_code_71661BBFF13B3C040AAF6CCBAD9DCBF0_0.so
7fff76692000-7fff76695000 r--p 00133000 103:02 30306620                  /home/byr/tmp/chukonu/cache/cached_code_71661BBFF13B3C040AAF6CCBAD9DCBF0_0.so
7fff76695000-7fff7669b000 rw-p 00136000 103:02 30306620                  /home/byr/tmp/chukonu/cache/cached_code_71661BBFF13B3C040AAF6CCBAD9DCBF0_0.so
7fff7669b000-7fff76746000 r--p 00000000 103:02 30306616                  /home/byr/tmp/chukonu/cache/cached_code_473CEB496D763F968A2F65349052CECA_0.so
7fff76746000-7fff7679f000 r-xp 000ab000 103:02 30306616                  /home/byr/tmp/chukonu/cache/cached_code_473CEB496D763F968A2F65349052CECA_0.so
7fff7679f000-7fff767cf000 r--p 00104000 103:02 30306616                  /home/byr/tmp/chukonu/cache/cached_code_473CEB496D763F968A2F65349052CECA_0.so
7fff767cf000-7fff767d0000 ---p 00134000 103:02 30306616                  /home/byr/tmp/chukonu/cache/cached_code_473CEB496D763F968A2F65349052CECA_0.so
7fff767d0000-7fff767d3000 r--p 00134000 103:02 30306616                  /home/byr/tmp/chukonu/cache/cached_code_473CEB496D763F968A2F65349052CECA_0.so
7fff767d3000-7fff767d9000 rw-p 00137000 103:02 30306616                  /home/byr/tmp/chukonu/cache/cached_code_473CEB496D763F968A2F65349052CECA_0.so
7fff767d9000-7fff76f59000 rw-p 00000000 00:00 0 
7fff76fda000-7fff76fde000 ---p 00000000 00:00 0 
7fff76fde000-7fff773db000 rw-p 00000000 00:00 0 
7fff773db000-7fff773df000 ---p 00000000 00:00 0 
7fff773df000-7fff777dc000 rw-p 00000000 00:00 0 
7fff777dc000-7fff77b5c000 rw-p 00000000 00:00 0 
7fff77b5c000-7fff77b60000 ---p 00000000 00:00 0 
7fff77b60000-7fff77c5d000 rw-p 00000000 00:00 0 
7fff77c5d000-7fff77c61000 ---p 00000000 00:00 0 
7fff77c61000-7fff7805e000 rw-p 00000000 00:00 0 
7fff7805e000-7fff78062000 ---p 00000000 00:00 0 
7fff78062000-7fff7845f000 rw-p 00000000 00:00 0 
7fff7845f000-7fff78463000 ---p 00000000 00:00 0 
7fff78463000-7fff78860000 rw-p 00000000 00:00 0 
7fff78860000-7fff78864000 ---p 00000000 00:00 0 
7fff78864000-7fff78c61000 rw-p 00000000 00:00 0 
7fff78c61000-7fff78c65000 ---p 00000000 00:00 0 
7fff78c65000-7fff79062000 rw-p 00000000 00:00 0 
7fff79062000-7fff79066000 ---p 00000000 00:00 0 
7fff79066000-7fff79463000 rw-p 00000000 00:00 0 
7fff79463000-7fff79763000 rw-p 00000000 00:00 0 
7fff79776000-7fff7977a000 ---p 00000000 00:00 0 
7fff7977a000-7fff79b77000 rw-p 00000000 00:00 0 
7fff79b77000-7fff79b7b000 ---p 00000000 00:00 0 
7fff79b7b000-7fff79f78000 rw-p 00000000 00:00 0 
7fff79f78000-7fff7a02d000 r--p 00000000 103:02 30293562                  /home/byr/tmp/chukonu/cache/cached_code_1B3EE1A31F68A6593C0F454F3D951006_0.so
7fff7a02d000-7fff7a08e000 r-xp 000b5000 103:02 30293562                  /home/byr/tmp/chukonu/cache/cached_code_1B3EE1A31F68A6593C0F454F3D951006_0.so
7fff7a08e000-7fff7a0c4000 r--p 00116000 103:02 30293562                  /home/byr/tmp/chukonu/cache/cached_code_1B3EE1A31F68A6593C0F454F3D951006_0.so
7fff7a0c4000-7fff7a0c8000 r--p 0014b000 103:02 30293562                  /home/byr/tmp/chukonu/cache/cached_code_1B3EE1A31F68A6593C0F454F3D951006_0.so
7fff7a0c8000-7fff7a0cf000 rw-p 0014f000 103:02 30293562                  /home/byr/tmp/chukonu/cache/cached_code_1B3EE1A31F68A6593C0F454F3D951006_0.so
7fff7a0cf000-7fff7a15a000 r--p 00000000 103:02 30293552                  /home/byr/tmp/chukonu/cache/cached_code_DFF16BEE9C17711B0772437203D9DDC3_0.so
7fff7a15a000-7fff7a1a3000 r-xp 0008b000 103:02 30293552                  /home/byr/tmp/chukonu/cache/cached_code_DFF16BEE9C17711B0772437203D9DDC3_0.so
7fff7a1a3000-7fff7a1ca000 r--p 000d4000 103:02 30293552                  /home/byr/tmp/chukonu/cache/cached_code_DFF16BEE9C17711B0772437203D9DDC3_0.so
7fff7a1ca000-7fff7a1cd000 r--p 000fa000 103:02 30293552                  /home/byr/tmp/chukonu/cache/cached_code_DFF16BEE9C17711B0772437203D9DDC3_0.so
7fff7a1cd000-7fff7a1d2000 rw-p 000fd000 103:02 30293552                  /home/byr/tmp/chukonu/cache/cached_code_DFF16BEE9C17711B0772437203D9DDC3_0.so
7fff7a1d2000-7fff7a2a8000 r--p 00000000 103:02 30293539                  /home/byr/tmp/chukonu/cache/cached_code_30F87D1BC92EE6B712437DD6F5901258_0.so
7fff7a2a8000-7fff7a31a000 r-xp 000d6000 103:02 30293539                  /home/byr/tmp/chukonu/cache/cached_code_30F87D1BC92EE6B712437DD6F5901258_0.so
7fff7a31a000-7fff7a359000 r--p 00148000 103:02 30293539                  /home/byr/tmp/chukonu/cache/cached_code_30F87D1BC92EE6B712437DD6F5901258_0.so
7fff7a359000-7fff7a35a000 ---p 00187000 103:02 30293539                  /home/byr/tmp/chukonu/cache/cached_code_30F87D1BC92EE6B712437DD6F5901258_0.so
7fff7a35a000-7fff7a35e000 r--p 00187000 103:02 30293539                  /home/byr/tmp/chukonu/cache/cached_code_30F87D1BC92EE6B712437DD6F5901258_0.so
7fff7a35e000-7fff7a366000 rw-p 0018b000 103:02 30293539                  /home/byr/tmp/chukonu/cache/cached_code_30F87D1BC92EE6B712437DD6F5901258_0.so
7fff7a3a2000-7fff7a44a000 r--p 00000000 103:02 30306612                  /home/byr/tmp/chukonu/cache/cached_code_0334896C69F4BC820066AFBF92DA05A3_0.so
7fff7a44a000-7fff7a4a0000 r-xp 000a8000 103:02 30306612                  /home/byr/tmp/chukonu/cache/cached_code_0334896C69F4BC820066AFBF92DA05A3_0.so
7fff7a4a0000-7fff7a4cc000 r--p 000fe000 103:02 30306612                  /home/byr/tmp/chukonu/cache/cached_code_0334896C69F4BC820066AFBF92DA05A3_0.so
7fff7a4cc000-7fff7a4cd000 ---p 0012a000 103:02 30306612                  /home/byr/tmp/chukonu/cache/cached_code_0334896C69F4BC820066AFBF92DA05A3_0.so
7fff7a4cd000-7fff7a4d0000 r--p 0012a000 103:02 30306612                  /home/byr/tmp/chukonu/cache/cached_code_0334896C69F4BC820066AFBF92DA05A3_0.so
7fff7a4d0000-7fff7a4d6000 rw-p 0012d000 103:02 30306612                  /home/byr/tmp/chukonu/cache/cached_code_0334896C69F4BC820066AFBF92DA05A3_0.so
7fff7a4d6000-7fff7a756000 rw-p 00000000 00:00 0 
7fff7a756000-7fff7a804000 r--p 00000000 103:02 30306608                  /home/byr/tmp/chukonu/cache/cached_code_A142EB1E7EC859292CAA2111B38B8D9A_0.so
7fff7a804000-7fff7a860000 r-xp 000ae000 103:02 30306608                  /home/byr/tmp/chukonu/cache/cached_code_A142EB1E7EC859292CAA2111B38B8D9A_0.so
7fff7a860000-7fff7a891000 r--p 0010a000 103:02 30306608                  /home/byr/tmp/chukonu/cache/cached_code_A142EB1E7EC859292CAA2111B38B8D9A_0.so
7fff7a891000-7fff7a892000 ---p 0013b000 103:02 30306608                  /home/byr/tmp/chukonu/cache/cached_code_A142EB1E7EC859292CAA2111B38B8D9A_0.so
7fff7a892000-7fff7a895000 r--p 0013b000 103:02 30306608                  /home/byr/tmp/chukonu/cache/cached_code_A142EB1E7EC859292CAA2111B38B8D9A_0.so
7fff7a895000-7fff7a89b000 rw-p 0013e000 103:02 30306608                  /home/byr/tmp/chukonu/cache/cached_code_A142EB1E7EC859292CAA2111B38B8D9A_0.so
7fff7a89b000-7fff7a960000 r--p 00000000 103:02 30306604                  /home/byr/tmp/chukonu/cache/cached_code_A1214DA7395247F3F1F4F0B74D814C05_0.so
7fff7a960000-7fff7a9ca000 r-xp 000c5000 103:02 30306604                  /home/byr/tmp/chukonu/cache/cached_code_A1214DA7395247F3F1F4F0B74D814C05_0.so
7fff7a9ca000-7fff7aa05000 r--p 0012f000 103:02 30306604                  /home/byr/tmp/chukonu/cache/cached_code_A1214DA7395247F3F1F4F0B74D814C05_0.so
7fff7aa05000-7fff7aa09000 r--p 00169000 103:02 30306604                  /home/byr/tmp/chukonu/cache/cached_code_A1214DA7395247F3F1F4F0B74D814C05_0.so
7fff7aa09000-7fff7aa10000 rw-p 0016d000 103:02 30306604                  /home/byr/tmp/chukonu/cache/cached_code_A1214DA7395247F3F1F4F0B74D814C05_0.so
7fff7aa10000-7fff7aacb000 r--p 00000000 103:02 30306600                  /home/byr/tmp/chukonu/cache/cached_code_430A6D07C00D3AC7F92CA1EE3C5D5E66_0.so
7fff7aacb000-7fff7ab2b000 r-xp 000bb000 103:02 30306600                  /home/byr/tmp/chukonu/cache/cached_code_430A6D07C00D3AC7F92CA1EE3C5D5E66_0.so
7fff7ab2b000-7fff7ab5e000 r--p 0011b000 103:02 30306600                  /home/byr/tmp/chukonu/cache/cached_code_430A6D07C00D3AC7F92CA1EE3C5D5E66_0.so
7fff7ab5e000-7fff7ab61000 r--p 0014d000 103:02 30306600                  /home/byr/tmp/chukonu/cache/cached_code_430A6D07C00D3AC7F92CA1EE3C5D5E66_0.so
7fff7ab61000-7fff7ab68000 rw-p 00150000 103:02 30306600                  /home/byr/tmp/chukonu/cache/cached_code_430A6D07C00D3AC7F92CA1EE3C5D5E66_0.so
7fff7ab8a000-7fff7ab8e000 ---p 00000000 00:00 0 
7fff7ab8e000-7fff7af8b000 rw-p 00000000 00:00 0 
7fff7af8b000-7fff7af8f000 ---p 00000000 00:00 0 
7fff7af8f000-7fff7b38c000 rw-p 00000000 00:00 0 
7fff7b38c000-7fff7b390000 ---p 00000000 00:00 0 
7fff7b390000-7fff7b78d000 rw-p 00000000 00:00 0 
7fff7b78d000-7fff7b791000 ---p 00000000 00:00 0 
7fff7b791000-7fff7bb8e000 rw-p 00000000 00:00 0 
7fff7bb8e000-7fff7bb92000 ---p 00000000 00:00 0 
7fff7bb92000-7fff7bf8f000 rw-p 00000000 00:00 0 
7fff7bf8f000-7fff7c06c000 r--p 00000000 103:02 30306596                  /home/byr/tmp/chukonu/cache/cached_code_7F0A12C5A42522678BC11B6C833FE3F3_0.so
7fff7c06c000-7fff7c0e3000 r-xp 000dd000 103:02 30306596                  /home/byr/tmp/chukonu/cache/cached_code_7F0A12C5A42522678BC11B6C833FE3F3_0.so
7fff7c0e3000-7fff7c125000 r--p 00154000 103:02 30306596                  /home/byr/tmp/chukonu/cache/cached_code_7F0A12C5A42522678BC11B6C833FE3F3_0.so
7fff7c125000-7fff7c126000 ---p 00196000 103:02 30306596                  /home/byr/tmp/chukonu/cache/cached_code_7F0A12C5A42522678BC11B6C833FE3F3_0.so
7fff7c126000-7fff7c12a000 r--p 00196000 103:02 30306596                  /home/byr/tmp/chukonu/cache/cached_code_7F0A12C5A42522678BC11B6C833FE3F3_0.so
7fff7c12a000-7fff7c132000 rw-p 0019a000 103:02 30306596                  /home/byr/tmp/chukonu/cache/cached_code_7F0A12C5A42522678BC11B6C833FE3F3_0.so
7fff7c132000-7fff7c1da000 r--p 00000000 103:02 30306592                  /home/byr/tmp/chukonu/cache/cached_code_28F34288BB7C7C7598624073EB18391D_0.so
7fff7c1da000-7fff7c233000 r-xp 000a8000 103:02 30306592                  /home/byr/tmp/chukonu/cache/cached_code_28F34288BB7C7C7598624073EB18391D_0.so
7fff7c233000-7fff7c263000 r--p 00101000 103:02 30306592                  /home/byr/tmp/chukonu/cache/cached_code_28F34288BB7C7C7598624073EB18391D_0.so
7fff7c263000-7fff7c264000 ---p 00131000 103:02 30306592                  /home/byr/tmp/chukonu/cache/cached_code_28F34288BB7C7C7598624073EB18391D_0.so
7fff7c264000-7fff7c267000 r--p 00131000 103:02 30306592                  /home/byr/tmp/chukonu/cache/cached_code_28F34288BB7C7C7598624073EB18391D_0.so
7fff7c267000-7fff7c26d000 rw-p 00134000 103:02 30306592                  /home/byr/tmp/chukonu/cache/cached_code_28F34288BB7C7C7598624073EB18391D_0.so
7fff7c2e4000-7fff7c376000 r--p 00000000 103:02 30306785                  /home/byr/tmp/chukonu/cache/cached_code_8D5A0D331D90D64E4D9B8F5230DF5730_0.so
7fff7c376000-7fff7c3c0000 r-xp 00092000 103:02 30306785                  /home/byr/tmp/chukonu/cache/cached_code_8D5A0D331D90D64E4D9B8F5230DF5730_0.so
7fff7c3c0000-7fff7c3e7000 r--p 000dc000 103:02 30306785                  /home/byr/tmp/chukonu/cache/cached_code_8D5A0D331D90D64E4D9B8F5230DF5730_0.so
7fff7c3e7000-7fff7c3ea000 r--p 00102000 103:02 30306785                  /home/byr/tmp/chukonu/cache/cached_code_8D5A0D331D90D64E4D9B8F5230DF5730_0.so
7fff7c3ea000-7fff7c3ef000 rw-p 00105000 103:02 30306785                  /home/byr/tmp/chukonu/cache/cached_code_8D5A0D331D90D64E4D9B8F5230DF5730_0.so
7fff7c3ef000-7fff7c3f3000 ---p 00000000 00:00 0 
7fff7c3f3000-7fff7c7f0000 rw-p 00000000 00:00 0 
7fff7c7f0000-7fff7cb70000 rw-p 00000000 00:00 0 
7fff7cc30000-7fff7cc34000 ---p 00000000 00:00 0 
7fff7cc34000-7fff7d031000 rw-p 00000000 00:00 0 
7fff7d031000-7fff7d035000 ---p 00000000 00:00 0 
7fff7d035000-7fff7d432000 rw-p 00000000 00:00 0 
7fff7d432000-7fff7d436000 ---p 00000000 00:00 0 
7fff7d436000-7fff7d833000 rw-p 00000000 00:00 0 
7fff7d833000-7fff7d837000 ---p 00000000 00:00 0 
7fff7d837000-7fff7dc34000 rw-p 00000000 00:00 0 
7fff7dc34000-7fff7dc38000 ---p 00000000 00:00 0 
7fff7dc38000-7fff7e035000 rw-p 00000000 00:00 0 
7fff7e035000-7fff7e039000 ---p 00000000 00:00 0 
7fff7e039000-7fff7e436000 rw-p 00000000 00:00 0 
7fff7e436000-7fff7e43a000 ---p 00000000 00:00 0 
7fff7e43a000-7fff7e837000 rw-p 00000000 00:00 0 
7fff7e837000-7fff7e83b000 ---p 00000000 00:00 0 
7fff7e83b000-7fff7ec38000 rw-p 00000000 00:00 0 
7fff7ec38000-7fff7ec3c000 ---p 00000000 00:00 0 
7fff7ec3c000-7fff7f239000 rw-p 00000000 00:00 0 
7fff7f239000-7fff7f2e8000 r--p 00000000 103:02 30278518                  /home/byr/tmp/chukonu/cache/cached_code_0C79D059BB2E81B99DF0E83158140C9F_0.so
7fff7f2e8000-7fff7f341000 r-xp 000af000 103:02 30278518                  /home/byr/tmp/chukonu/cache/cached_code_0C79D059BB2E81B99DF0E83158140C9F_0.so
7fff7f341000-7fff7f370000 r--p 00108000 103:02 30278518                  /home/byr/tmp/chukonu/cache/cached_code_0C79D059BB2E81B99DF0E83158140C9F_0.so
7fff7f370000-7fff7f371000 ---p 00137000 103:02 30278518                  /home/byr/tmp/chukonu/cache/cached_code_0C79D059BB2E81B99DF0E83158140C9F_0.so
7fff7f371000-7fff7f374000 r--p 00137000 103:02 30278518                  /home/byr/tmp/chukonu/cache/cached_code_0C79D059BB2E81B99DF0E83158140C9F_0.so
7fff7f374000-7fff7f37a000 rw-p 0013a000 103:02 30278518                  /home/byr/tmp/chukonu/cache/cached_code_0C79D059BB2E81B99DF0E83158140C9F_0.so
7fff7f37a000-7fff7f37e000 ---p 00000000 00:00 0 
7fff7f37e000-7fff7f77b000 rw-p 00000000 00:00 0 
7fff7f77b000-7fff7f77f000 ---p 00000000 00:00 0 
7fff7f77f000-7fff7fb7c000 rw-p 00000000 00:00 0 
7fff7fb7c000-7fff7fb80000 ---p 00000000 00:00 0 
7fff7fb80000-7fff7ff7d000 rw-p 00000000 00:00 0 
7fff7ff7d000-7fff7ff81000 ---p 00000000 00:00 0 
7fff7ff81000-7fff8037e000 rw-p 00000000 00:00 0 
7fff8037e000-7fff80382000 ---p 00000000 00:00 0 
7fff80382000-7fff8077f000 rw-p 00000000 00:00 0 
7fff80800000-7fff80804000 ---p 00000000 00:00 0 
7fff80804000-7fff80c01000 rw-p 00000000 00:00 0 
7fff80c01000-7fff80c05000 ---p 00000000 00:00 0 
7fff80c05000-7fff81002000 rw-p 00000000 00:00 0 
7fff81002000-7fff81382000 rw-p 00000000 00:00 0 
7fff81403000-7fff81407000 ---p 00000000 00:00 0 
7fff81407000-7fff81804000 rw-p 00000000 00:00 0 
7fff81804000-7fff81808000 ---p 00000000 00:00 0 
7fff81808000-7fff81c05000 rw-p 00000000 00:00 0 
7fff81c05000-7fff81c09000 ---p 00000000 00:00 0 
7fff81c09000-7fff82006000 rw-p 00000000 00:00 0 
7fff82006000-7fff82386000 rw-p 00000000 00:00 0 
7fff82386000-7fff8238a000 ---p 00000000 00:00 0 
7fff8238a000-7fff82787000 rw-p 00000000 00:00 0 
7fff827a1000-7fff82831000 r--p 00000000 103:02 30306829                  /home/byr/tmp/chukonu/cache/cached_code_C2AEA544AAEA7666D003F56830D9E724_0.so
7fff82831000-7fff82878000 r-xp 00090000 103:02 30306829                  /home/byr/tmp/chukonu/cache/cached_code_C2AEA544AAEA7666D003F56830D9E724_0.so
7fff82878000-7fff8289d000 r--p 000d7000 103:02 30306829                  /home/byr/tmp/chukonu/cache/cached_code_C2AEA544AAEA7666D003F56830D9E724_0.so
7fff8289d000-7fff828a0000 r--p 000fb000 103:02 30306829                  /home/byr/tmp/chukonu/cache/cached_code_C2AEA544AAEA7666D003F56830D9E724_0.so
7fff828a0000-7fff828a5000 rw-p 000fe000 103:02 30306829                  /home/byr/tmp/chukonu/cache/cached_code_C2AEA544AAEA7666D003F56830D9E724_0.so
7fff828a5000-7fff8298c000 r--p 00000000 103:02 30306817                  /home/byr/tmp/chukonu/cache/cached_code_3184DDBC5B9EB6F881583314A219F5B2_0.so
7fff8298c000-7fff82a02000 r-xp 000e7000 103:02 30306817                  /home/byr/tmp/chukonu/cache/cached_code_3184DDBC5B9EB6F881583314A219F5B2_0.so
7fff82a02000-7fff82a41000 r--p 0015d000 103:02 30306817                  /home/byr/tmp/chukonu/cache/cached_code_3184DDBC5B9EB6F881583314A219F5B2_0.so
7fff82a41000-7fff82a42000 ---p 0019c000 103:02 30306817                  /home/byr/tmp/chukonu/cache/cached_code_3184DDBC5B9EB6F881583314A219F5B2_0.so
7fff82a42000-7fff82a46000 r--p 0019c000 103:02 30306817                  /home/byr/tmp/chukonu/cache/cached_code_3184DDBC5B9EB6F881583314A219F5B2_0.so
7fff82a46000-7fff82a4e000 rw-p 001a0000 103:02 30306817                  /home/byr/tmp/chukonu/cache/cached_code_3184DDBC5B9EB6F881583314A219F5B2_0.so
7fff82a4e000-7fff82a52000 ---p 00000000 00:00 0 
7fff82a52000-7fff82e4f000 rw-p 00000000 00:00 0 
7fff82e4f000-7fff82ef9000 r--p 00000000 103:02 30306793                  /home/byr/tmp/chukonu/cache/cached_code_2A52C6DBF6A639501444E1FAC50BD53D_0.so
7fff82ef9000-7fff82f51000 r-xp 000aa000 103:02 30306793                  /home/byr/tmp/chukonu/cache/cached_code_2A52C6DBF6A639501444E1FAC50BD53D_0.so
7fff82f51000-7fff82f7f000 r--p 00102000 103:02 30306793                  /home/byr/tmp/chukonu/cache/cached_code_2A52C6DBF6A639501444E1FAC50BD53D_0.so
7fff82f7f000-7fff82f80000 ---p 00130000 103:02 30306793                  /home/byr/tmp/chukonu/cache/cached_code_2A52C6DBF6A639501444E1FAC50BD53D_0.so
7fff82f80000-7fff82f83000 r--p 00130000 103:02 30306793                  /home/byr/tmp/chukonu/cache/cached_code_2A52C6DBF6A639501444E1FAC50BD53D_0.so
7fff82f83000-7fff82f89000 rw-p 00133000 103:02 30306793                  /home/byr/tmp/chukonu/cache/cached_code_2A52C6DBF6A639501444E1FAC50BD53D_0.so
7fff82f89000-7fff82f8d000 ---p 00000000 00:00 0 
7fff82f8d000-7fff8338a000 rw-p 00000000 00:00 0 
7fff8338a000-7fff83415000 r--p 00000000 103:02 30293382                  /home/byr/tmp/chukonu/cache/cached_code_E2999FAB230BDB5AEC4DF121D88B538A_0.so
7fff83415000-7fff8345d000 r-xp 0008b000 103:02 30293382                  /home/byr/tmp/chukonu/cache/cached_code_E2999FAB230BDB5AEC4DF121D88B538A_0.so
7fff8345d000-7fff83482000 r--p 000d3000 103:02 30293382                  /home/byr/tmp/chukonu/cache/cached_code_E2999FAB230BDB5AEC4DF121D88B538A_0.so
7fff83482000-7fff83483000 ---p 000f8000 103:02 30293382                  /home/byr/tmp/chukonu/cache/cached_code_E2999FAB230BDB5AEC4DF121D88B538A_0.so
7fff83483000-7fff83486000 r--p 000f8000 103:02 30293382                  /home/byr/tmp/chukonu/cache/cached_code_E2999FAB230BDB5AEC4DF121D88B538A_0.so
7fff83486000-7fff8348b000 rw-p 000fb000 103:02 30293382                  /home/byr/tmp/chukonu/cache/cached_code_E2999FAB230BDB5AEC4DF121D88B538A_0.so
7fff8348b000-7fff8378b000 rw-p 00000000 00:00 0 
7fff8378b000-7fff8378f000 ---p 00000000 00:00 0 
7fff8378f000-7fff83b8c000 rw-p 00000000 00:00 0 
7fff83b8e000-7fff83b92000 ---p 00000000 00:00 0 
7fff83b92000-7fff83f8f000 rw-p 00000000 00:00 0 
7fff83f8f000-7fff8478f000 rw-p 00000000 00:00 0 
7fff847fc000-7fff849fc000 rw-p 00000000 00:00 0 
7fff849fc000-7fff84ad2000 r--p 00000000 103:02 30293502                  /home/byr/tmp/chukonu/cache/cached_code_CE5C107C62335D4ECBA01E0F90F91596_0.so
7fff84ad2000-7fff84b44000 r-xp 000d6000 103:02 30293502                  /home/byr/tmp/chukonu/cache/cached_code_CE5C107C62335D4ECBA01E0F90F91596_0.so
7fff84b44000-7fff84b83000 r--p 00148000 103:02 30293502                  /home/byr/tmp/chukonu/cache/cached_code_CE5C107C62335D4ECBA01E0F90F91596_0.so
7fff84b83000-7fff84b84000 ---p 00187000 103:02 30293502                  /home/byr/tmp/chukonu/cache/cached_code_CE5C107C62335D4ECBA01E0F90F91596_0.so
7fff84b84000-7fff84b88000 r--p 00187000 103:02 30293502                  /home/byr/tmp/chukonu/cache/cached_code_CE5C107C62335D4ECBA01E0F90F91596_0.so
7fff84b88000-7fff84b90000 rw-p 0018b000 103:02 30293502                  /home/byr/tmp/chukonu/cache/cached_code_CE5C107C62335D4ECBA01E0F90F91596_0.so
7fff84b90000-7fff84b94000 ---p 00000000 00:00 0 
7fff84b94000-7fff84f91000 rw-p 00000000 00:00 0 
7fff84f91000-7fff84f95000 ---p 00000000 00:00 0 
7fff84f95000-7fff85392000 rw-p 00000000 00:00 0 
7fff85392000-7fff85692000 rw-p 00000000 00:00 0 
7fff85692000-7fff85696000 ---p 00000000 00:00 0 
7fff85696000-7fff85793000 rw-p 00000000 00:00 0 
7fff85793000-7fff85797000 ---p 00000000 00:00 0 
7fff85797000-7fff85b94000 rw-p 00000000 00:00 0 
7fff85b94000-7fff85b98000 ---p 00000000 00:00 0 
7fff85b98000-7fff85f95000 rw-p 00000000 00:00 0 
7fff85f95000-7fff85f99000 ---p 00000000 00:00 0 
7fff85f99000-7fff86396000 rw-p 00000000 00:00 0 
7fff86396000-7fff86616000 rw-p 00000000 00:00 0 
7fff86616000-7fff8661a000 ---p 00000000 00:00 0 
7fff8661a000-7fff86a17000 rw-p 00000000 00:00 0 
7fff86a17000-7fff87217000 rw-p 00000000 00:00 0 
7fff87217000-7fff8721b000 ---p 00000000 00:00 0 
7fff8721b000-7fff87618000 rw-p 00000000 00:00 0 
7fff87618000-7fff8761c000 ---p 00000000 00:00 0 
7fff8761c000-7fff87a19000 rw-p 00000000 00:00 0 
7fff87a19000-7fff87a1d000 ---p 00000000 00:00 0 
7fff87a1d000-7fff87e1a000 rw-p 00000000 00:00 0 
7fff87e1a000-7fff87e1e000 ---p 00000000 00:00 0 
7fff87e1e000-7fff8821b000 rw-p 00000000 00:00 0 
7fff8827f000-7fff8831d000 r--p 00000000 103:02 30306720                  /home/byr/tmp/chukonu/cache/cached_code_9E67B09A0BD6836A455E00909D3A83CA_0.so
7fff8831d000-7fff88370000 r-xp 0009e000 103:02 30306720                  /home/byr/tmp/chukonu/cache/cached_code_9E67B09A0BD6836A455E00909D3A83CA_0.so
7fff88370000-7fff8839c000 r--p 000f1000 103:02 30306720                  /home/byr/tmp/chukonu/cache/cached_code_9E67B09A0BD6836A455E00909D3A83CA_0.so
7fff8839c000-7fff8839d000 ---p 0011d000 103:02 30306720                  /home/byr/tmp/chukonu/cache/cached_code_9E67B09A0BD6836A455E00909D3A83CA_0.so
7fff8839d000-7fff883a0000 r--p 0011d000 103:02 30306720                  /home/byr/tmp/chukonu/cache/cached_code_9E67B09A0BD6836A455E00909D3A83CA_0.so
7fff883a0000-7fff883a6000 rw-p 00120000 103:02 30306720                  /home/byr/tmp/chukonu/cache/cached_code_9E67B09A0BD6836A455E00909D3A83CA_0.so
7fff883a6000-7fff88444000 r--p 00000000 103:02 30306716                  /home/byr/tmp/chukonu/cache/cached_code_A139054504AB563A721B4DA58EDB967E_0.so
7fff88444000-7fff88498000 r-xp 0009e000 103:02 30306716                  /home/byr/tmp/chukonu/cache/cached_code_A139054504AB563A721B4DA58EDB967E_0.so
7fff88498000-7fff884c6000 r--p 000f2000 103:02 30306716                  /home/byr/tmp/chukonu/cache/cached_code_A139054504AB563A721B4DA58EDB967E_0.so
7fff884c6000-7fff884c7000 ---p 00120000 103:02 30306716                  /home/byr/tmp/chukonu/cache/cached_code_A139054504AB563A721B4DA58EDB967E_0.so
7fff884c7000-7fff884ca000 r--p 00120000 103:02 30306716                  /home/byr/tmp/chukonu/cache/cached_code_A139054504AB563A721B4DA58EDB967E_0.so
7fff884ca000-7fff884d0000 rw-p 00123000 103:02 30306716                  /home/byr/tmp/chukonu/cache/cached_code_A139054504AB563A721B4DA58EDB967E_0.so
7fff884d0000-7fff88586000 r--p 00000000 103:02 30306704                  /home/byr/tmp/chukonu/cache/cached_code_ABAE7B34D9207CB041ADBC1315747449_0.so
7fff88586000-7fff885e1000 r-xp 000b6000 103:02 30306704                  /home/byr/tmp/chukonu/cache/cached_code_ABAE7B34D9207CB041ADBC1315747449_0.so
7fff885e1000-7fff88611000 r--p 00111000 103:02 30306704                  /home/byr/tmp/chukonu/cache/cached_code_ABAE7B34D9207CB041ADBC1315747449_0.so
7fff88611000-7fff88612000 ---p 00141000 103:02 30306704                  /home/byr/tmp/chukonu/cache/cached_code_ABAE7B34D9207CB041ADBC1315747449_0.so
7fff88612000-7fff88615000 r--p 00141000 103:02 30306704                  /home/byr/tmp/chukonu/cache/cached_code_ABAE7B34D9207CB041ADBC1315747449_0.so
7fff88615000-7fff8861b000 rw-p 00144000 103:02 30306704                  /home/byr/tmp/chukonu/cache/cached_code_ABAE7B34D9207CB041ADBC1315747449_0.so
7fff8861b000-7fff8861c000 rw-p 00000000 00:00 0 
7fff8861c000-7fff88620000 ---p 00000000 00:00 0 
7fff88620000-7fff88a1d000 rw-p 00000000 00:00 0 
7fff88a1d000-7fff88a21000 ---p 00000000 00:00 0 
7fff88a21000-7fff88e1e000 rw-p 00000000 00:00 0 
7fff88e1e000-7fff88e22000 ---p 00000000 00:00 0 
7fff88e22000-7fff8941f000 rw-p 00000000 00:00 0 
7fff8941f000-7fff89e1f000 rw-p 00000000 00:00 0 
7fff89e1f000-7fff89e23000 ---p 00000000 00:00 0 
7fff89e23000-7fff8a220000 rw-p 00000000 00:00 0 
7fff8a220000-7fff8a224000 ---p 00000000 00:00 0 
7fff8a224000-7fff8a621000 rw-p 00000000 00:00 0 
7fff8a621000-7fff8a625000 ---p 00000000 00:00 0 
7fff8a625000-7fff8aa22000 rw-p 00000000 00:00 0 
7fff8aa22000-7fff8c2a2000 rw-p 00000000 00:00 0 
7fff8c2a2000-7fff8c2a6000 ---p 00000000 00:00 0 
7fff8c2a6000-7fff8c6a3000 rw-p 00000000 00:00 0 
7fff8c6a3000-7fff8c6a7000 ---p 00000000 00:00 0 
7fff8c6a7000-7fff8caa4000 rw-p 00000000 00:00 0 
7fff8caa4000-7fff8e7a4000 rw-p 00000000 00:00 0 
7fff8e7f6000-7fff8e7fa000 ---p 00000000 00:00 0 
7fff8e7fa000-7fff8ebf7000 rw-p 00000000 00:00 0 
7fff8ebf7000-7fff8ecb2000 r--p 00000000 103:02 30306664                  /home/byr/tmp/chukonu/cache/cached_code_58137B982680A13156D1A1EF9FD8F0C7_0.so
7fff8ecb2000-7fff8ed14000 r-xp 000bb000 103:02 30306664                  /home/byr/tmp/chukonu/cache/cached_code_58137B982680A13156D1A1EF9FD8F0C7_0.so
7fff8ed14000-7fff8ed48000 r--p 0011d000 103:02 30306664                  /home/byr/tmp/chukonu/cache/cached_code_58137B982680A13156D1A1EF9FD8F0C7_0.so
7fff8ed48000-7fff8ed49000 ---p 00151000 103:02 30306664                  /home/byr/tmp/chukonu/cache/cached_code_58137B982680A13156D1A1EF9FD8F0C7_0.so
7fff8ed49000-7fff8ed4c000 r--p 00151000 103:02 30306664                  /home/byr/tmp/chukonu/cache/cached_code_58137B982680A13156D1A1EF9FD8F0C7_0.so
7fff8ed4c000-7fff8ed53000 rw-p 00154000 103:02 30306664                  /home/byr/tmp/chukonu/cache/cached_code_58137B982680A13156D1A1EF9FD8F0C7_0.so
7fff8ed53000-7fff8edfe000 r--p 00000000 103:02 30306660                  /home/byr/tmp/chukonu/cache/cached_code_96208762122AA06DC1EF5D257FF2E61A_0.so
7fff8edfe000-7fff8ee56000 r-xp 000ab000 103:02 30306660                  /home/byr/tmp/chukonu/cache/cached_code_96208762122AA06DC1EF5D257FF2E61A_0.so
7fff8ee56000-7fff8ee86000 r--p 00103000 103:02 30306660                  /home/byr/tmp/chukonu/cache/cached_code_96208762122AA06DC1EF5D257FF2E61A_0.so
7fff8ee86000-7fff8ee87000 ---p 00133000 103:02 30306660                  /home/byr/tmp/chukonu/cache/cached_code_96208762122AA06DC1EF5D257FF2E61A_0.so
7fff8ee87000-7fff8ee8a000 r--p 00133000 103:02 30306660                  /home/byr/tmp/chukonu/cache/cached_code_96208762122AA06DC1EF5D257FF2E61A_0.so
7fff8ee8a000-7fff8ee90000 rw-p 00136000 103:02 30306660                  /home/byr/tmp/chukonu/cache/cached_code_96208762122AA06DC1EF5D257FF2E61A_0.so
7fff8ee90000-7fff8ef25000 r--p 00000000 103:02 30306656                  /home/byr/tmp/chukonu/cache/cached_code_AB369EE5F40A5CCE2E5BE72A5A12A586_0.so
7fff8ef25000-7fff8ef74000 r-xp 00095000 103:02 30306656                  /home/byr/tmp/chukonu/cache/cached_code_AB369EE5F40A5CCE2E5BE72A5A12A586_0.so
7fff8ef74000-7fff8ef9d000 r--p 000e4000 103:02 30306656                  /home/byr/tmp/chukonu/cache/cached_code_AB369EE5F40A5CCE2E5BE72A5A12A586_0.so
7fff8ef9d000-7fff8efa0000 r--p 0010c000 103:02 30306656                  /home/byr/tmp/chukonu/cache/cached_code_AB369EE5F40A5CCE2E5BE72A5A12A586_0.so
7fff8efa0000-7fff8efa6000 rw-p 0010f000 103:02 30306656                  /home/byr/tmp/chukonu/cache/cached_code_AB369EE5F40A5CCE2E5BE72A5A12A586_0.so
7fff8efa6000-7fff8efaa000 ---p 00000000 00:00 0 
7fff8efaa000-7fff8f5a7000 rw-p 00000000 00:00 0 
7fff8f5a7000-7fff8f5ab000 ---p 00000000 00:00 0 
7fff8f5ab000-7fff8f9a8000 rw-p 00000000 00:00 0 
7fff8f9a8000-7fff8fba8000 rw-p 00000000 00:00 0 
7fff8fba8000-7fff91428000 rw-p 00000000 00:00 0 
7fff91428000-7fff9142c000 ---p 00000000 00:00 0 
7fff9142c000-7fff91829000 rw-p 00000000 00:00 0 
7fff918df000-7fff919cd000 r--p 00000000 103:02 30306652                  /home/byr/tmp/chukonu/cache/cached_code_D3368AEC17D5443C22A198CBE5E74CA6_0.so
7fff919cd000-7fff91a54000 r-xp 000ee000 103:02 30306652                  /home/byr/tmp/chukonu/cache/cached_code_D3368AEC17D5443C22A198CBE5E74CA6_0.so
7fff91a54000-7fff91a9f000 r--p 00175000 103:02 30306652                  /home/byr/tmp/chukonu/cache/cached_code_D3368AEC17D5443C22A198CBE5E74CA6_0.so
7fff91a9f000-7fff91aa0000 ---p 001c0000 103:02 30306652                  /home/byr/tmp/chukonu/cache/cached_code_D3368AEC17D5443C22A198CBE5E74CA6_0.so
7fff91aa0000-7fff91aa4000 r--p 001c0000 103:02 30306652                  /home/byr/tmp/chukonu/cache/cached_code_D3368AEC17D5443C22A198CBE5E74CA6_0.so
7fff91aa4000-7fff91aac000 rw-p 001c4000 103:02 30306652                  /home/byr/tmp/chukonu/cache/cached_code_D3368AEC17D5443C22A198CBE5E74CA6_0.so
7fff91aac000-7fff91aad000 rw-p 00000000 00:00 0 
7fff91aad000-7fff91b7a000 r--p 00000000 103:02 30306648                  /home/byr/tmp/chukonu/cache/cached_code_E7036905C91BA4A3CDFEAEEFC331471A_0.so
7fff91b7a000-7fff91be5000 r-xp 000cd000 103:02 30306648                  /home/byr/tmp/chukonu/cache/cached_code_E7036905C91BA4A3CDFEAEEFC331471A_0.so
7fff91be5000-7fff91c1f000 r--p 00138000 103:02 30306648                  /home/byr/tmp/chukonu/cache/cached_code_E7036905C91BA4A3CDFEAEEFC331471A_0.so
7fff91c1f000-7fff91c23000 r--p 00171000 103:02 30306648                  /home/byr/tmp/chukonu/cache/cached_code_E7036905C91BA4A3CDFEAEEFC331471A_0.so
7fff91c23000-7fff91c2a000 rw-p 00175000 103:02 30306648                  /home/byr/tmp/chukonu/cache/cached_code_E7036905C91BA4A3CDFEAEEFC331471A_0.so
7fff91cd4000-7fff91d74000 r--p 00000000 103:02 30306700                  /home/byr/tmp/chukonu/cache/cached_code_52951C2691BB811B165ED3983B5C34EE_0.so
7fff91d74000-7fff91dc7000 r-xp 000a0000 103:02 30306700                  /home/byr/tmp/chukonu/cache/cached_code_52951C2691BB811B165ED3983B5C34EE_0.so
7fff91dc7000-7fff91df2000 r--p 000f3000 103:02 30306700                  /home/byr/tmp/chukonu/cache/cached_code_52951C2691BB811B165ED3983B5C34EE_0.so
7fff91df2000-7fff91df5000 r--p 0011d000 103:02 30306700                  /home/byr/tmp/chukonu/cache/cached_code_52951C2691BB811B165ED3983B5C34EE_0.so
7fff91df5000-7fff91dfb000 rw-p 00120000 103:02 30306700                  /home/byr/tmp/chukonu/cache/cached_code_52951C2691BB811B165ED3983B5C34EE_0.so
7fff91dfb000-7fff91eb1000 r--p 00000000 103:02 30306696                  /home/byr/tmp/chukonu/cache/cached_code_1E7F9181DC654283423A589A1E38A9D7_0.so
7fff91eb1000-7fff91f0c000 r-xp 000b6000 103:02 30306696                  /home/byr/tmp/chukonu/cache/cached_code_1E7F9181DC654283423A589A1E38A9D7_0.so
7fff91f0c000-7fff91f3d000 r--p 00111000 103:02 30306696                  /home/byr/tmp/chukonu/cache/cached_code_1E7F9181DC654283423A589A1E38A9D7_0.so
7fff91f3d000-7fff91f40000 r--p 00141000 103:02 30306696                  /home/byr/tmp/chukonu/cache/cached_code_1E7F9181DC654283423A589A1E38A9D7_0.so
7fff91f40000-7fff91f46000 rw-p 00144000 103:02 30306696                  /home/byr/tmp/chukonu/cache/cached_code_1E7F9181DC654283423A589A1E38A9D7_0.so
7fff91f46000-7fff91f47000 rw-p 00000000 00:00 0 
7fff91f47000-7fff91fe9000 r--p 00000000 103:02 30306692                  /home/byr/tmp/chukonu/cache/cached_code_6C7EF7FAE76330C77F49FAF0A0CA6862_0.so
7fff91fe9000-7fff9203c000 r-xp 000a2000 103:02 30306692                  /home/byr/tmp/chukonu/cache/cached_code_6C7EF7FAE76330C77F49FAF0A0CA6862_0.so
7fff9203c000-7fff92067000 r--p 000f5000 103:02 30306692                  /home/byr/tmp/chukonu/cache/cached_code_6C7EF7FAE76330C77F49FAF0A0CA6862_0.so
7fff92067000-7fff92068000 ---p 00120000 103:02 30306692                  /home/byr/tmp/chukonu/cache/cached_code_6C7EF7FAE76330C77F49FAF0A0CA6862_0.so
7fff92068000-7fff9206b000 r--p 00120000 103:02 30306692                  /home/byr/tmp/chukonu/cache/cached_code_6C7EF7FAE76330C77F49FAF0A0CA6862_0.so
7fff9206b000-7fff92071000 rw-p 00123000 103:02 30306692                  /home/byr/tmp/chukonu/cache/cached_code_6C7EF7FAE76330C77F49FAF0A0CA6862_0.so
7fff92071000-7fff92121000 r--p 00000000 103:02 30306688                  /home/byr/tmp/chukonu/cache/cached_code_744ACB60F579FDE8F121EF393B0846FB_0.so
7fff92121000-7fff9217e000 r-xp 000b0000 103:02 30306688                  /home/byr/tmp/chukonu/cache/cached_code_744ACB60F579FDE8F121EF393B0846FB_0.so
7fff9217e000-7fff921b0000 r--p 0010d000 103:02 30306688                  /home/byr/tmp/chukonu/cache/cached_code_744ACB60F579FDE8F121EF393B0846FB_0.so
7fff921b0000-7fff921b3000 r--p 0013e000 103:02 30306688                  /home/byr/tmp/chukonu/cache/cached_code_744ACB60F579FDE8F121EF393B0846FB_0.so
7fff921b3000-7fff921b9000 rw-p 00141000 103:02 30306688                  /home/byr/tmp/chukonu/cache/cached_code_744ACB60F579FDE8F121EF393B0846FB_0.so
7fff921b9000-7fff92265000 r--p 00000000 103:02 30306684                  /home/byr/tmp/chukonu/cache/cached_code_7CB07C602F957E1A7D7D9C2AD078A286_0.so
7fff92265000-7fff922bd000 r-xp 000ac000 103:02 30306684                  /home/byr/tmp/chukonu/cache/cached_code_7CB07C602F957E1A7D7D9C2AD078A286_0.so
7fff922bd000-7fff922ed000 r--p 00104000 103:02 30306684                  /home/byr/tmp/chukonu/cache/cached_code_7CB07C602F957E1A7D7D9C2AD078A286_0.so
7fff922ed000-7fff922ee000 ---p 00134000 103:02 30306684                  /home/byr/tmp/chukonu/cache/cached_code_7CB07C602F957E1A7D7D9C2AD078A286_0.so
7fff922ee000-7fff922f1000 r--p 00134000 103:02 30306684                  /home/byr/tmp/chukonu/cache/cached_code_7CB07C602F957E1A7D7D9C2AD078A286_0.so
7fff922f1000-7fff922f7000 rw-p 00137000 103:02 30306684                  /home/byr/tmp/chukonu/cache/cached_code_7CB07C602F957E1A7D7D9C2AD078A286_0.so
7fff922f7000-7fff923a0000 r--p 00000000 103:02 30306680                  /home/byr/tmp/chukonu/cache/cached_code_99BC959A56DBF99A9DF535D7EE4610C9_0.so
7fff923a0000-7fff923f6000 r-xp 000a9000 103:02 30306680                  /home/byr/tmp/chukonu/cache/cached_code_99BC959A56DBF99A9DF535D7EE4610C9_0.so
7fff923f6000-7fff92423000 r--p 000ff000 103:02 30306680                  /home/byr/tmp/chukonu/cache/cached_code_99BC959A56DBF99A9DF535D7EE4610C9_0.so
7fff92423000-7fff92426000 r--p 0012b000 103:02 30306680                  /home/byr/tmp/chukonu/cache/cached_code_99BC959A56DBF99A9DF535D7EE4610C9_0.so
7fff92426000-7fff9242c000 rw-p 0012e000 103:02 30306680                  /home/byr/tmp/chukonu/cache/cached_code_99BC959A56DBF99A9DF535D7EE4610C9_0.so
7fff9242c000-7fff926ac000 rw-p 00000000 00:00 0 
7fff926ac000-7fff928ac000 rw-p 00000000 00:00 0 
7fff928ac000-7fff928b0000 ---p 00000000 00:00 0 
7fff928b0000-7fff92cad000 rw-p 00000000 00:00 0 
7fff92d69000-7fff92f69000 rw-p 00000000 00:00 0 
7fff92f69000-7fff93019000 r--p 00000000 103:02 30306284                  /home/byr/tmp/chukonu/cache/cached_code_6CBCBD319491458749C340ED9AD47BB4_0.so
7fff93019000-7fff93075000 r-xp 000b0000 103:02 30306284                  /home/byr/tmp/chukonu/cache/cached_code_6CBCBD319491458749C340ED9AD47BB4_0.so
7fff93075000-7fff930a5000 r--p 0010c000 103:02 30306284                  /home/byr/tmp/chukonu/cache/cached_code_6CBCBD319491458749C340ED9AD47BB4_0.so
7fff930a5000-7fff930a6000 ---p 0013c000 103:02 30306284                  /home/byr/tmp/chukonu/cache/cached_code_6CBCBD319491458749C340ED9AD47BB4_0.so
7fff930a6000-7fff930a9000 r--p 0013c000 103:02 30306284                  /home/byr/tmp/chukonu/cache/cached_code_6CBCBD319491458749C340ED9AD47BB4_0.so
7fff930a9000-7fff930af000 rw-p 0013f000 103:02 30306284                  /home/byr/tmp/chukonu/cache/cached_code_6CBCBD319491458749C340ED9AD47BB4_0.so
7fff930af000-7fff934af000 rw-p 00000000 00:00 0 
7fff934af000-7fff934b3000 ---p 00000000 00:00 0 
7fff934b3000-7fff938b0000 rw-p 00000000 00:00 0 
7fff938b0000-7fff938b4000 ---p 00000000 00:00 0 
7fff938b4000-7fff93cb1000 rw-p 00000000 00:00 0 
7fff93cb1000-7fff93cb5000 ---p 00000000 00:00 0 
7fff93cb5000-7fff940b2000 rw-p 00000000 00:00 0 
7fff940b2000-7fff940b6000 ---p 00000000 00:00 0 
7fff940b6000-7fff944b3000 rw-p 00000000 00:00 0 
7fff944b3000-7fff944b7000 ---p 00000000 00:00 0 
7fff944b7000-7fff945b4000 rw-p 00000000 00:00 0 
7fff945b4000-7fff948b4000 rw-p 00000000 00:00 0 
7fff948cd000-7fff9495a000 r--p 00000000 103:02 30306644                  /home/byr/tmp/chukonu/cache/cached_code_9DBF53C8334192A92A38E87D180783A4_0.so
7fff9495a000-7fff949a6000 r-xp 0008d000 103:02 30306644                  /home/byr/tmp/chukonu/cache/cached_code_9DBF53C8334192A92A38E87D180783A4_0.so
7fff949a6000-7fff949cd000 r--p 000d9000 103:02 30306644                  /home/byr/tmp/chukonu/cache/cached_code_9DBF53C8334192A92A38E87D180783A4_0.so
7fff949cd000-7fff949d0000 r--p 000ff000 103:02 30306644                  /home/byr/tmp/chukonu/cache/cached_code_9DBF53C8334192A92A38E87D180783A4_0.so
7fff949d0000-7fff949d5000 rw-p 00102000 103:02 30306644                  /home/byr/tmp/chukonu/cache/cached_code_9DBF53C8334192A92A38E87D180783A4_0.so
7fff949d5000-7fff94abb000 r--p 00000000 103:02 30306640                  /home/byr/tmp/chukonu/cache/cached_code_612E20F73ADB3B7700F1186329455A41_0.so
7fff94abb000-7fff94b3e000 r-xp 000e6000 103:02 30306640                  /home/byr/tmp/chukonu/cache/cached_code_612E20F73ADB3B7700F1186329455A41_0.so
7fff94b3e000-7fff94b87000 r--p 00169000 103:02 30306640                  /home/byr/tmp/chukonu/cache/cached_code_612E20F73ADB3B7700F1186329455A41_0.so
7fff94b87000-7fff94b88000 ---p 001b2000 103:02 30306640                  /home/byr/tmp/chukonu/cache/cached_code_612E20F73ADB3B7700F1186329455A41_0.so
7fff94b88000-7fff94b8c000 r--p 001b2000 103:02 30306640                  /home/byr/tmp/chukonu/cache/cached_code_612E20F73ADB3B7700F1186329455A41_0.so
7fff94b8c000-7fff94b94000 rw-p 001b6000 103:02 30306640                  /home/byr/tmp/chukonu/cache/cached_code_612E20F73ADB3B7700F1186329455A41_0.so
7fff94b94000-7fff94c57000 r--p 00000000 103:02 30306636                  /home/byr/tmp/chukonu/cache/cached_code_F8F3779CD9FC3A96D3654F542FA6A20D_0.so
7fff94c57000-7fff94cbe000 r-xp 000c3000 103:02 30306636                  /home/byr/tmp/chukonu/cache/cached_code_F8F3779CD9FC3A96D3654F542FA6A20D_0.so
7fff94cbe000-7fff94cf7000 r--p 0012a000 103:02 30306636                  /home/byr/tmp/chukonu/cache/cached_code_F8F3779CD9FC3A96D3654F542FA6A20D_0.so
7fff94cf7000-7fff94cf8000 ---p 00163000 103:02 30306636                  /home/byr/tmp/chukonu/cache/cached_code_F8F3779CD9FC3A96D3654F542FA6A20D_0.so
7fff94cf8000-7fff94cfc000 r--p 00163000 103:02 30306636                  /home/byr/tmp/chukonu/cache/cached_code_F8F3779CD9FC3A96D3654F542FA6A20D_0.so
7fff94cfc000-7fff94d03000 rw-p 00167000 103:02 30306636                  /home/byr/tmp/chukonu/cache/cached_code_F8F3779CD9FC3A96D3654F542FA6A20D_0.so
7fff94d03000-7fff94da7000 r--p 00000000 103:02 30293423                  /home/byr/tmp/chukonu/cache/cached_code_0FA7C5F3674978B3C63A04A8744625C1_0.so
7fff94da7000-7fff94dfd000 r-xp 000a4000 103:02 30293423                  /home/byr/tmp/chukonu/cache/cached_code_0FA7C5F3674978B3C63A04A8744625C1_0.so
7fff94dfd000-7fff94e2c000 r--p 000fa000 103:02 30293423                  /home/byr/tmp/chukonu/cache/cached_code_0FA7C5F3674978B3C63A04A8744625C1_0.so
7fff94e2c000-7fff94e2d000 ---p 00129000 103:02 30293423                  /home/byr/tmp/chukonu/cache/cached_code_0FA7C5F3674978B3C63A04A8744625C1_0.so
7fff94e2d000-7fff94e30000 r--p 00129000 103:02 30293423                  /home/byr/tmp/chukonu/cache/cached_code_0FA7C5F3674978B3C63A04A8744625C1_0.so
7fff94e30000-7fff94e36000 rw-p 0012c000 103:02 30293423                  /home/byr/tmp/chukonu/cache/cached_code_0FA7C5F3674978B3C63A04A8744625C1_0.so
7fff94e36000-7fff950b6000 rw-p 00000000 00:00 0 
7fff951ac000-7fff95256000 r--p 00000000 103:02 30293409                  /home/byr/tmp/chukonu/cache/cached_code_55C4FF05C3558CE4443ED547017964AF_0.so
7fff95256000-7fff952af000 r-xp 000aa000 103:02 30293409                  /home/byr/tmp/chukonu/cache/cached_code_55C4FF05C3558CE4443ED547017964AF_0.so
7fff952af000-7fff952df000 r--p 00103000 103:02 30293409                  /home/byr/tmp/chukonu/cache/cached_code_55C4FF05C3558CE4443ED547017964AF_0.so
7fff952df000-7fff952e0000 ---p 00133000 103:02 30293409                  /home/byr/tmp/chukonu/cache/cached_code_55C4FF05C3558CE4443ED547017964AF_0.so
7fff952e0000-7fff952e3000 r--p 00133000 103:02 30293409                  /home/byr/tmp/chukonu/cache/cached_code_55C4FF05C3558CE4443ED547017964AF_0.so
7fff952e3000-7fff952e9000 rw-p 00136000 103:02 30293409                  /home/byr/tmp/chukonu/cache/cached_code_55C4FF05C3558CE4443ED547017964AF_0.so
7fff95394000-7fff95449000 r--p 00000000 103:02 30293459                  /home/byr/tmp/chukonu/cache/cached_code_1050CF8B4AE1855B23889A7DF41B9DBA_0.so
7fff95449000-7fff954aa000 r-xp 000b5000 103:02 30293459                  /home/byr/tmp/chukonu/cache/cached_code_1050CF8B4AE1855B23889A7DF41B9DBA_0.so
7fff954aa000-7fff954e0000 r--p 00116000 103:02 30293459                  /home/byr/tmp/chukonu/cache/cached_code_1050CF8B4AE1855B23889A7DF41B9DBA_0.so
7fff954e0000-7fff954e4000 r--p 0014b000 103:02 30293459                  /home/byr/tmp/chukonu/cache/cached_code_1050CF8B4AE1855B23889A7DF41B9DBA_0.so
7fff954e4000-7fff954eb000 rw-p 0014f000 103:02 30293459                  /home/byr/tmp/chukonu/cache/cached_code_1050CF8B4AE1855B23889A7DF41B9DBA_0.so
7fff954eb000-7fff955a1000 r--p 00000000 103:02 30277152                  /home/byr/tmp/chukonu/cache/cached_code_78D85656D49ADD4CA3BDBC20F1535993_0.so
7fff955a1000-7fff955fd000 r-xp 000b6000 103:02 30277152                  /home/byr/tmp/chukonu/cache/cached_code_78D85656D49ADD4CA3BDBC20F1535993_0.so
7fff955fd000-7fff9562e000 r--p 00112000 103:02 30277152                  /home/byr/tmp/chukonu/cache/cached_code_78D85656D49ADD4CA3BDBC20F1535993_0.so
7fff9562e000-7fff95631000 r--p 00142000 103:02 30277152                  /home/byr/tmp/chukonu/cache/cached_code_78D85656D49ADD4CA3BDBC20F1535993_0.so
7fff95631000-7fff95638000 rw-p 00145000 103:02 30277152                  /home/byr/tmp/chukonu/cache/cached_code_78D85656D49ADD4CA3BDBC20F1535993_0.so
7fff95638000-7fff958b8000 rw-p 00000000 00:00 0 
7fff95965000-7fff959f7000 r--p 00000000 103:02 30306813                  /home/byr/tmp/chukonu/cache/cached_code_4C5E77F38DF634715DEA4ADD8DCBA12E_0.so
7fff959f7000-7fff95a45000 r-xp 00092000 103:02 30306813                  /home/byr/tmp/chukonu/cache/cached_code_4C5E77F38DF634715DEA4ADD8DCBA12E_0.so
7fff95a45000-7fff95a6e000 r--p 000e0000 103:02 30306813                  /home/byr/tmp/chukonu/cache/cached_code_4C5E77F38DF634715DEA4ADD8DCBA12E_0.so
7fff95a6e000-7fff95a6f000 ---p 00109000 103:02 30306813                  /home/byr/tmp/chukonu/cache/cached_code_4C5E77F38DF634715DEA4ADD8DCBA12E_0.so
7fff95a6f000-7fff95a72000 r--p 00109000 103:02 30306813                  /home/byr/tmp/chukonu/cache/cached_code_4C5E77F38DF634715DEA4ADD8DCBA12E_0.so
7fff95a72000-7fff95a77000 rw-p 0010c000 103:02 30306813                  /home/byr/tmp/chukonu/cache/cached_code_4C5E77F38DF634715DEA4ADD8DCBA12E_0.so
7fff95a77000-7fff95b12000 r--p 00000000 103:02 30306809                  /home/byr/tmp/chukonu/cache/cached_code_632083802B885E0A75827A6801C7C663_0.so
7fff95b12000-7fff95b64000 r-xp 0009b000 103:02 30306809                  /home/byr/tmp/chukonu/cache/cached_code_632083802B885E0A75827A6801C7C663_0.so
7fff95b64000-7fff95b90000 r--p 000ed000 103:02 30306809                  /home/byr/tmp/chukonu/cache/cached_code_632083802B885E0A75827A6801C7C663_0.so
7fff95b90000-7fff95b91000 ---p 00119000 103:02 30306809                  /home/byr/tmp/chukonu/cache/cached_code_632083802B885E0A75827A6801C7C663_0.so
7fff95b91000-7fff95b94000 r--p 00119000 103:02 30306809                  /home/byr/tmp/chukonu/cache/cached_code_632083802B885E0A75827A6801C7C663_0.so
7fff95b94000-7fff95b9a000 rw-p 0011c000 103:02 30306809                  /home/byr/tmp/chukonu/cache/cached_code_632083802B885E0A75827A6801C7C663_0.so
7fff95b9a000-7fff95c35000 r--p 00000000 103:02 30306801                  /home/byr/tmp/chukonu/cache/cached_code_550EAEB7E403E347789D737BAAD2650A_0.so
7fff95c35000-7fff95c87000 r-xp 0009b000 103:02 30306801                  /home/byr/tmp/chukonu/cache/cached_code_550EAEB7E403E347789D737BAAD2650A_0.so
7fff95c87000-7fff95cb3000 r--p 000ed000 103:02 30306801                  /home/byr/tmp/chukonu/cache/cached_code_550EAEB7E403E347789D737BAAD2650A_0.so
7fff95cb3000-7fff95cb4000 ---p 00119000 103:02 30306801                  /home/byr/tmp/chukonu/cache/cached_code_550EAEB7E403E347789D737BAAD2650A_0.so
7fff95cb4000-7fff95cb7000 r--p 00119000 103:02 30306801                  /home/byr/tmp/chukonu/cache/cached_code_550EAEB7E403E347789D737BAAD2650A_0.so
7fff95cb7000-7fff95cbd000 rw-p 0011c000 103:02 30306801                  /home/byr/tmp/chukonu/cache/cached_code_550EAEB7E403E347789D737BAAD2650A_0.so
7fff95cbd000-7fff95ebd000 rw-p 00000000 00:00 0 
7fff95ebd000-7fff96cbd000 rw-p 00000000 00:00 0 
7fff96d2f000-7fff96df6000 r--p 00000000 103:02 30306271                  /home/byr/tmp/chukonu/cache/cached_code_68C2DFEEFF7DA66A064EF3550CA15108_0.so
7fff96df6000-7fff96e59000 r-xp 000c7000 103:02 30306271                  /home/byr/tmp/chukonu/cache/cached_code_68C2DFEEFF7DA66A064EF3550CA15108_0.so
7fff96e59000-7fff96e8c000 r--p 0012a000 103:02 30306271                  /home/byr/tmp/chukonu/cache/cached_code_68C2DFEEFF7DA66A064EF3550CA15108_0.so
7fff96e8c000-7fff96e8d000 ---p 0015d000 103:02 30306271                  /home/byr/tmp/chukonu/cache/cached_code_68C2DFEEFF7DA66A064EF3550CA15108_0.so
7fff96e8d000-7fff96e90000 r--p 0015d000 103:02 30306271                  /home/byr/tmp/chukonu/cache/cached_code_68C2DFEEFF7DA66A064EF3550CA15108_0.so
7fff96e90000-7fff96e97000 rw-p 00160000 103:02 30306271                  /home/byr/tmp/chukonu/cache/cached_code_68C2DFEEFF7DA66A064EF3550CA15108_0.so
7fff96e97000-7fff96f47000 r--p 00000000 103:02 30306267                  /home/byr/tmp/chukonu/cache/cached_code_AA8BF12B56413D11D073B9211747F286_0.so
7fff96f47000-7fff96fa3000 r-xp 000b0000 103:02 30306267                  /home/byr/tmp/chukonu/cache/cached_code_AA8BF12B56413D11D073B9211747F286_0.so
7fff96fa3000-7fff96fd3000 r--p 0010c000 103:02 30306267                  /home/byr/tmp/chukonu/cache/cached_code_AA8BF12B56413D11D073B9211747F286_0.so
7fff96fd3000-7fff96fd4000 ---p 0013c000 103:02 30306267                  /home/byr/tmp/chukonu/cache/cached_code_AA8BF12B56413D11D073B9211747F286_0.so
7fff96fd4000-7fff96fd7000 r--p 0013c000 103:02 30306267                  /home/byr/tmp/chukonu/cache/cached_code_AA8BF12B56413D11D073B9211747F286_0.so
7fff96fd7000-7fff96fdd000 rw-p 0013f000 103:02 30306267                  /home/byr/tmp/chukonu/cache/cached_code_AA8BF12B56413D11D073B9211747F286_0.so
7fff96fdd000-7fff97093000 r--p 00000000 103:02 30293463                  /home/byr/tmp/chukonu/cache/cached_code_EF6166537C778F9E4014C7F2C1A170B6_0.so
7fff97093000-7fff970f8000 r-xp 000b6000 103:02 30293463                  /home/byr/tmp/chukonu/cache/cached_code_EF6166537C778F9E4014C7F2C1A170B6_0.so
7fff970f8000-7fff97132000 r--p 0011b000 103:02 30293463                  /home/byr/tmp/chukonu/cache/cached_code_EF6166537C778F9E4014C7F2C1A170B6_0.so
7fff97132000-7fff97136000 r--p 00154000 103:02 30293463                  /home/byr/tmp/chukonu/cache/cached_code_EF6166537C778F9E4014C7F2C1A170B6_0.so
7fff97136000-7fff9713d000 rw-p 00158000 103:02 30293463                  /home/byr/tmp/chukonu/cache/cached_code_EF6166537C778F9E4014C7F2C1A170B6_0.so
7fff9713d000-7fff971cc000 r--p 00000000 103:02 30276959                  /home/byr/tmp/chukonu/cache/cached_code_1BB5D19881B9327619DEC60622392089_0.so
7fff971cc000-7fff97214000 r-xp 0008f000 103:02 30276959                  /home/byr/tmp/chukonu/cache/cached_code_1BB5D19881B9327619DEC60622392089_0.so
7fff97214000-7fff9723a000 r--p 000d7000 103:02 30276959                  /home/byr/tmp/chukonu/cache/cached_code_1BB5D19881B9327619DEC60622392089_0.so
7fff9723a000-7fff9723d000 r--p 000fc000 103:02 30276959                  /home/byr/tmp/chukonu/cache/cached_code_1BB5D19881B9327619DEC60622392089_0.so
7fff9723d000-7fff97242000 rw-p 000ff000 103:02 30276959                  /home/byr/tmp/chukonu/cache/cached_code_1BB5D19881B9327619DEC60622392089_0.so
7fff97242000-7fff980c2000 rw-p 00000000 00:00 0 
7fff980fb000-7fff9837b000 rw-p 00000000 00:00 0 
7fff9837b000-7fff98430000 r--p 00000000 103:02 30306233                  /home/byr/tmp/chukonu/cache/cached_code_EB0D7DC8C3D7897795F60B37B3E74CF2_0.so
7fff98430000-7fff9848b000 r-xp 000b5000 103:02 30306233                  /home/byr/tmp/chukonu/cache/cached_code_EB0D7DC8C3D7897795F60B37B3E74CF2_0.so
7fff9848b000-7fff984bb000 r--p 00110000 103:02 30306233                  /home/byr/tmp/chukonu/cache/cached_code_EB0D7DC8C3D7897795F60B37B3E74CF2_0.so
7fff984bb000-7fff984bc000 ---p 00140000 103:02 30306233                  /home/byr/tmp/chukonu/cache/cached_code_EB0D7DC8C3D7897795F60B37B3E74CF2_0.so
7fff984bc000-7fff984bf000 r--p 00140000 103:02 30306233                  /home/byr/tmp/chukonu/cache/cached_code_EB0D7DC8C3D7897795F60B37B3E74CF2_0.so
7fff984bf000-7fff984c5000 rw-p 00143000 103:02 30306233                  /home/byr/tmp/chukonu/cache/cached_code_EB0D7DC8C3D7897795F60B37B3E74CF2_0.so
7fff984c5000-7fff991c5000 rw-p 00000000 00:00 0 
7fff991c7000-7fff993c7000 rw-p 00000000 00:00 0 
7fff993c7000-7fff999c7000 rw-p 00000000 00:00 0 
7fff999d9000-7fff99a89000 r--p 00000000 103:02 30306732                  /home/byr/tmp/chukonu/cache/cached_code_C298D8D88BFDA9DE6753D6CA23F3A3FA_0.so
7fff99a89000-7fff99ae9000 r-xp 000b0000 103:02 30306732                  /home/byr/tmp/chukonu/cache/cached_code_C298D8D88BFDA9DE6753D6CA23F3A3FA_0.so
7fff99ae9000-7fff99b1f000 r--p 00110000 103:02 30306732                  /home/byr/tmp/chukonu/cache/cached_code_C298D8D88BFDA9DE6753D6CA23F3A3FA_0.so
7fff99b1f000-7fff99b20000 ---p 00146000 103:02 30306732                  /home/byr/tmp/chukonu/cache/cached_code_C298D8D88BFDA9DE6753D6CA23F3A3FA_0.so
7fff99b20000-7fff99b24000 r--p 00146000 103:02 30306732                  /home/byr/tmp/chukonu/cache/cached_code_C298D8D88BFDA9DE6753D6CA23F3A3FA_0.so
7fff99b24000-7fff99b2a000 rw-p 0014a000 103:02 30306732                  /home/byr/tmp/chukonu/cache/cached_code_C298D8D88BFDA9DE6753D6CA23F3A3FA_0.so
7fff99b2a000-7fff99bc8000 r--p 00000000 103:02 30306728                  /home/byr/tmp/chukonu/cache/cached_code_424EB3859CE2F769FE7C21060DC98D6C_0.so
7fff99bc8000-7fff99c1b000 r-xp 0009e000 103:02 30306728                  /home/byr/tmp/chukonu/cache/cached_code_424EB3859CE2F769FE7C21060DC98D6C_0.so
7fff99c1b000-7fff99c48000 r--p 000f1000 103:02 30306728                  /home/byr/tmp/chukonu/cache/cached_code_424EB3859CE2F769FE7C21060DC98D6C_0.so
7fff99c48000-7fff99c4b000 r--p 0011d000 103:02 30306728                  /home/byr/tmp/chukonu/cache/cached_code_424EB3859CE2F769FE7C21060DC98D6C_0.so
7fff99c4b000-7fff99c51000 rw-p 00120000 103:02 30306728                  /home/byr/tmp/chukonu/cache/cached_code_424EB3859CE2F769FE7C21060DC98D6C_0.so
7fff99c51000-7fff99cf8000 r--p 00000000 103:02 30306724                  /home/byr/tmp/chukonu/cache/cached_code_3296EBC1B5BE1E7F608FC136A0CC77B9_0.so
7fff99cf8000-7fff99d52000 r-xp 000a7000 103:02 30306724                  /home/byr/tmp/chukonu/cache/cached_code_3296EBC1B5BE1E7F608FC136A0CC77B9_0.so
7fff99d52000-7fff99d84000 r--p 00101000 103:02 30306724                  /home/byr/tmp/chukonu/cache/cached_code_3296EBC1B5BE1E7F608FC136A0CC77B9_0.so
7fff99d84000-7fff99d87000 r--p 00132000 103:02 30306724                  /home/byr/tmp/chukonu/cache/cached_code_3296EBC1B5BE1E7F608FC136A0CC77B9_0.so
7fff99d87000-7fff99d8d000 rw-p 00135000 103:02 30306724                  /home/byr/tmp/chukonu/cache/cached_code_3296EBC1B5BE1E7F608FC136A0CC77B9_0.so
7fff99d8d000-7fff99e39000 r--p 00000000 103:02 30306676                  /home/byr/tmp/chukonu/cache/cached_code_38D1F0C37FE71C29F870A1B9CC0A5622_0.so
7fff99e39000-7fff99e92000 r-xp 000ac000 103:02 30306676                  /home/byr/tmp/chukonu/cache/cached_code_38D1F0C37FE71C29F870A1B9CC0A5622_0.so
7fff99e92000-7fff99ec2000 r--p 00105000 103:02 30306676                  /home/byr/tmp/chukonu/cache/cached_code_38D1F0C37FE71C29F870A1B9CC0A5622_0.so
7fff99ec2000-7fff99ec3000 ---p 00135000 103:02 30306676                  /home/byr/tmp/chukonu/cache/cached_code_38D1F0C37FE71C29F870A1B9CC0A5622_0.so
7fff99ec3000-7fff99ec6000 r--p 00135000 103:02 30306676                  /home/byr/tmp/chukonu/cache/cached_code_38D1F0C37FE71C29F870A1B9CC0A5622_0.so
7fff99ec6000-7fff99ecc000 rw-p 00138000 103:02 30306676                  /home/byr/tmp/chukonu/cache/cached_code_38D1F0C37FE71C29F870A1B9CC0A5622_0.so
7fff99ecc000-7fff9a5cc000 rw-p 00000000 00:00 0 
7fff9a5cc000-7fff9a7cc000 rw-p 00000000 00:00 0 
7fff9a7cc000-7fff9adcc000 rw-p 00000000 00:00 0 
7fff9add7000-7fff9ae85000 r--p 00000000 103:02 30306223                  /home/byr/tmp/chukonu/cache/cached_code_E896FF5F5F9F8155A1A54A2C70AE9CDF_0.so
7fff9ae85000-7fff9aedd000 r-xp 000ae000 103:02 30306223                  /home/byr/tmp/chukonu/cache/cached_code_E896FF5F5F9F8155A1A54A2C70AE9CDF_0.so
7fff9aedd000-7fff9af0a000 r--p 00106000 103:02 30306223                  /home/byr/tmp/chukonu/cache/cached_code_E896FF5F5F9F8155A1A54A2C70AE9CDF_0.so
7fff9af0a000-7fff9af0b000 ---p 00133000 103:02 30306223                  /home/byr/tmp/chukonu/cache/cached_code_E896FF5F5F9F8155A1A54A2C70AE9CDF_0.so
7fff9af0b000-7fff9af0e000 r--p 00133000 103:02 30306223                  /home/byr/tmp/chukonu/cache/cached_code_E896FF5F5F9F8155A1A54A2C70AE9CDF_0.so
7fff9af0e000-7fff9af14000 rw-p 00136000 103:02 30306223                  /home/byr/tmp/chukonu/cache/cached_code_E896FF5F5F9F8155A1A54A2C70AE9CDF_0.so
7fff9af14000-7fff9afc4000 r--p 00000000 103:02 30305982                  /home/byr/tmp/chukonu/cache/cached_code_1FEEDB5EB435D8D323AA84BE029B0127_0.so
7fff9afc4000-7fff9b022000 r-xp 000b0000 103:02 30305982                  /home/byr/tmp/chukonu/cache/cached_code_1FEEDB5EB435D8D323AA84BE029B0127_0.so
7fff9b022000-7fff9b054000 r--p 0010e000 103:02 30305982                  /home/byr/tmp/chukonu/cache/cached_code_1FEEDB5EB435D8D323AA84BE029B0127_0.so
7fff9b054000-7fff9b057000 r--p 0013f000 103:02 30305982                  /home/byr/tmp/chukonu/cache/cached_code_1FEEDB5EB435D8D323AA84BE029B0127_0.so
7fff9b057000-7fff9b05d000 rw-p 00142000 103:02 30305982                  /home/byr/tmp/chukonu/cache/cached_code_1FEEDB5EB435D8D323AA84BE029B0127_0.so
7fff9b05d000-7fff9b11f000 r--p 00000000 103:02 30305961                  /home/byr/tmp/chukonu/cache/cached_code_2D61B50321C25A342C56D5727C4F2C41_0.so
7fff9b11f000-7fff9b188000 r-xp 000c2000 103:02 30305961                  /home/byr/tmp/chukonu/cache/cached_code_2D61B50321C25A342C56D5727C4F2C41_0.so
7fff9b188000-7fff9b1c2000 r--p 0012b000 103:02 30305961                  /home/byr/tmp/chukonu/cache/cached_code_2D61B50321C25A342C56D5727C4F2C41_0.so
7fff9b1c2000-7fff9b1c3000 ---p 00165000 103:02 30305961                  /home/byr/tmp/chukonu/cache/cached_code_2D61B50321C25A342C56D5727C4F2C41_0.so
7fff9b1c3000-7fff9b1c6000 r--p 00165000 103:02 30305961                  /home/byr/tmp/chukonu/cache/cached_code_2D61B50321C25A342C56D5727C4F2C41_0.so
7fff9b1c6000-7fff9b1cd000 rw-p 00168000 103:02 30305961                  /home/byr/tmp/chukonu/cache/cached_code_2D61B50321C25A342C56D5727C4F2C41_0.so
7fff9b1cd000-7fff9cc4d000 rw-p 00000000 00:00 0 
7fff9cc4d000-7fff9ccd8000 r--p 00000000 103:02 30306789                  /home/byr/tmp/chukonu/cache/cached_code_CBFB8E6A4D4AE02A6D529C57115DD93C_0.so
7fff9ccd8000-7fff9cd20000 r-xp 0008b000 103:02 30306789                  /home/byr/tmp/chukonu/cache/cached_code_CBFB8E6A4D4AE02A6D529C57115DD93C_0.so
7fff9cd20000-7fff9cd45000 r--p 000d3000 103:02 30306789                  /home/byr/tmp/chukonu/cache/cached_code_CBFB8E6A4D4AE02A6D529C57115DD93C_0.so
7fff9cd45000-7fff9cd46000 ---p 000f8000 103:02 30306789                  /home/byr/tmp/chukonu/cache/cached_code_CBFB8E6A4D4AE02A6D529C57115DD93C_0.so
7fff9cd46000-7fff9cd49000 r--p 000f8000 103:02 30306789                  /home/byr/tmp/chukonu/cache/cached_code_CBFB8E6A4D4AE02A6D529C57115DD93C_0.so
7fff9cd49000-7fff9cd4e000 rw-p 000fb000 103:02 30306789                  /home/byr/tmp/chukonu/cache/cached_code_CBFB8E6A4D4AE02A6D529C57115DD93C_0.so
7fff9cd4e000-7fff9d34e000 rw-p 00000000 00:00 0 
7fff9d34e000-7fff9d54e000 rw-p 00000000 00:00 0 
7fff9d54e000-7fff9ea4e000 rw-p 00000000 00:00 0 
7fff9eacc000-7fff9eb57000 r--p 00000000 103:02 30293401                  /home/byr/tmp/chukonu/cache/cached_code_8DA568E7A88EC0F23188A42C26C3B1E2_0.so
7fff9eb57000-7fff9eba0000 r-xp 0008b000 103:02 30293401                  /home/byr/tmp/chukonu/cache/cached_code_8DA568E7A88EC0F23188A42C26C3B1E2_0.so
7fff9eba0000-7fff9ebc7000 r--p 000d4000 103:02 30293401                  /home/byr/tmp/chukonu/cache/cached_code_8DA568E7A88EC0F23188A42C26C3B1E2_0.so
7fff9ebc7000-7fff9ebca000 r--p 000fa000 103:02 30293401                  /home/byr/tmp/chukonu/cache/cached_code_8DA568E7A88EC0F23188A42C26C3B1E2_0.so
7fff9ebca000-7fff9ebcf000 rw-p 000fd000 103:02 30293401                  /home/byr/tmp/chukonu/cache/cached_code_8DA568E7A88EC0F23188A42C26C3B1E2_0.so
7fff9ebcf000-7fff9ee4f000 rw-p 00000000 00:00 0 
7fff9ee4f000-7fff9ee53000 ---p 00000000 00:00 0 
7fff9ee53000-7fff9f250000 rw-p 00000000 00:00 0 
7fff9f250000-7fffa0850000 rw-p 00000000 00:00 0 
7fffa0850000-7fffa0854000 ---p 00000000 00:00 0 
7fffa0854000-7fffa0c51000 rw-p 00000000 00:00 0 
7fffa0c51000-7fffa1851000 rw-p 00000000 00:00 0 
7fffa1851000-7fffa1a51000 rw-p 00000000 00:00 0 
7fffa1a51000-7fffa2951000 rw-p 00000000 00:00 0 
7fffa2951000-7fffa2b51000 rw-p 00000000 00:00 0 
7fffa2b51000-7fffa2e51000 rw-p 00000000 00:00 0 
7fffa2e51000-7fffa3051000 rw-p 00000000 00:00 0 
7fffa3051000-7fffa3075000 r-xp 00000000 103:02 30276956                  /home/byr/opt/spark/target/tmp/liblz4-java16994191352757314090.so
7fffa3075000-7fffa3274000 ---p 00024000 103:02 30276956                  /home/byr/opt/spark/target/tmp/liblz4-java16994191352757314090.so
7fffa3274000-7fffa3275000 rw-p 00023000 103:02 30276956                  /home/byr/opt/spark/target/tmp/liblz4-java16994191352757314090.so
7fffa3275000-7fffa37f5000 rw-p 00000000 00:00 0 
7fffa37f5000-7fffa39f5000 rw-p 00000000 00:00 0 
7fffa39f5000-7fffa43f5000 rw-p 00000000 00:00 0 
7fffa43f5000-7fffa45f5000 rw-p 00000000 00:00 0 
7fffa45f5000-7fffa45f9000 ---p 00000000 00:00 0 
7fffa45f9000-7fffa49f6000 rw-p 00000000 00:00 0 
7fffa49f6000-7fffa49fa000 ---p 00000000 00:00 0 
7fffa49fa000-7fffa4df7000 rw-p 00000000 00:00 0 
7fffa4df7000-7fffa4dfb000 ---p 00000000 00:00 0 
7fffa4dfb000-7fffa53f8000 rw-p 00000000 00:00 0 
7fffa53f8000-7fffa56f8000 rw-p 00000000 00:00 0 
7fffa56f8000-7fffa58f8000 rw-p 00000000 00:00 0 
7fffa58f8000-7fffa6678000 rw-p 00000000 00:00 0 
7fffa6678000-7fffa6878000 rw-p 00000000 00:00 0 
7fffa6878000-7fffa6ff8000 rw-p 00000000 00:00 0 
7fffa6ff8000-7fffa71e2000 rw-p 00000000 00:00 0 
7fffa71e2000-7fffa71f8000 ---p 00000000 00:00 0 
7fffa71f8000-7fffa8878000 rw-p 00000000 00:00 0 
7fffa8878000-7fffa8a78000 rw-p 00000000 00:00 0 
7fffa8a78000-7fffa8c78000 rw-p 00000000 00:00 0 
7fffa8c78000-7fffa8e78000 rw-p 00000000 00:00 0 
7fffa8e78000-7fffa9078000 rw-p 00000000 00:00 0 
7fffa9078000-7fffa9478000 rw-p 00000000 00:00 0 
7fffa9478000-7fffa9678000 rw-p 00000000 00:00 0 
7fffa9678000-7fffa9878000 rw-p 00000000 00:00 0 
7fffa9878000-7fffa9f78000 rw-p 00000000 00:00 0 
7fffa9f78000-7fffaa178000 rw-p 00000000 00:00 0 
7fffaa178000-7fffaa378000 rw-p 00000000 00:00 0 
7fffaa378000-7fffaa578000 rw-p 00000000 00:00 0 
7fffaa578000-7fffaa778000 rw-p 00000000 00:00 0 
7fffaa778000-7fffaa978000 rw-p 00000000 00:00 0 
7fffaa978000-7fffaab78000 rw-p 00000000 00:00 0 
7fffaab78000-7fffaad78000 rw-p 00000000 00:00 0 
7fffaad78000-7fffaaf78000 rw-p 00000000 00:00 0 
7fffaaf78000-7fffabcf8000 rw-p 00000000 00:00 0 
7fffabcf8000-7fffabef8000 rw-p 00000000 00:00 0 
7fffabef8000-7fffac0f8000 rw-p 00000000 00:00 0 
7fffac0f8000-7fffac2f8000 rw-p 00000000 00:00 0 
7fffac2f8000-7fffac4f8000 rw-p 00000000 00:00 0 
7fffac4f8000-7fffac6f8000 rw-p 00000000 00:00 0 
7fffac6f8000-7fffac8f8000 rw-p 00000000 00:00 0 
7fffac8f8000-7fffacdf8000 rw-p 00000000 00:00 0 
7fffacdf8000-7fffacff8000 rw-p 00000000 00:00 0 
7fffacff8000-7fffad1f8000 rw-p 00000000 00:00 0 
7fffad1f8000-7fffad1fc000 ---p 00000000 00:00 0 
7fffad1fc000-7fffad5f9000 rw-p 00000000 00:00 0 
7fffad5f9000-7fffad5fd000 ---p 00000000 00:00 0 
7fffad5fd000-7fffad9fa000 rw-p 00000000 00:00 0 
7fffad9fa000-7fffad9fe000 ---p 00000000 00:00 0 
7fffad9fe000-7fffaddfb000 rw-p 00000000 00:00 0 
7fffaddfb000-7fffaddff000 ---p 00000000 00:00 0 
7fffaddff000-7fffae1fc000 rw-p 00000000 00:00 0 
7fffae1fc000-7fffae200000 ---p 00000000 00:00 0 
7fffae200000-7fffae7fd000 rw-p 00000000 00:00 0 
7fffae7fd000-7fffaebfd000 rw-p 00000000 00:00 0 
7fffaebfd000-7fffaedfd000 rw-p 00000000 00:00 0 
7fffaedfd000-7fffaee01000 ---p 00000000 00:00 0 
7fffaee01000-7fffaf1fe000 rw-p 00000000 00:00 0 
7fffaf1fe000-7fffaf202000 ---p 00000000 00:00 0 
7fffaf202000-7fffaf5ff000 rw-p 00000000 00:00 0 
7fffaf5ff000-7fffaf603000 ---p 00000000 00:00 0 
7fffaf603000-7fffafa00000 rw-p 00000000 00:00 0 
7fffafa00000-7fffafe00000 rw-p 00000000 00:00 0 
7fffafe89000-7fffaff55000 r--p 00000000 103:02 30277148                  /home/byr/tmp/chukonu/cache/cached_code_64A3650B166C83946C995AEF4F95218C_0.so
7fffaff55000-7fffaffbd000 r-xp 000cc000 103:02 30277148                  /home/byr/tmp/chukonu/cache/cached_code_64A3650B166C83946C995AEF4F95218C_0.so
7fffaffbd000-7fffafff4000 r--p 00134000 103:02 30277148                  /home/byr/tmp/chukonu/cache/cached_code_64A3650B166C83946C995AEF4F95218C_0.so
7fffafff4000-7fffafff8000 r--p 0016a000 103:02 30277148                  /home/byr/tmp/chukonu/cache/cached_code_64A3650B166C83946C995AEF4F95218C_0.so
7fffafff8000-7fffaffff000 rw-p 0016e000 103:02 30277148                  /home/byr/tmp/chukonu/cache/cached_code_64A3650B166C83946C995AEF4F95218C_0.so
7fffaffff000-7fffb0003000 ---p 00000000 00:00 0 
7fffb0003000-7fffb0400000 rw-p 00000000 00:00 0 
7fffb0400000-7fffb0800000 rw-p 00000000 00:00 0 
7fffb08d8000-7fffb0978000 r--p 00000000 103:02 30277124                  /home/byr/tmp/chukonu/cache/cached_code_76B73612E8DEC69F1ABBB5A16A6BCD24_0.so
7fffb0978000-7fffb09cb000 r-xp 000a0000 103:02 30277124                  /home/byr/tmp/chukonu/cache/cached_code_76B73612E8DEC69F1ABBB5A16A6BCD24_0.so
7fffb09cb000-7fffb09f6000 r--p 000f3000 103:02 30277124                  /home/byr/tmp/chukonu/cache/cached_code_76B73612E8DEC69F1ABBB5A16A6BCD24_0.so
7fffb09f6000-7fffb09f9000 r--p 0011d000 103:02 30277124                  /home/byr/tmp/chukonu/cache/cached_code_76B73612E8DEC69F1ABBB5A16A6BCD24_0.so
7fffb09f9000-7fffb09ff000 rw-p 00120000 103:02 30277124                  /home/byr/tmp/chukonu/cache/cached_code_76B73612E8DEC69F1ABBB5A16A6BCD24_0.so
7fffb09ff000-7fffb0a03000 ---p 00000000 00:00 0 
7fffb0a03000-7fffb0e00000 rw-p 00000000 00:00 0 
7fffb0e00000-7fffb1200000 rw-p 00000000 00:00 0 
7fffb12c9000-7fffb136f000 r--p 00000000 103:02 30277120                  /home/byr/tmp/chukonu/cache/cached_code_EE12AD5C4FDE69CE6CCF843EF1E7A634_0.so
7fffb136f000-7fffb13c7000 r-xp 000a6000 103:02 30277120                  /home/byr/tmp/chukonu/cache/cached_code_EE12AD5C4FDE69CE6CCF843EF1E7A634_0.so
7fffb13c7000-7fffb13f5000 r--p 000fe000 103:02 30277120                  /home/byr/tmp/chukonu/cache/cached_code_EE12AD5C4FDE69CE6CCF843EF1E7A634_0.so
7fffb13f5000-7fffb13f6000 ---p 0012c000 103:02 30277120                  /home/byr/tmp/chukonu/cache/cached_code_EE12AD5C4FDE69CE6CCF843EF1E7A634_0.so
7fffb13f6000-7fffb13f9000 r--p 0012c000 103:02 30277120                  /home/byr/tmp/chukonu/cache/cached_code_EE12AD5C4FDE69CE6CCF843EF1E7A634_0.so
7fffb13f9000-7fffb13ff000 rw-p 0012f000 103:02 30277120                  /home/byr/tmp/chukonu/cache/cached_code_EE12AD5C4FDE69CE6CCF843EF1E7A634_0.so
7fffb13ff000-7fffb1403000 ---p 00000000 00:00 0 
7fffb1403000-7fffb1800000 rw-p 00000000 00:00 0 
7fffb1800000-7fffb1c00000 rw-p 00000000 00:00 0 
7fffb1cfa000-7fffb1d86000 r--p 00000000 103:02 30277116                  /home/byr/tmp/chukonu/cache/cached_code_5AFD95796EA233BE8A6C56194DD00360_0.so
7fffb1d86000-7fffb1dd0000 r-xp 0008c000 103:02 30277116                  /home/byr/tmp/chukonu/cache/cached_code_5AFD95796EA233BE8A6C56194DD00360_0.so
7fffb1dd0000-7fffb1df7000 r--p 000d6000 103:02 30277116                  /home/byr/tmp/chukonu/cache/cached_code_5AFD95796EA233BE8A6C56194DD00360_0.so
7fffb1df7000-7fffb1dfa000 r--p 000fc000 103:02 30277116                  /home/byr/tmp/chukonu/cache/cached_code_5AFD95796EA233BE8A6C56194DD00360_0.so
7fffb1dfa000-7fffb1dff000 rw-p 000ff000 103:02 30277116                  /home/byr/tmp/chukonu/cache/cached_code_5AFD95796EA233BE8A6C56194DD00360_0.so
7fffb1dff000-7fffb1e03000 ---p 00000000 00:00 0 
7fffb1e03000-7fffb2200000 rw-p 00000000 00:00 0 
7fffb2200000-7fffb2600000 rw-p 00000000 00:00 0 
7fffb26fe000-7fffb2789000 r--p 00000000 103:02 30277112                  /home/byr/tmp/chukonu/cache/cached_code_6B4766EE4C99C5EED1C7687FA071FD2F_0.so
7fffb2789000-7fffb27d1000 r-xp 0008b000 103:02 30277112                  /home/byr/tmp/chukonu/cache/cached_code_6B4766EE4C99C5EED1C7687FA071FD2F_0.so
7fffb27d1000-7fffb27f6000 r--p 000d3000 103:02 30277112                  /home/byr/tmp/chukonu/cache/cached_code_6B4766EE4C99C5EED1C7687FA071FD2F_0.so
7fffb27f6000-7fffb27f7000 ---p 000f8000 103:02 30277112                  /home/byr/tmp/chukonu/cache/cached_code_6B4766EE4C99C5EED1C7687FA071FD2F_0.so
7fffb27f7000-7fffb27fa000 r--p 000f8000 103:02 30277112                  /home/byr/tmp/chukonu/cache/cached_code_6B4766EE4C99C5EED1C7687FA071FD2F_0.so
7fffb27fa000-7fffb27ff000 rw-p 000fb000 103:02 30277112                  /home/byr/tmp/chukonu/cache/cached_code_6B4766EE4C99C5EED1C7687FA071FD2F_0.so
7fffb27ff000-7fffb2803000 ---p 00000000 00:00 0 
7fffb2803000-7fffb2c00000 rw-p 00000000 00:00 0 
7fffb2c00000-7fffb3000000 rw-p 00000000 00:00 0 
7fffb30fa000-7fffb3186000 r--p 00000000 103:02 30277108                  /home/byr/tmp/chukonu/cache/cached_code_5A06F7CF17259ACB01B24EF534F3029F_0.so
7fffb3186000-7fffb31d0000 r-xp 0008c000 103:02 30277108                  /home/byr/tmp/chukonu/cache/cached_code_5A06F7CF17259ACB01B24EF534F3029F_0.so
7fffb31d0000-7fffb31f7000 r--p 000d6000 103:02 30277108                  /home/byr/tmp/chukonu/cache/cached_code_5A06F7CF17259ACB01B24EF534F3029F_0.so
7fffb31f7000-7fffb31fa000 r--p 000fc000 103:02 30277108                  /home/byr/tmp/chukonu/cache/cached_code_5A06F7CF17259ACB01B24EF534F3029F_0.so
7fffb31fa000-7fffb31ff000 rw-p 000ff000 103:02 30277108                  /home/byr/tmp/chukonu/cache/cached_code_5A06F7CF17259ACB01B24EF534F3029F_0.so
7fffb31ff000-7fffb3203000 ---p 00000000 00:00 0 
7fffb3203000-7fffb3600000 rw-p 00000000 00:00 0 
7fffb3600000-7fffb3a00000 rw-p 00000000 00:00 0 
7fffb3ae9000-7fffb3b7b000 r--p 00000000 103:02 30277104                  /home/byr/tmp/chukonu/cache/cached_code_41FB404FA2ED97D0B1E80F68E27D9382_0.so
7fffb3b7b000-7fffb3bca000 r-xp 00092000 103:02 30277104                  /home/byr/tmp/chukonu/cache/cached_code_41FB404FA2ED97D0B1E80F68E27D9382_0.so
7fffb3bca000-7fffb3bf5000 r--p 000e1000 103:02 30277104                  /home/byr/tmp/chukonu/cache/cached_code_41FB404FA2ED97D0B1E80F68E27D9382_0.so
7fffb3bf5000-7fffb3bf6000 ---p 0010c000 103:02 30277104                  /home/byr/tmp/chukonu/cache/cached_code_41FB404FA2ED97D0B1E80F68E27D9382_0.so
7fffb3bf6000-7fffb3bf9000 r--p 0010c000 103:02 30277104                  /home/byr/tmp/chukonu/cache/cached_code_41FB404FA2ED97D0B1E80F68E27D9382_0.so
7fffb3bf9000-7fffb3bfe000 rw-p 0010f000 103:02 30277104                  /home/byr/tmp/chukonu/cache/cached_code_41FB404FA2ED97D0B1E80F68E27D9382_0.so
7fffb3bfe000-7fffb3bff000 rw-p 00000000 00:00 0 
7fffb3bff000-7fffb3c03000 ---p 00000000 00:00 0 
7fffb3c03000-7fffb4000000 rw-p 00000000 00:00 0 
7fffb4000000-7fffb4400000 rw-p 00000000 00:00 0 
7fffb44fe000-7fffb4589000 r--p 00000000 103:02 30277100                  /home/byr/tmp/chukonu/cache/cached_code_57048CB62E08D4C1A044EEBED1CF7963_0.so
7fffb4589000-7fffb45d1000 r-xp 0008b000 103:02 30277100                  /home/byr/tmp/chukonu/cache/cached_code_57048CB62E08D4C1A044EEBED1CF7963_0.so
7fffb45d1000-7fffb45f6000 r--p 000d3000 103:02 30277100                  /home/byr/tmp/chukonu/cache/cached_code_57048CB62E08D4C1A044EEBED1CF7963_0.so
7fffb45f6000-7fffb45f7000 ---p 000f8000 103:02 30277100                  /home/byr/tmp/chukonu/cache/cached_code_57048CB62E08D4C1A044EEBED1CF7963_0.so
7fffb45f7000-7fffb45fa000 r--p 000f8000 103:02 30277100                  /home/byr/tmp/chukonu/cache/cached_code_57048CB62E08D4C1A044EEBED1CF7963_0.so
7fffb45fa000-7fffb45ff000 rw-p 000fb000 103:02 30277100                  /home/byr/tmp/chukonu/cache/cached_code_57048CB62E08D4C1A044EEBED1CF7963_0.so
7fffb45ff000-7fffb4603000 ---p 00000000 00:00 0 
7fffb4603000-7fffb4c00000 rw-p 00000000 00:00 0 
7fffb4c00000-7fffb5000000 rw-p 00000000 00:00 0 
7fffb50e4000-7fffb5180000 r--p 00000000 103:02 30277096                  /home/byr/tmp/chukonu/cache/cached_code_249D8B8AE8DB919CCA29BEF971F8148C_0.so
7fffb5180000-7fffb51cd000 r-xp 0009c000 103:02 30277096                  /home/byr/tmp/chukonu/cache/cached_code_249D8B8AE8DB919CCA29BEF971F8148C_0.so
7fffb51cd000-7fffb51f5000 r--p 000e9000 103:02 30277096                  /home/byr/tmp/chukonu/cache/cached_code_249D8B8AE8DB919CCA29BEF971F8148C_0.so
7fffb51f5000-7fffb51f6000 ---p 00111000 103:02 30277096                  /home/byr/tmp/chukonu/cache/cached_code_249D8B8AE8DB919CCA29BEF971F8148C_0.so
7fffb51f6000-7fffb51f9000 r--p 00111000 103:02 30277096                  /home/byr/tmp/chukonu/cache/cached_code_249D8B8AE8DB919CCA29BEF971F8148C_0.so
7fffb51f9000-7fffb51ff000 rw-p 00114000 103:02 30277096                  /home/byr/tmp/chukonu/cache/cached_code_249D8B8AE8DB919CCA29BEF971F8148C_0.so
7fffb51ff000-7fffb5203000 ---p 00000000 00:00 0 
7fffb5203000-7fffb5600000 rw-p 00000000 00:00 0 
7fffb5600000-7fffb5a00000 rw-p 00000000 00:00 0 
7fffb5af4000-7fffb5b85000 r--p 00000000 103:02 30277092                  /home/byr/tmp/chukonu/cache/cached_code_FAA517F7091B65C80293197A353618F4_0.so
7fffb5b85000-7fffb5bcf000 r-xp 00091000 103:02 30277092                  /home/byr/tmp/chukonu/cache/cached_code_FAA517F7091B65C80293197A353618F4_0.so
7fffb5bcf000-7fffb5bf7000 r--p 000db000 103:02 30277092                  /home/byr/tmp/chukonu/cache/cached_code_FAA517F7091B65C80293197A353618F4_0.so
7fffb5bf7000-7fffb5bfa000 r--p 00102000 103:02 30277092                  /home/byr/tmp/chukonu/cache/cached_code_FAA517F7091B65C80293197A353618F4_0.so
7fffb5bfa000-7fffb5bff000 rw-p 00105000 103:02 30277092                  /home/byr/tmp/chukonu/cache/cached_code_FAA517F7091B65C80293197A353618F4_0.so
7fffb5bff000-7fffb5c03000 ---p 00000000 00:00 0 
7fffb5c03000-7fffb6000000 rw-p 00000000 00:00 0 
7fffb6000000-7fffb6400000 rw-p 00000000 00:00 0 
7fffb64d9000-7fffb6576000 r--p 00000000 103:02 30277088                  /home/byr/tmp/chukonu/cache/cached_code_2BCEB5AEBB6D0FF480F84F57CA599F2D_0.so
7fffb6576000-7fffb65c8000 r-xp 0009d000 103:02 30277088                  /home/byr/tmp/chukonu/cache/cached_code_2BCEB5AEBB6D0FF480F84F57CA599F2D_0.so
7fffb65c8000-7fffb65f6000 r--p 000ef000 103:02 30277088                  /home/byr/tmp/chukonu/cache/cached_code_2BCEB5AEBB6D0FF480F84F57CA599F2D_0.so
7fffb65f6000-7fffb65f9000 r--p 0011c000 103:02 30277088                  /home/byr/tmp/chukonu/cache/cached_code_2BCEB5AEBB6D0FF480F84F57CA599F2D_0.so
7fffb65f9000-7fffb65ff000 rw-p 0011f000 103:02 30277088                  /home/byr/tmp/chukonu/cache/cached_code_2BCEB5AEBB6D0FF480F84F57CA599F2D_0.so
7fffb65ff000-7fffb6603000 ---p 00000000 00:00 0 
7fffb6603000-7fffb6c00000 rw-p 00000000 00:00 0 
7fffb6c00000-7fffb7000000 rw-p 00000000 00:00 0 
7fffb70df000-7fffb717a000 r--p 00000000 103:02 30277084                  /home/byr/tmp/chukonu/cache/cached_code_01102A36209C6A8ED9979147DA9F4828_0.so
7fffb717a000-7fffb71ca000 r-xp 0009b000 103:02 30277084                  /home/byr/tmp/chukonu/cache/cached_code_01102A36209C6A8ED9979147DA9F4828_0.so
7fffb71ca000-7fffb71f6000 r--p 000eb000 103:02 30277084                  /home/byr/tmp/chukonu/cache/cached_code_01102A36209C6A8ED9979147DA9F4828_0.so
7fffb71f6000-7fffb71f9000 r--p 00116000 103:02 30277084                  /home/byr/tmp/chukonu/cache/cached_code_01102A36209C6A8ED9979147DA9F4828_0.so
7fffb71f9000-7fffb71ff000 rw-p 00119000 103:02 30277084                  /home/byr/tmp/chukonu/cache/cached_code_01102A36209C6A8ED9979147DA9F4828_0.so
7fffb71ff000-7fffb7203000 ---p 00000000 00:00 0 
7fffb7203000-7fffb7600000 rw-p 00000000 00:00 0 
7fffb7600000-7fffb7a00000 rw-p 00000000 00:00 0 
7fffb7afa000-7fffb7b86000 r--p 00000000 103:02 30277080                  /home/byr/tmp/chukonu/cache/cached_code_A5C1D96FCAD550EF88EFF961EDDC386D_0.so
7fffb7b86000-7fffb7bd0000 r-xp 0008c000 103:02 30277080                  /home/byr/tmp/chukonu/cache/cached_code_A5C1D96FCAD550EF88EFF961EDDC386D_0.so
7fffb7bd0000-7fffb7bf7000 r--p 000d6000 103:02 30277080                  /home/byr/tmp/chukonu/cache/cached_code_A5C1D96FCAD550EF88EFF961EDDC386D_0.so
7fffb7bf7000-7fffb7bfa000 r--p 000fc000 103:02 30277080                  /home/byr/tmp/chukonu/cache/cached_code_A5C1D96FCAD550EF88EFF961EDDC386D_0.so
7fffb7bfa000-7fffb7bff000 rw-p 000ff000 103:02 30277080                  /home/byr/tmp/chukonu/cache/cached_code_A5C1D96FCAD550EF88EFF961EDDC386D_0.so
7fffb7bff000-7fffb7c03000 ---p 00000000 00:00 0 
7fffb7c03000-7fffb8000000 rw-p 00000000 00:00 0 
7fffb8000000-7fffb8400000 rw-p 00000000 00:00 0 
7fffb844f000-7fffb8534000 r--p 00000000 103:02 30277076                  /home/byr/tmp/chukonu/cache/cached_code_387748E7AFA1E78A7D764A9B699CCF95_0.so
7fffb8534000-7fffb85af000 r-xp 000e5000 103:02 30277076                  /home/byr/tmp/chukonu/cache/cached_code_387748E7AFA1E78A7D764A9B699CCF95_0.so
7fffb85af000-7fffb85f2000 r--p 00160000 103:02 30277076                  /home/byr/tmp/chukonu/cache/cached_code_387748E7AFA1E78A7D764A9B699CCF95_0.so
7fffb85f2000-7fffb85f7000 r--p 001a2000 103:02 30277076                  /home/byr/tmp/chukonu/cache/cached_code_387748E7AFA1E78A7D764A9B699CCF95_0.so
7fffb85f7000-7fffb85ff000 rw-p 001a7000 103:02 30277076                  /home/byr/tmp/chukonu/cache/cached_code_387748E7AFA1E78A7D764A9B699CCF95_0.so
7fffb85ff000-7fffb8603000 ---p 00000000 00:00 0 
7fffb8603000-7fffb8a00000 rw-p 00000000 00:00 0 
7fffb8a00000-7fffb8e00000 rw-p 00000000 00:00 0 
7fffb8efc000-7fffb8f89000 r--p 00000000 103:02 30277072                  /home/byr/tmp/chukonu/cache/cached_code_8F384A88CDE140B5E7018A1986A0A4FE_0.so
7fffb8f89000-7fffb8fd1000 r-xp 0008d000 103:02 30277072                  /home/byr/tmp/chukonu/cache/cached_code_8F384A88CDE140B5E7018A1986A0A4FE_0.so
7fffb8fd1000-7fffb8ff7000 r--p 000d5000 103:02 30277072                  /home/byr/tmp/chukonu/cache/cached_code_8F384A88CDE140B5E7018A1986A0A4FE_0.so
7fffb8ff7000-7fffb8ffa000 r--p 000fa000 103:02 30277072                  /home/byr/tmp/chukonu/cache/cached_code_8F384A88CDE140B5E7018A1986A0A4FE_0.so
7fffb8ffa000-7fffb8fff000 rw-p 000fd000 103:02 30277072                  /home/byr/tmp/chukonu/cache/cached_code_8F384A88CDE140B5E7018A1986A0A4FE_0.so
7fffb8fff000-7fffb9003000 ---p 00000000 00:00 0 
7fffb9003000-7fffb9400000 rw-p 00000000 00:00 0 
7fffb9400000-7fffb9800000 rw-p 00000000 00:00 0 
7fffb98fc000-7fffb9987000 r--p 00000000 103:02 30277068                  /home/byr/tmp/chukonu/cache/cached_code_D69E879F4BAC89176F4C5CB08D3B8E33_0.so
7fffb9987000-7fffb99d0000 r-xp 0008b000 103:02 30277068                  /home/byr/tmp/chukonu/cache/cached_code_D69E879F4BAC89176F4C5CB08D3B8E33_0.so
7fffb99d0000-7fffb99f7000 r--p 000d4000 103:02 30277068                  /home/byr/tmp/chukonu/cache/cached_code_D69E879F4BAC89176F4C5CB08D3B8E33_0.so
7fffb99f7000-7fffb99fa000 r--p 000fa000 103:02 30277068                  /home/byr/tmp/chukonu/cache/cached_code_D69E879F4BAC89176F4C5CB08D3B8E33_0.so
7fffb99fa000-7fffb99ff000 rw-p 000fd000 103:02 30277068                  /home/byr/tmp/chukonu/cache/cached_code_D69E879F4BAC89176F4C5CB08D3B8E33_0.so
7fffb99ff000-7fffb9a03000 ---p 00000000 00:00 0 
7fffb9a03000-7fffb9e00000 rw-p 00000000 00:00 0 
7fffb9e00000-7fffba200000 rw-p 00000000 00:00 0 
7fffba2ec000-7fffba37e000 r--p 00000000 103:02 30277064                  /home/byr/tmp/chukonu/cache/cached_code_3C383B295D20AB02DCBAA8E43E5D26C3_0.so
7fffba37e000-7fffba3cc000 r-xp 00092000 103:02 30277064                  /home/byr/tmp/chukonu/cache/cached_code_3C383B295D20AB02DCBAA8E43E5D26C3_0.so
7fffba3cc000-7fffba3f6000 r--p 000e0000 103:02 30277064                  /home/byr/tmp/chukonu/cache/cached_code_3C383B295D20AB02DCBAA8E43E5D26C3_0.so
7fffba3f6000-7fffba3f9000 r--p 00109000 103:02 30277064                  /home/byr/tmp/chukonu/cache/cached_code_3C383B295D20AB02DCBAA8E43E5D26C3_0.so
7fffba3f9000-7fffba3fe000 rw-p 0010c000 103:02 30277064                  /home/byr/tmp/chukonu/cache/cached_code_3C383B295D20AB02DCBAA8E43E5D26C3_0.so
7fffba3fe000-7fffba3ff000 rw-p 00000000 00:00 0 
7fffba3ff000-7fffba403000 ---p 00000000 00:00 0 
7fffba403000-7fffba800000 rw-p 00000000 00:00 0 
7fffba800000-7fffbac00000 rw-p 00000000 00:00 0 
7fffbac26000-7fffbace2000 r--p 00000000 103:02 30277144                  /home/byr/tmp/chukonu/cache/cached_code_6C79D73355A35D7256ECB03773728307_0.so
7fffbace2000-7fffbad42000 r-xp 000bc000 103:02 30277144                  /home/byr/tmp/chukonu/cache/cached_code_6C79D73355A35D7256ECB03773728307_0.so
7fffbad42000-7fffbad74000 r--p 0011c000 103:02 30277144                  /home/byr/tmp/chukonu/cache/cached_code_6C79D73355A35D7256ECB03773728307_0.so
7fffbad74000-7fffbad75000 ---p 0014e000 103:02 30277144                  /home/byr/tmp/chukonu/cache/cached_code_6C79D73355A35D7256ECB03773728307_0.so
7fffbad75000-7fffbad78000 r--p 0014e000 103:02 30277144                  /home/byr/tmp/chukonu/cache/cached_code_6C79D73355A35D7256ECB03773728307_0.so
7fffbad78000-7fffbad7f000 rw-p 00151000 103:02 30277144                  /home/byr/tmp/chukonu/cache/cached_code_6C79D73355A35D7256ECB03773728307_0.so
7fffbad7f000-7fffbafff000 rw-p 00000000 00:00 0 
7fffbafff000-7fffbb003000 ---p 00000000 00:00 0 
7fffbb003000-7fffbb400000 rw-p 00000000 00:00 0 
7fffbb400000-7fffbb800000 rw-p 00000000 00:00 0 
7fffbb8db000-7fffbb97a000 r--p 00000000 103:02 30277143                  /home/byr/tmp/chukonu/cache/cached_code_673BE09630073C1B751435D855709722_0.so
7fffbb97a000-7fffbb9cb000 r-xp 0009f000 103:02 30277143                  /home/byr/tmp/chukonu/cache/cached_code_673BE09630073C1B751435D855709722_0.so
7fffbb9cb000-7fffbb9f5000 r--p 000f0000 103:02 30277143                  /home/byr/tmp/chukonu/cache/cached_code_673BE09630073C1B751435D855709722_0.so
7fffbb9f5000-7fffbb9f6000 ---p 0011a000 103:02 30277143                  /home/byr/tmp/chukonu/cache/cached_code_673BE09630073C1B751435D855709722_0.so
7fffbb9f6000-7fffbb9f9000 r--p 0011a000 103:02 30277143                  /home/byr/tmp/chukonu/cache/cached_code_673BE09630073C1B751435D855709722_0.so
7fffbb9f9000-7fffbb9ff000 rw-p 0011d000 103:02 30277143                  /home/byr/tmp/chukonu/cache/cached_code_673BE09630073C1B751435D855709722_0.so
7fffbb9ff000-7fffbba03000 ---p 00000000 00:00 0 
7fffbba03000-7fffbbe00000 rw-p 00000000 00:00 0 
7fffbbe00000-7fffbc200000 rw-p 00000000 00:00 0 
7fffbc2c3000-7fffbc382000 r--p 00000000 103:02 30277060                  /home/byr/tmp/chukonu/cache/cached_code_10BF7857C2395EEEE35A99AA8EBC66FA_0.so
7fffbc382000-7fffbc3cf000 r-xp 000bf000 103:02 30277060                  /home/byr/tmp/chukonu/cache/cached_code_10BF7857C2395EEEE35A99AA8EBC66FA_0.so
7fffbc3cf000-7fffbc3f6000 r--p 0010c000 103:02 30277060                  /home/byr/tmp/chukonu/cache/cached_code_10BF7857C2395EEEE35A99AA8EBC66FA_0.so
7fffbc3f6000-7fffbc3f9000 r--p 00132000 103:02 30277060                  /home/byr/tmp/chukonu/cache/cached_code_10BF7857C2395EEEE35A99AA8EBC66FA_0.so
7fffbc3f9000-7fffbc3ff000 rw-p 00135000 103:02 30277060                  /home/byr/tmp/chukonu/cache/cached_code_10BF7857C2395EEEE35A99AA8EBC66FA_0.so
7fffbc3ff000-7fffbc403000 ---p 00000000 00:00 0 
7fffbc403000-7fffbc800000 rw-p 00000000 00:00 0 
7fffbc800000-7fffbcc00000 rw-p 00000000 00:00 0 
7fffbccff000-7fffbcd8a000 r--p 00000000 103:02 30277057                  /home/byr/tmp/chukonu/cache/cached_code_4593CBD3033EE988A710FB9477502E14_0.so
7fffbcd8a000-7fffbcdd1000 r-xp 0008b000 103:02 30277057                  /home/byr/tmp/chukonu/cache/cached_code_4593CBD3033EE988A710FB9477502E14_0.so
7fffbcdd1000-7fffbcdf6000 r--p 000d2000 103:02 30277057                  /home/byr/tmp/chukonu/cache/cached_code_4593CBD3033EE988A710FB9477502E14_0.so
7fffbcdf6000-7fffbcdf7000 ---p 000f7000 103:02 30277057                  /home/byr/tmp/chukonu/cache/cached_code_4593CBD3033EE988A710FB9477502E14_0.so
7fffbcdf7000-7fffbcdfa000 r--p 000f7000 103:02 30277057                  /home/byr/tmp/chukonu/cache/cached_code_4593CBD3033EE988A710FB9477502E14_0.so
7fffbcdfa000-7fffbcdff000 rw-p 000fa000 103:02 30277057                  /home/byr/tmp/chukonu/cache/cached_code_4593CBD3033EE988A710FB9477502E14_0.so
7fffbcdff000-7fffbce03000 ---p 00000000 00:00 0 
7fffbce03000-7fffbd200000 rw-p 00000000 00:00 0 
7fffbd200000-7fffbd600000 rw-p 00000000 00:00 0 
7fffbd600000-7fffbd68b000 r--p 00000000 103:02 30276955                  /home/byr/tmp/chukonu/cache/cached_code_15AB1B28DC66AECD52933EBFF459D5F7_0.so
7fffbd68b000-7fffbd6d2000 r-xp 0008b000 103:02 30276955                  /home/byr/tmp/chukonu/cache/cached_code_15AB1B28DC66AECD52933EBFF459D5F7_0.so
7fffbd6d2000-7fffbd6f7000 r--p 000d2000 103:02 30276955                  /home/byr/tmp/chukonu/cache/cached_code_15AB1B28DC66AECD52933EBFF459D5F7_0.so
7fffbd6f7000-7fffbd6f8000 ---p 000f7000 103:02 30276955                  /home/byr/tmp/chukonu/cache/cached_code_15AB1B28DC66AECD52933EBFF459D5F7_0.so
7fffbd6f8000-7fffbd6fb000 r--p 000f7000 103:02 30276955                  /home/byr/tmp/chukonu/cache/cached_code_15AB1B28DC66AECD52933EBFF459D5F7_0.so
7fffbd6fb000-7fffbd700000 rw-p 000fa000 103:02 30276955                  /home/byr/tmp/chukonu/cache/cached_code_15AB1B28DC66AECD52933EBFF459D5F7_0.so
7fffbd700000-7fffbe200000 rw-p 00000000 00:00 0 
7fffbe200000-7fffbe400000 rw-p 00000000 00:00 0 
7fffbe400000-7fffbe780000 rw-p 00000000 00:00 0 
7fffbe780000-7fffbe980000 rw-p 00000000 00:00 0 
7fffbe980000-7fffbf000000 rw-p 00000000 00:00 0 
7fffbf000000-7fffbf200000 rw-p 00000000 00:00 0 
7fffbf200000-7fffbfc00000 rw-p 00000000 00:00 0 
7fffbfce0000-7fffbfd7b000 r--p 00000000 103:02 30277136                  /home/byr/tmp/chukonu/cache/cached_code_34C91DD0F1D41909B8F5A541C3E2ABF7_0.so
7fffbfd7b000-7fffbfdcb000 r-xp 0009b000 103:02 30277136                  /home/byr/tmp/chukonu/cache/cached_code_34C91DD0F1D41909B8F5A541C3E2ABF7_0.so
7fffbfdcb000-7fffbfdf5000 r--p 000eb000 103:02 30277136                  /home/byr/tmp/chukonu/cache/cached_code_34C91DD0F1D41909B8F5A541C3E2ABF7_0.so
7fffbfdf5000-7fffbfdf6000 ---p 00115000 103:02 30277136                  /home/byr/tmp/chukonu/cache/cached_code_34C91DD0F1D41909B8F5A541C3E2ABF7_0.so
7fffbfdf6000-7fffbfdf9000 r--p 00115000 103:02 30277136                  /home/byr/tmp/chukonu/cache/cached_code_34C91DD0F1D41909B8F5A541C3E2ABF7_0.so
7fffbfdf9000-7fffbfdff000 rw-p 00118000 103:02 30277136                  /home/byr/tmp/chukonu/cache/cached_code_34C91DD0F1D41909B8F5A541C3E2ABF7_0.so
7fffbfdff000-7fffbfe03000 ---p 00000000 00:00 0 
7fffbfe03000-7fffc0200000 rw-p 00000000 00:00 0 
7fffc0200000-7fffc0600000 rw-p 00000000 00:00 0 
7fffc063e000-7fffc06eb000 r--p 00000000 103:02 30277132                  /home/byr/tmp/chukonu/cache/cached_code_943174F5D74B1EFDB62513937B91E34F_0.so
7fffc06eb000-7fffc0746000 r-xp 000ad000 103:02 30277132                  /home/byr/tmp/chukonu/cache/cached_code_943174F5D74B1EFDB62513937B91E34F_0.so
7fffc0746000-7fffc0776000 r--p 00108000 103:02 30277132                  /home/byr/tmp/chukonu/cache/cached_code_943174F5D74B1EFDB62513937B91E34F_0.so
7fffc0776000-7fffc0777000 ---p 00138000 103:02 30277132                  /home/byr/tmp/chukonu/cache/cached_code_943174F5D74B1EFDB62513937B91E34F_0.so
7fffc0777000-7fffc077a000 r--p 00138000 103:02 30277132                  /home/byr/tmp/chukonu/cache/cached_code_943174F5D74B1EFDB62513937B91E34F_0.so
7fffc077a000-7fffc0780000 rw-p 0013b000 103:02 30277132                  /home/byr/tmp/chukonu/cache/cached_code_943174F5D74B1EFDB62513937B91E34F_0.so
7fffc0780000-7fffc0b00000 rw-p 00000000 00:00 0 
7fffc0b00000-7fffc0d00000 rw-p 00000000 00:00 0 
7fffc0d00000-7fffc1100000 rw-p 00000000 00:00 0 
7fffc1100000-7fffc1300000 rw-p 00000000 00:00 0 
7fffc1300000-7fffc1a00000 rw-p 00000000 00:00 0 
7fffc1a68000-7fffc1b51000 r--p 00000000 103:02 30293397                  /home/byr/tmp/chukonu/cache/cached_code_2B5C059DEDDE5632C0BB33E012871086_0.so
7fffc1b51000-7fffc1bbb000 r-xp 000e9000 103:02 30293397                  /home/byr/tmp/chukonu/cache/cached_code_2B5C059DEDDE5632C0BB33E012871086_0.so
7fffc1bbb000-7fffc1bf4000 r--p 00153000 103:02 30293397                  /home/byr/tmp/chukonu/cache/cached_code_2B5C059DEDDE5632C0BB33E012871086_0.so
7fffc1bf4000-7fffc1bf8000 r--p 0018b000 103:02 30293397                  /home/byr/tmp/chukonu/cache/cached_code_2B5C059DEDDE5632C0BB33E012871086_0.so
7fffc1bf8000-7fffc1bff000 rw-p 0018f000 103:02 30293397                  /home/byr/tmp/chukonu/cache/cached_code_2B5C059DEDDE5632C0BB33E012871086_0.so
7fffc1bff000-7fffc1c03000 ---p 00000000 00:00 0 
7fffc1c03000-7fffc2000000 rw-p 00000000 00:00 0 
7fffc2000000-7fffc2800000 rw-p 00000000 00:00 0 
7fffc287e000-7fffc287f000 ---p 00000000 00:00 0 
7fffc287f000-7fffc297f000 rw-p 00000000 00:00 0 
7fffc297f000-7fffc2980000 ---p 00000000 00:00 0 
7fffc2980000-7fffc2c80000 rw-p 00000000 00:00 0 
7fffc2c80000-7fffc3000000 rw-p 00000000 00:00 0 
7fffc3000000-7fffc31ec000 rw-p 00000000 00:00 0 
7fffc31ec000-7fffc3200000 ---p 00000000 00:00 0 
7fffc3200000-7fffc3600000 rw-p 00000000 00:00 0 
7fffc36ff000-7fffc3700000 ---p 00000000 00:00 0 
7fffc3700000-7fffc3800000 rw-p 00000000 00:00 0 
7fffc3800000-7fffc3c00000 rw-p 00000000 00:00 0 
7fffc3cff000-7fffc3d00000 ---p 00000000 00:00 0 
7fffc3d00000-7fffc3e00000 rw-p 00000000 00:00 0 
7fffc3e00000-7fffc4200000 rw-p 00000000 00:00 0 
7fffc42ff000-7fffc4300000 ---p 00000000 00:00 0 
7fffc4300000-7fffc4400000 rw-p 00000000 00:00 0 
7fffc4400000-7fffc4800000 rw-p 00000000 00:00 0 
7fffc48ff000-7fffc4900000 ---p 00000000 00:00 0 
7fffc4900000-7fffc4a00000 rw-p 00000000 00:00 0 
7fffc4a00000-7fffc4e00000 rw-p 00000000 00:00 0 
7fffc4eff000-7fffc4f00000 ---p 00000000 00:00 0 
7fffc4f00000-7fffc5000000 rw-p 00000000 00:00 0 
7fffc5000000-7fffc5400000 rw-p 00000000 00:00 0 
7fffc54ff000-7fffc5500000 ---p 00000000 00:00 0 
7fffc5500000-7fffc5600000 rw-p 00000000 00:00 0 
7fffc5600000-7fffc5a00000 rw-p 00000000 00:00 0 
7fffc5aff000-7fffc5b00000 ---p 00000000 00:00 0 
7fffc5b00000-7fffc5c00000 rw-p 00000000 00:00 0 
7fffc5c00000-7fffc6000000 rw-p 00000000 00:00 0 
7fffc60ff000-7fffc6100000 ---p 00000000 00:00 0 
7fffc6100000-7fffc6200000 rw-p 00000000 00:00 0 
7fffc6200000-7fffc6600000 rw-p 00000000 00:00 0 
7fffc66ff000-7fffc6700000 ---p 00000000 00:00 0 
7fffc6700000-7fffc6800000 rw-p 00000000 00:00 0 
7fffc6800000-7fffc7400000 rw-p 00000000 00:00 0 
7fffc747f000-7fffc7480000 ---p 00000000 00:00 0 
7fffc7480000-7fffc7780000 rw-p 00000000 00:00 0 
7fffc7780000-7fffc7a00000 rw-p 00000000 00:00 0 
7fffc7a00000-7fffc7c00000 rw-p 00000000 00:00 0 
7fffc7c00000-7fffc8000000 rw-p 00000000 00:00 0 
7fffc807f000-7fffc8083000 ---p 00000000 00:00 0 
7fffc8083000-7fffc8680000 rw-p 00000000 00:00 0 
7fffc8680000-7fffc8e00000 rw-p 00000000 00:00 0 
7fffc8efe000-7fffc8eff000 ---p 00000000 00:00 0 
7fffc8eff000-7fffc8fff000 rw-p 00000000 00:00 0 
7fffc8fff000-7fffc9003000 ---p 00000000 00:00 0 
7fffc9003000-7fffc9400000 rw-p 00000000 00:00 0 
7fffc9400000-7fffc9800000 rw-p 00000000 00:00 0 
7fffc98fe000-7fffc98ff000 ---p 00000000 00:00 0 
7fffc98ff000-7fffc99ff000 rw-p 00000000 00:00 0 
7fffc99ff000-7fffc9a03000 ---p 00000000 00:00 0 
7fffc9a03000-7fffca000000 rw-p 00000000 00:00 0 
7fffca000000-7fffca400000 rw-p 00000000 00:00 0 
7fffca403000-7fffca488000 r--p 00000000 103:02 30306837                  /home/byr/tmp/chukonu/cache/cached_code_4594EEB48F957DD66FAD8F331C9633B2_0.so
7fffca488000-7fffca4cf000 r-xp 00085000 103:02 30306837                  /home/byr/tmp/chukonu/cache/cached_code_4594EEB48F957DD66FAD8F331C9633B2_0.so
7fffca4cf000-7fffca4f5000 r--p 000cc000 103:02 30306837                  /home/byr/tmp/chukonu/cache/cached_code_4594EEB48F957DD66FAD8F331C9633B2_0.so
7fffca4f5000-7fffca4f8000 r--p 000f1000 103:02 30306837                  /home/byr/tmp/chukonu/cache/cached_code_4594EEB48F957DD66FAD8F331C9633B2_0.so
7fffca4f8000-7fffca4fd000 rw-p 000f4000 103:02 30306837                  /home/byr/tmp/chukonu/cache/cached_code_4594EEB48F957DD66FAD8F331C9633B2_0.so
7fffca4fd000-7fffca588000 r--p 00000000 103:02 30293405                  /home/byr/tmp/chukonu/cache/cached_code_03126E80652C4D63CAD69BC89683ADF1_0.so
7fffca588000-7fffca5d1000 r-xp 0008b000 103:02 30293405                  /home/byr/tmp/chukonu/cache/cached_code_03126E80652C4D63CAD69BC89683ADF1_0.so
7fffca5d1000-7fffca5f8000 r--p 000d4000 103:02 30293405                  /home/byr/tmp/chukonu/cache/cached_code_03126E80652C4D63CAD69BC89683ADF1_0.so
7fffca5f8000-7fffca5fb000 r--p 000fa000 103:02 30293405                  /home/byr/tmp/chukonu/cache/cached_code_03126E80652C4D63CAD69BC89683ADF1_0.so
7fffca5fb000-7fffca600000 rw-p 000fd000 103:02 30293405                  /home/byr/tmp/chukonu/cache/cached_code_03126E80652C4D63CAD69BC89683ADF1_0.so
7fffca600000-7fffce600000 rw-p 00000000 00:00 0 
7fffce6d1000-7fffce775000 r--p 00000000 103:02 30293393                  /home/byr/tmp/chukonu/cache/cached_code_22104E81AA18F06600600E481BF5BC9F_0.so
7fffce775000-7fffce7c9000 r-xp 000a4000 103:02 30293393                  /home/byr/tmp/chukonu/cache/cached_code_22104E81AA18F06600600E481BF5BC9F_0.so
7fffce7c9000-7fffce7f6000 r--p 000f8000 103:02 30293393                  /home/byr/tmp/chukonu/cache/cached_code_22104E81AA18F06600600E481BF5BC9F_0.so
7fffce7f6000-7fffce7f7000 ---p 00125000 103:02 30293393                  /home/byr/tmp/chukonu/cache/cached_code_22104E81AA18F06600600E481BF5BC9F_0.so
7fffce7f7000-7fffce7fa000 r--p 00125000 103:02 30293393                  /home/byr/tmp/chukonu/cache/cached_code_22104E81AA18F06600600E481BF5BC9F_0.so
7fffce7fa000-7fffce800000 rw-p 00128000 103:02 30293393                  /home/byr/tmp/chukonu/cache/cached_code_22104E81AA18F06600600E481BF5BC9F_0.so
7fffce800000-7fffcee00000 rw-p 00000000 00:00 0 
7fffcee00000-7fffcf600000 rw-p 00000000 00:00 0 
7fffcf602000-7fffcf68a000 r--p 00000000 103:02 30306833                  /home/byr/tmp/chukonu/cache/cached_code_CCBDD1CACEA1838C636B823505D82E7C_0.so
7fffcf68a000-7fffcf6d1000 r-xp 00088000 103:02 30306833                  /home/byr/tmp/chukonu/cache/cached_code_CCBDD1CACEA1838C636B823505D82E7C_0.so
7fffcf6d1000-7fffcf6f6000 r--p 000cf000 103:02 30306833                  /home/byr/tmp/chukonu/cache/cached_code_CCBDD1CACEA1838C636B823505D82E7C_0.so
7fffcf6f6000-7fffcf6f9000 r--p 000f3000 103:02 30306833                  /home/byr/tmp/chukonu/cache/cached_code_CCBDD1CACEA1838C636B823505D82E7C_0.so
7fffcf6f9000-7fffcf6fe000 rw-p 000f6000 103:02 30306833                  /home/byr/tmp/chukonu/cache/cached_code_CCBDD1CACEA1838C636B823505D82E7C_0.so
7fffcf6fe000-7fffcf6ff000 ---p 00000000 00:00 0 
7fffcf6ff000-7fffcf7ff000 rw-p 00000000 00:00 0 
7fffcf7ff000-7fffcf803000 ---p 00000000 00:00 0 
7fffcf803000-7fffcfc00000 rw-p 00000000 00:00 0 
7fffcfc00000-7fffd0800000 rw-p 00000000 00:00 0 
7fffd0881000-7fffd094f000 r--p 00000000 103:02 30277165                  /home/byr/tmp/chukonu/cache/cached_code_E4CB91E1295539972CF19A0EEB9D312F_0.so
7fffd094f000-7fffd09b9000 r-xp 000ce000 103:02 30277165                  /home/byr/tmp/chukonu/cache/cached_code_E4CB91E1295539972CF19A0EEB9D312F_0.so
7fffd09b9000-7fffd09f3000 r--p 00138000 103:02 30277165                  /home/byr/tmp/chukonu/cache/cached_code_E4CB91E1295539972CF19A0EEB9D312F_0.so
7fffd09f3000-7fffd09f4000 ---p 00172000 103:02 30277165                  /home/byr/tmp/chukonu/cache/cached_code_E4CB91E1295539972CF19A0EEB9D312F_0.so
7fffd09f4000-7fffd09f8000 r--p 00172000 103:02 30277165                  /home/byr/tmp/chukonu/cache/cached_code_E4CB91E1295539972CF19A0EEB9D312F_0.so
7fffd09f8000-7fffd09ff000 rw-p 00176000 103:02 30277165                  /home/byr/tmp/chukonu/cache/cached_code_E4CB91E1295539972CF19A0EEB9D312F_0.so
7fffd09ff000-7fffd0a03000 ---p 00000000 00:00 0 
7fffd0a03000-7fffd0e00000 rw-p 00000000 00:00 0 
7fffd0e00000-7fffd1a00000 rw-p 00000000 00:00 0 
7fffd1ac4000-7fffd1b70000 r--p 00000000 103:02 30277128                  /home/byr/tmp/chukonu/cache/cached_code_8D30F77635546E953A9868607E6243C9_0.so
7fffd1b70000-7fffd1bc7000 r-xp 000ac000 103:02 30277128                  /home/byr/tmp/chukonu/cache/cached_code_8D30F77635546E953A9868607E6243C9_0.so
7fffd1bc7000-7fffd1bf6000 r--p 00103000 103:02 30277128                  /home/byr/tmp/chukonu/cache/cached_code_8D30F77635546E953A9868607E6243C9_0.so
7fffd1bf6000-7fffd1bf9000 r--p 00131000 103:02 30277128                  /home/byr/tmp/chukonu/cache/cached_code_8D30F77635546E953A9868607E6243C9_0.so
7fffd1bf9000-7fffd1bff000 rw-p 00134000 103:02 30277128                  /home/byr/tmp/chukonu/cache/cached_code_8D30F77635546E953A9868607E6243C9_0.so
7fffd1bff000-7fffd1c03000 ---p 00000000 00:00 0 
7fffd1c03000-7fffd2000000 rw-p 00000000 00:00 0 
7fffd2000000-7fffd2400000 rw-p 00000000 00:00 0 
7fffd2409000-7fffd248d000 r--p 00000000 103:02 30306805                  /home/byr/tmp/chukonu/cache/cached_code_42CD17BC69F5FE8BD1F5C17C7D30D2F6_0.so
7fffd248d000-7fffd24d2000 r-xp 00084000 103:02 30306805                  /home/byr/tmp/chukonu/cache/cached_code_42CD17BC69F5FE8BD1F5C17C7D30D2F6_0.so
7fffd24d2000-7fffd24f6000 r--p 000c9000 103:02 30306805                  /home/byr/tmp/chukonu/cache/cached_code_42CD17BC69F5FE8BD1F5C17C7D30D2F6_0.so
7fffd24f6000-7fffd24f9000 r--p 000ec000 103:02 30306805                  /home/byr/tmp/chukonu/cache/cached_code_42CD17BC69F5FE8BD1F5C17C7D30D2F6_0.so
7fffd24f9000-7fffd24fe000 rw-p 000ef000 103:02 30306805                  /home/byr/tmp/chukonu/cache/cached_code_42CD17BC69F5FE8BD1F5C17C7D30D2F6_0.so
7fffd24fe000-7fffd2502000 ---p 00000000 00:00 0 
7fffd2502000-7fffd25ff000 rw-p 00000000 00:00 0 
7fffd25ff000-7fffd2603000 ---p 00000000 00:00 0 
7fffd2603000-7fffd2a00000 rw-p 00000000 00:00 0 
7fffd2a00000-7fffd2e00000 rw-p 00000000 00:00 0 
7fffd2e09000-7fffd2e8d000 r--p 00000000 103:02 30306797                  /home/byr/tmp/chukonu/cache/cached_code_7AD09191E248C26F7CFFB261D6A77B42_0.so
7fffd2e8d000-7fffd2ed2000 r-xp 00084000 103:02 30306797                  /home/byr/tmp/chukonu/cache/cached_code_7AD09191E248C26F7CFFB261D6A77B42_0.so
7fffd2ed2000-7fffd2ef6000 r--p 000c9000 103:02 30306797                  /home/byr/tmp/chukonu/cache/cached_code_7AD09191E248C26F7CFFB261D6A77B42_0.so
7fffd2ef6000-7fffd2ef9000 r--p 000ec000 103:02 30306797                  /home/byr/tmp/chukonu/cache/cached_code_7AD09191E248C26F7CFFB261D6A77B42_0.so
7fffd2ef9000-7fffd2efe000 rw-p 000ef000 103:02 30306797                  /home/byr/tmp/chukonu/cache/cached_code_7AD09191E248C26F7CFFB261D6A77B42_0.so
7fffd2efe000-7fffd2f02000 ---p 00000000 00:00 0 
7fffd2f02000-7fffd2fff000 rw-p 00000000 00:00 0 
7fffd2fff000-7fffd3003000 ---p 00000000 00:00 0 
7fffd3003000-7fffd3400000 rw-p 00000000 00:00 0 
7fffd3400000-7fffd3800000 rw-p 00000000 00:00 0 
7fffd388c000-7fffd39ff000 r--p 00000000 103:02 11594                     /usr/lib/locale/C.UTF-8/LC_COLLATE
7fffd39ff000-7fffd3a03000 ---p 00000000 00:00 0 
7fffd3a03000-7fffd3e00000 rw-p 00000000 00:00 0 
7fffd3e00000-7fffd4200000 rw-p 00000000 00:00 0 
7fffd4205000-7fffd428c000 r--p 00000000 103:02 30306712                  /home/byr/tmp/chukonu/cache/cached_code_B64ACCE658CB779DB4957D64646AA776_0.so
7fffd428c000-7fffd42d2000 r-xp 00087000 103:02 30306712                  /home/byr/tmp/chukonu/cache/cached_code_B64ACCE658CB779DB4957D64646AA776_0.so
7fffd42d2000-7fffd42f7000 r--p 000cd000 103:02 30306712                  /home/byr/tmp/chukonu/cache/cached_code_B64ACCE658CB779DB4957D64646AA776_0.so
7fffd42f7000-7fffd42fa000 r--p 000f1000 103:02 30306712                  /home/byr/tmp/chukonu/cache/cached_code_B64ACCE658CB779DB4957D64646AA776_0.so
7fffd42fa000-7fffd42ff000 rw-p 000f4000 103:02 30306712                  /home/byr/tmp/chukonu/cache/cached_code_B64ACCE658CB779DB4957D64646AA776_0.so
7fffd42ff000-7fffd4300000 ---p 00000000 00:00 0 
7fffd4300000-7fffd4c00000 rw-p 00000000 00:00 0 
7fffd4c00000-7fffd5400000 rw-p 00000000 00:00 0 
7fffd5404000-7fffd548b000 r--p 00000000 103:02 30306708                  /home/byr/tmp/chukonu/cache/cached_code_B2B4FAF64F3CB51953D31E9E581B4AFA_0.so
7fffd548b000-7fffd54d1000 r-xp 00087000 103:02 30306708                  /home/byr/tmp/chukonu/cache/cached_code_B2B4FAF64F3CB51953D31E9E581B4AFA_0.so
7fffd54d1000-7fffd54f6000 r--p 000cd000 103:02 30306708                  /home/byr/tmp/chukonu/cache/cached_code_B2B4FAF64F3CB51953D31E9E581B4AFA_0.so
7fffd54f6000-7fffd54f9000 r--p 000f1000 103:02 30306708                  /home/byr/tmp/chukonu/cache/cached_code_B2B4FAF64F3CB51953D31E9E581B4AFA_0.so
7fffd54f9000-7fffd54fe000 rw-p 000f4000 103:02 30306708                  /home/byr/tmp/chukonu/cache/cached_code_B2B4FAF64F3CB51953D31E9E581B4AFA_0.so
7fffd54fe000-7fffd54ff000 ---p 00000000 00:00 0 
7fffd54ff000-7fffd55ff000 rw-p 00000000 00:00 0 
7fffd55ff000-7fffd5600000 ---p 00000000 00:00 0 
7fffd5600000-7fffd5700000 rw-p 00000000 00:00 0 
7fffd5700000-7fffd6c00000 rw-p 00000000 00:00 0 
7fffd6c00000-7fffd8c00000 rw-p 00000000 00:00 0 
7fffd8c00000-7fffd9000000 rw-p 00000000 00:00 0 
7fffd9004000-7fffd908c000 r--p 00000000 103:02 30293473                  /home/byr/tmp/chukonu/cache/cached_code_FA5352AACC2CC12C5F0DC4D2222A2C7F_0.so
7fffd908c000-7fffd90d2000 r-xp 00088000 103:02 30293473                  /home/byr/tmp/chukonu/cache/cached_code_FA5352AACC2CC12C5F0DC4D2222A2C7F_0.so
7fffd90d2000-7fffd90f7000 r--p 000ce000 103:02 30293473                  /home/byr/tmp/chukonu/cache/cached_code_FA5352AACC2CC12C5F0DC4D2222A2C7F_0.so
7fffd90f7000-7fffd90fa000 r--p 000f2000 103:02 30293473                  /home/byr/tmp/chukonu/cache/cached_code_FA5352AACC2CC12C5F0DC4D2222A2C7F_0.so
7fffd90fa000-7fffd90ff000 rw-p 000f5000 103:02 30293473                  /home/byr/tmp/chukonu/cache/cached_code_FA5352AACC2CC12C5F0DC4D2222A2C7F_0.so
7fffd90ff000-7fffd9100000 ---p 00000000 00:00 0 
7fffd9100000-7fffd9200000 rw-p 00000000 00:00 0 
7fffd9200000-7fffd9600000 rw-p 00000000 00:00 0 
7fffd966d000-7fffd96bd000 rw-p 00000000 00:00 0 
7fffd96bd000-7fffd96c3000 r--p 00000000 103:02 35908                     /usr/lib/x86_64-linux-gnu/libtbbmalloc.so.2
7fffd96c3000-7fffd96d4000 r-xp 00006000 103:02 35908                     /usr/lib/x86_64-linux-gnu/libtbbmalloc.so.2
7fffd96d4000-7fffd96db000 r--p 00017000 103:02 35908                     /usr/lib/x86_64-linux-gnu/libtbbmalloc.so.2
7fffd96db000-7fffd96dc000 r--p 0001d000 103:02 35908                     /usr/lib/x86_64-linux-gnu/libtbbmalloc.so.2
7fffd96dc000-7fffd96de000 rw-p 0001e000 103:02 35908                     /usr/lib/x86_64-linux-gnu/libtbbmalloc.so.2
7fffd96de000-7fffd96ff000 rw-p 00000000 00:00 0 
7fffd96ff000-7fffd9700000 ---p 00000000 00:00 0 
7fffd9700000-7fffdb768000 rw-p 00000000 00:00 0 
7fffdb768000-7fffdd7e0000 ---p 00000000 00:00 0 
7fffdd7e0000-7fffdd7e4000 rw-p 00000000 00:00 0 
7fffdd7e4000-7fffdd7f0000 ---p 00000000 00:00 0 
7fffdd7f0000-7fffdd7f4000 rw-p 00000000 00:00 0 
7fffdd7f4000-7fffdd800000 ---p 00000000 00:00 0 
7fffdd800000-7fffdf768000 rw-p 00000000 00:00 0 
7fffdf768000-7fffe17e0000 ---p 00000000 00:00 0 
7fffe17e0000-7fffe17e4000 rw-p 00000000 00:00 0 
7fffe17e4000-7fffe17f0000 ---p 00000000 00:00 0 
7fffe17f0000-7fffe17f4000 rw-p 00000000 00:00 0 
7fffe17f4000-7fffe1800000 ---p 00000000 00:00 0 
7fffe1800000-7fffe1bed000 rw-p 00000000 00:00 0 
7fffe1bed000-7fffe1ffc000 ---p 00000000 00:00 0 
7fffe1ffc000-7fffe1ffd000 rw-p 00000000 00:00 0 
7fffe1ffd000-7fffe1ffe000 ---p 00000000 00:00 0 
7fffe1ffe000-7fffe1fff000 rw-p 00000000 00:00 0 
7fffe1fff000-7fffe2000000 ---p 00000000 00:00 0 
7fffe2000000-7fffe23ed000 rw-p 00000000 00:00 0 
7fffe23ed000-7fffe27fc000 ---p 00000000 00:00 0 
7fffe27fc000-7fffe27fd000 rw-p 00000000 00:00 0 
7fffe27fd000-7fffe27fe000 ---p 00000000 00:00 0 
7fffe27fe000-7fffe27ff000 rw-p 00000000 00:00 0 
7fffe27ff000-7fffe2800000 ---p 00000000 00:00 0 
7fffe2800000-7fffe2bed000 rw-p 00000000 00:00 0 
7fffe2bed000-7fffe2ffc000 ---p 00000000 00:00 0 
7fffe2ffc000-7fffe2ffd000 rw-p 00000000 00:00 0 
7fffe2ffd000-7fffe2ffe000 ---p 00000000 00:00 0 
7fffe2ffe000-7fffe2fff000 rw-p 00000000 00:00 0 
7fffe2fff000-7fffe3000000 ---p 00000000 00:00 0 
7fffe3000000-7fffe4600000 rw-p 00000000 00:00 0 
7fffe461a000-7fffe461e000 ---p 00000000 00:00 0 
7fffe461e000-7fffe463c000 rw-p 00000000 00:00 0 
7fffe463c000-7fffe463d000 r--p 00000000 00:00 0 
7fffe463d000-7fffe47c6000 rw-p 00000000 00:00 0 
7fffe47c6000-7fffe9896000 rwxp 00000000 00:00 0 
7fffe9896000-7fffec7c6000 ---p 00000000 00:00 0 
7fffec7c6000-7ffff5000000 r--s 00000000 103:02 789003                    /usr/lib/jvm/java-11-openjdk-amd64/lib/modules
7ffff5000000-7ffff5400000 rw-p 00000000 00:00 0 
7ffff5400000-7ffff5404000 ---p 00000000 00:00 0 
7ffff5404000-7ffff5422000 rw-p 00000000 00:00 0 
7ffff5422000-7ffff5424000 r--p 00000000 103:02 788980                    /usr/lib/jvm/java-11-openjdk-amd64/lib/libmanagement_ext.so
7ffff5424000-7ffff5427000 r-xp 00002000 103:02 788980                    /usr/lib/jvm/java-11-openjdk-amd64/lib/libmanagement_ext.so
7ffff5427000-7ffff5428000 r--p 00005000 103:02 788980                    /usr/lib/jvm/java-11-openjdk-amd64/lib/libmanagement_ext.so
7ffff5428000-7ffff5429000 r--p 00006000 103:02 788980                    /usr/lib/jvm/java-11-openjdk-amd64/lib/libmanagement_ext.so
7ffff5429000-7ffff542a000 rw-p 00007000 103:02 788980                    /usr/lib/jvm/java-11-openjdk-amd64/lib/libmanagement_ext.so
7ffff542a000-7ffff542d000 r--p 00000000 103:02 788978                    /usr/lib/jvm/java-11-openjdk-amd64/lib/libmanagement.so
7ffff542d000-7ffff542e000 r-xp 00003000 103:02 788978                    /usr/lib/jvm/java-11-openjdk-amd64/lib/libmanagement.so
7ffff542e000-7ffff542f000 r--p 00004000 103:02 788978                    /usr/lib/jvm/java-11-openjdk-amd64/lib/libmanagement.so
7ffff542f000-7ffff5430000 r--p 00004000 103:02 788978                    /usr/lib/jvm/java-11-openjdk-amd64/lib/libmanagement.so
7ffff5430000-7ffff5431000 rw-p 00005000 103:02 788978                    /usr/lib/jvm/java-11-openjdk-amd64/lib/libmanagement.so
7ffff5431000-7ffff5432000 ---p 00000000 00:00 0 
7ffff5432000-7ffff5532000 rw-p 00000000 00:00 0 
7ffff5532000-7ffff5536000 ---p 00000000 00:00 0 
7ffff5536000-7ffff5933000 rw-p 00000000 00:00 0 
7ffff5933000-7ffff5bb6000 r--p 00000000 103:02 789009                    /usr/lib/jvm/java-11-openjdk-amd64/lib/server/libjvm.so
7ffff5bb6000-7ffff6848000 r-xp 00283000 103:02 789009                    /usr/lib/jvm/java-11-openjdk-amd64/lib/server/libjvm.so
7ffff6848000-7ffff6aaa000 r--p 00f15000 103:02 789009                    /usr/lib/jvm/java-11-openjdk-amd64/lib/server/libjvm.so
7ffff6aaa000-7ffff6b6e000 r--p 01176000 103:02 789009                    /usr/lib/jvm/java-11-openjdk-amd64/lib/server/libjvm.so
7ffff6b6e000-7ffff6ba9000 rw-p 0123a000 103:02 789009                    /usr/lib/jvm/java-11-openjdk-amd64/lib/server/libjvm.so
7ffff6ba9000-7ffff6c00000 rw-p 00000000 00:00 0 
7ffff6c00000-7ffff7400000 rw-p 00000000 00:00 0 
7ffff7400000-7ffff7401000 r--p 00000000 103:02 788970                    /usr/lib/jvm/java-11-openjdk-amd64/lib/libjaas.so
7ffff7401000-7ffff7402000 r-xp 00001000 103:02 788970                    /usr/lib/jvm/java-11-openjdk-amd64/lib/libjaas.so
7ffff7402000-7ffff7403000 r--p 00002000 103:02 788970                    /usr/lib/jvm/java-11-openjdk-amd64/lib/libjaas.so
7ffff7403000-7ffff7404000 r--p 00002000 103:02 788970                    /usr/lib/jvm/java-11-openjdk-amd64/lib/libjaas.so
7ffff7404000-7ffff7405000 rw-p 00003000 103:02 788970                    /usr/lib/jvm/java-11-openjdk-amd64/lib/libjaas.so
7ffff7405000-7ffff7406000 r--p 00000000 103:02 788964                    /usr/lib/jvm/java-11-openjdk-amd64/lib/libextnet.so
7ffff7406000-7ffff7407000 r-xp 00001000 103:02 788964                    /usr/lib/jvm/java-11-openjdk-amd64/lib/libextnet.so
7ffff7407000-7ffff7408000 r--p 00002000 103:02 788964                    /usr/lib/jvm/java-11-openjdk-amd64/lib/libextnet.so
7ffff7408000-7ffff7409000 r--p 00002000 103:02 788964                    /usr/lib/jvm/java-11-openjdk-amd64/lib/libextnet.so
7ffff7409000-7ffff740a000 rw-p 00003000 103:02 788964                    /usr/lib/jvm/java-11-openjdk-amd64/lib/libextnet.so
7ffff740a000-7ffff740e000 r--p 00000000 103:02 788983                    /usr/lib/jvm/java-11-openjdk-amd64/lib/libnet.so
7ffff740e000-7ffff741c000 r-xp 00004000 103:02 788983                    /usr/lib/jvm/java-11-openjdk-amd64/lib/libnet.so
7ffff741c000-7ffff7420000 r--p 00012000 103:02 788983                    /usr/lib/jvm/java-11-openjdk-amd64/lib/libnet.so
7ffff7420000-7ffff7421000 r--p 00015000 103:02 788983                    /usr/lib/jvm/java-11-openjdk-amd64/lib/libnet.so
7ffff7421000-7ffff7422000 rw-p 00016000 103:02 788983                    /usr/lib/jvm/java-11-openjdk-amd64/lib/libnet.so
7ffff7422000-7ffff7429000 r--p 00000000 103:02 788985                    /usr/lib/jvm/java-11-openjdk-amd64/lib/libnio.so
7ffff7429000-7ffff7431000 r-xp 00007000 103:02 788985                    /usr/lib/jvm/java-11-openjdk-amd64/lib/libnio.so
7ffff7431000-7ffff7434000 r--p 0000f000 103:02 788985                    /usr/lib/jvm/java-11-openjdk-amd64/lib/libnio.so
7ffff7434000-7ffff7435000 r--p 00011000 103:02 788985                    /usr/lib/jvm/java-11-openjdk-amd64/lib/libnio.so
7ffff7435000-7ffff7436000 rw-p 00012000 103:02 788985                    /usr/lib/jvm/java-11-openjdk-amd64/lib/libnio.so
7ffff7436000-7ffff7468000 r--p 00000000 103:02 11595                     /usr/lib/locale/C.UTF-8/LC_CTYPE
7ffff7468000-7ffff7469000 r--p 00000000 103:02 13513                     /usr/lib/locale/C.UTF-8/LC_NUMERIC
7ffff7469000-7ffff746a000 r--p 00000000 103:02 13592                     /usr/lib/locale/C.UTF-8/LC_TIME
7ffff746a000-7ffff746b000 r--p 00000000 103:02 13466                     /usr/lib/locale/C.UTF-8/LC_MONETARY
7ffff746b000-7ffff746c000 r--p 00000000 103:02 11599                     /usr/lib/locale/C.UTF-8/LC_MESSAGES/SYS_LC_MESSAGES
7ffff746c000-7ffff746d000 r--p 00000000 103:02 13581                     /usr/lib/locale/C.UTF-8/LC_PAPER
7ffff746d000-7ffff746e000 r--p 00000000 103:02 13500                     /usr/lib/locale/C.UTF-8/LC_NAME
7ffff746e000-7ffff7475000 r--s 00000000 103:02 19430                     /usr/lib/x86_64-linux-gnu/gconv/gconv-modules.cache
7ffff7475000-7ffff7517000 rw-p 00000000 00:00 0 
7ffff7517000-7ffff7575000 ---p 00000000 00:00 0 
7ffff7575000-7ffff7578000 r--p 00000000 103:02 19171                     /usr/lib/x86_64-linux-gnu/libnss_files-2.31.so
7ffff7578000-7ffff757f000 r-xp 00003000 103:02 19171                     /usr/lib/x86_64-linux-gnu/libnss_files-2.31.so
7ffff757f000-7ffff7581000 r--p 0000a000 103:02 19171                     /usr/lib/x86_64-linux-gnu/libnss_files-2.31.so
7ffff7581000-7ffff7582000 r--p 0000b000 103:02 19171                     /usr/lib/x86_64-linux-gnu/libnss_files-2.31.so
7ffff7582000-7ffff7583000 rw-p 0000c000 103:02 19171                     /usr/lib/x86_64-linux-gnu/libnss_files-2.31.so
7ffff7583000-7ffff7589000 rw-p 00000000 00:00 0 
7ffff7589000-7ffff758a000 r--p 00000000 103:02 11593                     /usr/lib/locale/C.UTF-8/LC_ADDRESS
7ffff758a000-7ffff758b000 r--p 00000000 103:02 13589                     /usr/lib/locale/C.UTF-8/LC_TELEPHONE
7ffff758b000-7ffff758d000 r--p 00000000 103:02 789001                    /usr/lib/jvm/java-11-openjdk-amd64/lib/libzip.so
7ffff758d000-7ffff7592000 r-xp 00002000 103:02 789001                    /usr/lib/jvm/java-11-openjdk-amd64/lib/libzip.so
7ffff7592000-7ffff7594000 r--p 00007000 103:02 789001                    /usr/lib/jvm/java-11-openjdk-amd64/lib/libzip.so
7ffff7594000-7ffff7595000 r--p 00008000 103:02 789001                    /usr/lib/jvm/java-11-openjdk-amd64/lib/libzip.so
7ffff7595000-7ffff7596000 rw-p 00009000 103:02 789001                    /usr/lib/jvm/java-11-openjdk-amd64/lib/libzip.so
7ffff7596000-7ffff759e000 rw-s 00000000 103:02 1548438                   /tmp/hsperfdata_byr/1759192
7ffff759e000-7ffff75a0000 r--p 00000000 103:02 788974                    /usr/lib/jvm/java-11-openjdk-amd64/lib/libjimage.so
7ffff75a0000-7ffff75a3000 r-xp 00002000 103:02 788974                    /usr/lib/jvm/java-11-openjdk-amd64/lib/libjimage.so
7ffff75a3000-7ffff75a4000 r--p 00005000 103:02 788974                    /usr/lib/jvm/java-11-openjdk-amd64/lib/libjimage.so
7ffff75a4000-7ffff75a5000 ---p 00006000 103:02 788974                    /usr/lib/jvm/java-11-openjdk-amd64/lib/libjimage.so
7ffff75a5000-7ffff75a6000 r--p 00006000 103:02 788974                    /usr/lib/jvm/java-11-openjdk-amd64/lib/libjimage.so
7ffff75a6000-7ffff75a7000 rw-p 00007000 103:02 788974                    /usr/lib/jvm/java-11-openjdk-amd64/lib/libjimage.so
7ffff75a7000-7ffff75b5000 r--p 00000000 103:02 788971                    /usr/lib/jvm/java-11-openjdk-amd64/lib/libjava.so
7ffff75b5000-7ffff75cb000 r-xp 0000e000 103:02 788971                    /usr/lib/jvm/java-11-openjdk-amd64/lib/libjava.so
7ffff75cb000-7ffff75d2000 r--p 00024000 103:02 788971                    /usr/lib/jvm/java-11-openjdk-amd64/lib/libjava.so
7ffff75d2000-7ffff75d3000 r--p 0002a000 103:02 788971                    /usr/lib/jvm/java-11-openjdk-amd64/lib/libjava.so
7ffff75d3000-7ffff75d4000 rw-p 0002b000 103:02 788971                    /usr/lib/jvm/java-11-openjdk-amd64/lib/libjava.so
7ffff75d4000-7ffff75d5000 rw-p 00000000 00:00 0 
7ffff75d5000-7ffff75d7000 r--p 00000000 103:02 19178                     /usr/lib/x86_64-linux-gnu/librt-2.31.so
7ffff75d7000-7ffff75db000 r-xp 00002000 103:02 19178                     /usr/lib/x86_64-linux-gnu/librt-2.31.so
7ffff75db000-7ffff75dd000 r--p 00006000 103:02 19178                     /usr/lib/x86_64-linux-gnu/librt-2.31.so
7ffff75dd000-7ffff75de000 r--p 00007000 103:02 19178                     /usr/lib/x86_64-linux-gnu/librt-2.31.so
7ffff75de000-7ffff75df000 rw-p 00008000 103:02 19178                     /usr/lib/x86_64-linux-gnu/librt-2.31.so
7ffff75df000-7ffff75ec000 rw-p 00000000 00:00 0 
7ffff75ec000-7ffff75fb000 r--p 00000000 103:02 35869                     /usr/lib/x86_64-linux-gnu/libtbb.so.2
7ffff75fb000-7ffff761d000 r-xp 0000f000 103:02 35869                     /usr/lib/x86_64-linux-gnu/libtbb.so.2
7ffff761d000-7ffff762b000 r--p 00031000 103:02 35869                     /usr/lib/x86_64-linux-gnu/libtbb.so.2
7ffff762b000-7ffff762d000 r--p 0003e000 103:02 35869                     /usr/lib/x86_64-linux-gnu/libtbb.so.2
7ffff762d000-7ffff7630000 rw-p 00040000 103:02 35869                     /usr/lib/x86_64-linux-gnu/libtbb.so.2
7ffff7630000-7ffff7632000 rw-p 00000000 00:00 0 
7ffff7632000-7ffff7635000 r--p 00000000 103:02 33338                     /usr/lib/x86_64-linux-gnu/libgcc_s.so.1
7ffff7635000-7ffff7647000 r-xp 00003000 103:02 33338                     /usr/lib/x86_64-linux-gnu/libgcc_s.so.1
7ffff7647000-7ffff764b000 r--p 00015000 103:02 33338                     /usr/lib/x86_64-linux-gnu/libgcc_s.so.1
7ffff764b000-7ffff764c000 r--p 00018000 103:02 33338                     /usr/lib/x86_64-linux-gnu/libgcc_s.so.1
7ffff764c000-7ffff764d000 rw-p 00019000 103:02 33338                     /usr/lib/x86_64-linux-gnu/libgcc_s.so.1
7ffff764d000-7ffff76e3000 r--p 00000000 103:02 20935                     /usr/lib/x86_64-linux-gnu/libstdc++.so.6.0.28
7ffff76e3000-7ffff77d4000 r-xp 00096000 103:02 20935                     /usr/lib/x86_64-linux-gnu/libstdc++.so.6.0.28
7ffff77d4000-7ffff781d000 r--p 00187000 103:02 20935                     /usr/lib/x86_64-linux-gnu/libstdc++.so.6.0.28
7ffff781d000-7ffff781e000 ---p 001d0000 103:02 20935                     /usr/lib/x86_64-linux-gnu/libstdc++.so.6.0.28
7ffff781e000-7ffff7829000 r--p 001d0000 103:02 20935                     /usr/lib/x86_64-linux-gnu/libstdc++.so.6.0.28
7ffff7829000-7ffff782c000 rw-p 001db000 103:02 20935                     /usr/lib/x86_64-linux-gnu/libstdc++.so.6.0.28
7ffff782c000-7ffff782f000 rw-p 00000000 00:00 0 
7ffff782f000-7ffff783c000 r--p 00000000 103:02 19165                     /usr/lib/x86_64-linux-gnu/libm-2.31.so
7ffff783c000-7ffff78e3000 r-xp 0000d000 103:02 19165                     /usr/lib/x86_64-linux-gnu/libm-2.31.so
7ffff78e3000-7ffff797c000 r--p 000b4000 103:02 19165                     /usr/lib/x86_64-linux-gnu/libm-2.31.so
7ffff797c000-7ffff797d000 r--p 0014c000 103:02 19165                     /usr/lib/x86_64-linux-gnu/libm-2.31.so
7ffff797d000-7ffff797e000 rw-p 0014d000 103:02 19165                     /usr/lib/x86_64-linux-gnu/libm-2.31.so
7ffff797e000-7ffff79a0000 r--p 00000000 103:02 19163                     /usr/lib/x86_64-linux-gnu/libc-2.31.so
7ffff79a0000-7ffff7b18000 r-xp 00022000 103:02 19163                     /usr/lib/x86_64-linux-gnu/libc-2.31.so
7ffff7b18000-7ffff7b66000 r--p 0019a000 103:02 19163                     /usr/lib/x86_64-linux-gnu/libc-2.31.so
7ffff7b66000-7ffff7b6a000 r--p 001e7000 103:02 19163                     /usr/lib/x86_64-linux-gnu/libc-2.31.so
7ffff7b6a000-7ffff7b6c000 rw-p 001eb000 103:02 19163                     /usr/lib/x86_64-linux-gnu/libc-2.31.so
7ffff7b6c000-7ffff7b70000 rw-p 00000000 00:00 0 
7ffff7b70000-7ffff7b71000 r--p 00000000 103:02 19164                     /usr/lib/x86_64-linux-gnu/libdl-2.31.so
7ffff7b71000-7ffff7b73000 r-xp 00001000 103:02 19164                     /usr/lib/x86_64-linux-gnu/libdl-2.31.so
7ffff7b73000-7ffff7b74000 r--p 00003000 103:02 19164                     /usr/lib/x86_64-linux-gnu/libdl-2.31.so
7ffff7b74000-7ffff7b75000 r--p 00003000 103:02 19164                     /usr/lib/x86_64-linux-gnu/libdl-2.31.so
7ffff7b75000-7ffff7b76000 rw-p 00004000 103:02 19164                     /usr/lib/x86_64-linux-gnu/libdl-2.31.so
7ffff7b76000-7ffff7b78000 rw-p 00000000 00:00 0 
7ffff7b78000-7ffff7b7b000 r--p 00000000 103:02 788956                    /usr/lib/jvm/java-11-openjdk-amd64/lib/jli/libjli.so
7ffff7b7b000-7ffff7b85000 r-xp 00003000 103:02 788956                    /usr/lib/jvm/java-11-openjdk-amd64/lib/jli/libjli.so
7ffff7b85000-7ffff7b88000 r--p 0000d000 103:02 788956                    /usr/lib/jvm/java-11-openjdk-amd64/lib/jli/libjli.so
7ffff7b88000-7ffff7b89000 ---p 00010000 103:02 788956                    /usr/lib/jvm/java-11-openjdk-amd64/lib/jli/libjli.so
7ffff7b89000-7ffff7b8a000 r--p 00010000 103:02 788956                    /usr/lib/jvm/java-11-openjdk-amd64/lib/jli/libjli.so
7ffff7b8a000-7ffff7b8b000 rw-p 00011000 103:02 788956                    /usr/lib/jvm/java-11-openjdk-amd64/lib/jli/libjli.so
7ffff7b8b000-7ffff7b91000 r--p 00000000 103:02 19176                     /usr/lib/x86_64-linux-gnu/libpthread-2.31.so
7ffff7b91000-7ffff7ba2000 r-xp 00006000 103:02 19176                     /usr/lib/x86_64-linux-gnu/libpthread-2.31.so
7ffff7ba2000-7ffff7ba8000 r--p 00017000 103:02 19176                     /usr/lib/x86_64-linux-gnu/libpthread-2.31.so
7ffff7ba8000-7ffff7ba9000 r--p 0001c000 103:02 19176                     /usr/lib/x86_64-linux-gnu/libpthread-2.31.so
7ffff7ba9000-7ffff7baa000 rw-p 0001d000 103:02 19176                     /usr/lib/x86_64-linux-gnu/libpthread-2.31.so
7ffff7baa000-7ffff7bae000 rw-p 00000000 00:00 0 
7ffff7bae000-7ffff7bb0000 r--p 00000000 103:02 3849                      /usr/lib/x86_64-linux-gnu/libz.so.1.2.11
7ffff7bb0000-7ffff7bc1000 r-xp 00002000 103:02 3849                      /usr/lib/x86_64-linux-gnu/libz.so.1.2.11
7ffff7bc1000-7ffff7bc7000 r--p 00013000 103:02 3849                      /usr/lib/x86_64-linux-gnu/libz.so.1.2.11
7ffff7bc7000-7ffff7bc8000 ---p 00019000 103:02 3849                      /usr/lib/x86_64-linux-gnu/libz.so.1.2.11
7ffff7bc8000-7ffff7bc9000 r--p 00019000 103:02 3849                      /usr/lib/x86_64-linux-gnu/libz.so.1.2.11
7ffff7bc9000-7ffff7bca000 rw-p 0001a000 103:02 3849                      /usr/lib/x86_64-linux-gnu/libz.so.1.2.11
7ffff7bca000-7ffff7bcb000 r--p 00000000 103:02 11597                     /usr/lib/locale/C.UTF-8/LC_MEASUREMENT
7ffff7bcb000-7ffff7bcc000 ---p 00000000 00:00 0 
7ffff7bcc000-7ffff7bcd000 r--p 00000000 00:00 0 
7ffff7bcd000-7ffff7bd2000 r--p 00000000 103:02 788999                    /usr/lib/jvm/java-11-openjdk-amd64/lib/libverify.so
7ffff7bd2000-7ffff7bd9000 r-xp 00005000 103:02 788999                    /usr/lib/jvm/java-11-openjdk-amd64/lib/libverify.so
7ffff7bd9000-7ffff7bdb000 r--p 0000c000 103:02 788999                    /usr/lib/jvm/java-11-openjdk-amd64/lib/libverify.so
7ffff7bdb000-7ffff7bdc000 ---p 0000e000 103:02 788999                    /usr/lib/jvm/java-11-openjdk-amd64/lib/libverify.so
7ffff7bdc000-7ffff7bde000 r--p 0000e000 103:02 788999                    /usr/lib/jvm/java-11-openjdk-amd64/lib/libverify.so
7ffff7bde000-7ffff7bdf000 rw-p 00010000 103:02 788999                    /usr/lib/jvm/java-11-openjdk-amd64/lib/libverify.so
7ffff7bdf000-7ffff7c2f000 r--p 00000000 00:89 90611437                   /opt/nfs/byr/chukonu_install/lib/libchukonu.so
7ffff7c2f000-7ffff7cb1000 r-xp 00050000 00:89 90611437                   /opt/nfs/byr/chukonu_install/lib/libchukonu.so
7ffff7cb1000-7ffff7ce1000 r--p 000d2000 00:89 90611437                   /opt/nfs/byr/chukonu_install/lib/libchukonu.so
7ffff7ce1000-7ffff7ce8000 r--p 00101000 00:89 90611437                   /opt/nfs/byr/chukonu_install/lib/libchukonu.so
7ffff7ce8000-7ffff7cea000 rw-p 00108000 00:89 90611437                   /opt/nfs/byr/chukonu_install/lib/libchukonu.so
7ffff7cea000-7ffff7ceb000 rw-p 00000000 00:00 0 
7ffff7ceb000-7ffff7cf2000 r--p 00000000 103:02 68098                     /usr/lib/x86_64-linux-gnu/libjemalloc.so.2
7ffff7cf2000-7ffff7d8b000 r-xp 00007000 103:02 68098                     /usr/lib/x86_64-linux-gnu/libjemalloc.so.2
7ffff7d8b000-7ffff7d9b000 r--p 000a0000 103:02 68098                     /usr/lib/x86_64-linux-gnu/libjemalloc.so.2
7ffff7d9b000-7ffff7d9c000 ---p 000b0000 103:02 68098                     /usr/lib/x86_64-linux-gnu/libjemalloc.so.2
7ffff7d9c000-7ffff7da1000 r--p 000b0000 103:02 68098                     /usr/lib/x86_64-linux-gnu/libjemalloc.so.2
7ffff7da1000-7ffff7da2000 rw-p 000b5000 103:02 68098                     /usr/lib/x86_64-linux-gnu/libjemalloc.so.2
7ffff7da2000-7ffff7fc9000 rw-p 00000000 00:00 0 
7ffff7fc9000-7ffff7fcd000 r--p 00000000 00:00 0                          [vvar]
7ffff7fcd000-7ffff7fcf000 r-xp 00000000 00:00 0                          [vdso]
7ffff7fcf000-7ffff7fd0000 r--p 00000000 103:02 19159                     /usr/lib/x86_64-linux-gnu/ld-2.31.so
7ffff7fd0000-7ffff7ff3000 r-xp 00001000 103:02 19159                     /usr/lib/x86_64-linux-gnu/ld-2.31.so
7ffff7ff3000-7ffff7ffb000 r--p 00024000 103:02 19159                     /usr/lib/x86_64-linux-gnu/ld-2.31.so
7ffff7ffb000-7ffff7ffc000 r--p 00000000 103:02 11596                     /usr/lib/locale/C.UTF-8/LC_IDENTIFICATION
7ffff7ffc000-7ffff7ffd000 r--p 0002c000 103:02 19159                     /usr/lib/x86_64-linux-gnu/ld-2.31.so
7ffff7ffd000-7ffff7ffe000 rw-p 0002d000 103:02 19159                     /usr/lib/x86_64-linux-gnu/ld-2.31.so
7ffff7ffe000-7ffff7fff000 rw-p 00000000 00:00 0 
7ffffffd3000-7ffffffff000 rw-p 00000000 00:00 0                          [stack]
ffffffffff600000-ffffffffff601000 --xp 00000000 00:00 0                  [vsyscall]


VM Arguments:
jvm_args: -Xmx4g -XX:MaxMetaspaceSize=1300m -Djava.io.tmpdir=/home/byr/opt/spark/target/tmp -Dspark.test.home=/home/byr/opt/spark -Dspark.testing=1 -Dspark.port.maxRetries=100 -Dspark.master.rest.enabled=false -Dspark.memory.debugFill=true -Dspark.ui.enabled=false -Dspark.ui.showConsoleProgress=false -Dspark.unsafe.exceptionOnMemoryLeak=true -Dspark.hadoop.hadoop.security.key.provider.path=test:/// -Dsun.io.serialization.extendedDebugInfo=false -Dderby.system.durability=test -Dio.netty.tryReflectionSetAccessible=true -ea -Xmx4g -Xss4m -XX:MaxMetaspaceSize=1300m -XX:ReservedCodeCacheSize=128m -Dfile.encoding=UTF-8 -XX:+IgnoreUnrecognizedVMOptions --add-opens=java.base/java.lang=ALL-UNNAMED --add-opens=java.base/java.lang.invoke=ALL-UNNAMED --add-opens=java.base/java.lang.reflect=ALL-UNNAMED --add-opens=java.base/java.io=ALL-UNNAMED --add-opens=java.base/java.net=ALL-UNNAMED --add-opens=java.base/java.nio=ALL-UNNAMED --add-opens=java.base/java.util=ALL-UNNAMED --add-opens=java.base/java.util.concurrent=ALL-UNNAMED --add-opens=java.base/java.util.concurrent.atomic=ALL-UNNAMED --add-opens=java.base/jdk.internal.ref=ALL-UNNAMED --add-opens=java.base/sun.nio.ch=ALL-UNNAMED --add-opens=java.base/sun.nio.cs=ALL-UNNAMED --add-opens=java.base/sun.security.action=ALL-UNNAMED --add-opens=java.base/sun.util.calendar=ALL-UNNAMED -Djdk.reflect.useDirectMethodHandle=false 
java_command: sbt.ForkMain 39501
java_class_path (initial): /home/byr/opt/spark/sql/core/target/scala-2.12/test-classes:/home/byr/opt/spark/sql/core/target/scala-2.12/spark-sql_2.12-3.4.4-SNAPSHOT.jar:/home/byr/opt/spark/core/target/scala-2.12/spark-core_2.12-3.4.4-SNAPSHOT.jar:/home/byr/opt/spark/common/unsafe/target/scala-2.12/spark-unsafe_2.12-3.4.4-SNAPSHOT.jar:/home/byr/opt/spark/common/tags/target/scala-2.12/spark-tags_2.12-3.4.4-SNAPSHOT.jar:/home/byr/opt/spark/common/network-shuffle/target/scala-2.12/spark-network-shuffle_2.12-3.4.4-SNAPSHOT.jar:/home/byr/opt/spark/common/network-common/target/scala-2.12/spark-network-common_2.12-3.4.4-SNAPSHOT.jar:/home/byr/opt/spark/launcher/target/scala-2.12/spark-launcher_2.12-3.4.4-SNAPSHOT.jar:/home/byr/opt/spark/common/kvstore/target/scala-2.12/spark-kvstore_2.12-3.4.4-SNAPSHOT.jar:/home/byr/opt/spark/common/tags/target/scala-2.12/test-classes:/home/byr/opt/spark/sql/catalyst/target/scala-2.12/spark-catalyst_2.12-3.4.4-SNAPSHOT.jar:/home/byr/opt/spark/sql/catalyst/target/scala-2.12/test-classes:/home/byr/opt/spark/common/sketch/target/scala-2.12/spark-sketch_2.12-3.4.4-SNAPSHOT.jar:/home/byr/opt/spark/core/target/scala-2.12/test-classes:/home/byr/opt/spark/launcher/target/scala-2.12/test-classes:/home/byr/opt/spark/common/network-shuffle/target/scala-2.12/test-classes:/home/byr/opt/spark/common/network-common/target/scala-2.12/test-classes:/opt/nfs/byr/chukonu_install/jar/chukonu_2.12-0.5.1.jar:/home/byr/.sbt/boot/scala-2.12.17/lib/scala-library.jar:/home/byr/.cache/coursier/v1/https/repo1.maven.org/maven2/org/rocksdb/rocksdbjni/7.9.2/rocksdbjni-7.9.2.jar:/home/byr/.cache/coursier/v1/https/repo1.maven.org/maven2/com/univocity/univocity-parsers/2.9.1/univocity-parsers-2.9.1.jar:/home/byr/.cache/coursier/v1/https/maven-central.storage-download.googleapis.com/maven2/org/apache/orc/orc-core/1.8.7/orc-core-1.8.7-shaded-protobuf.jar:/home/byr/.cache/coursier/v1/https/maven-central.storage-download.googleapis.com/maven2/org/apache/orc/orc-mapreduce/1.8.7/
Launcher Type: SUN_STANDARD

[Global flags]
     intx CICompilerCount                          = 12                                        {product} {ergonomic}
     uint ConcGCThreads                            = 3                                         {product} {ergonomic}
     uint G1ConcRefinementThreads                  = 13                                        {product} {ergonomic}
   size_t G1HeapRegionSize                         = 1048576                                   {product} {ergonomic}
    uintx GCDrainStackTargetSize                   = 64                                        {product} {ergonomic}
     bool IgnoreUnrecognizedVMOptions              = true                                      {product} {command line}
   size_t InitialHeapSize                          = 2078277632                                {product} {ergonomic}
   size_t MarkStackSize                            = 4194304                                   {product} {ergonomic}
   size_t MaxHeapSize                              = 4294967296                                {product} {command line}
   size_t MaxMetaspaceSize                         = 1363148800                                {product} {command line}
   size_t MaxNewSize                               = 2576351232                                {product} {ergonomic}
   size_t MinHeapDeltaBytes                        = 1048576                                   {product} {ergonomic}
    uintx NonProfiledCodeHeapSize                  = 0                                      {pd product} {ergonomic}
    uintx ProfiledCodeHeapSize                     = 0                                      {pd product} {ergonomic}
    uintx ReservedCodeCacheSize                    = 134217728                              {pd product} {command line}
     intx ThreadStackSize                          = 4096                                   {pd product} {command line}
     bool UseCompressedClassPointers               = true                                 {lp64_product} {ergonomic}
     bool UseCompressedOops                        = true                                 {lp64_product} {ergonomic}
     bool UseG1GC                                  = true                                      {product} {ergonomic}

Logging:
Log output configuration:
 #0: stdout all=warning uptime,level,tags
 #1: stderr all=off uptime,level,tags

Environment Variables:
JAVA_HOME=/usr/lib/jvm/java-11-openjdk-amd64
PATH=/home/byr/pyvenv-chukonu/bin:/home/byr/.local/bin:/opt/spark-3.4.1//bin:/opt/scala-2.12.18//bin:/opt/hive-4.0.0//bin:/usr/lib/jvm/java-11-openjdk-amd64/bin:/home/byr/.local/bin:/opt/spark-3.4.1//bin:/opt/scala-2.12.18//bin:/opt/hive-4.0.0//bin:/usr/lib/jvm/java-11-openjdk-amd64/bin:/usr/local/sbin:/usr/local/bin:/usr/sbin:/usr/bin:/sbin:/bin:/usr/games:/usr/local/games:/snap/bin:/opt/hadoop-3.3.3/bin:/opt/hadoop-3.3.3/sbin:/opt/hadoop-3.3.3/bin:/opt/hadoop-3.3.3/sbin
LD_LIBRARY_PATH=/home/byr/tmp/chukonu/cache:/opt/nfs/byr/chukonu_install//lib
LD_PRELOAD=/lib/x86_64-linux-gnu/libjemalloc.so.2:/opt/nfs/byr/chukonu_install//lib/libchukonu.so
SHELL=/bin/bash
LANG=C.UTF-8
TERM=screen

Signal Handlers:
SIGSEGV: [libjvm.so+0xea2ae0], sa_mask[0]=11111111011111111101111111111110, sa_flags=SA_RESTART|SA_SIGINFO
SIGBUS: [libjvm.so+0xea2ae0], sa_mask[0]=11111111011111111101111111111110, sa_flags=SA_RESTART|SA_SIGINFO
SIGFPE: [libjvm.so+0xea2ae0], sa_mask[0]=11111111011111111101111111111110, sa_flags=SA_RESTART|SA_SIGINFO
SIGPIPE: [libjvm.so+0xbe95d0], sa_mask[0]=11111111011111111101111111111110, sa_flags=SA_RESTART|SA_SIGINFO
SIGXFSZ: [libjvm.so+0xbe95d0], sa_mask[0]=11111111011111111101111111111110, sa_flags=SA_RESTART|SA_SIGINFO
SIGILL: [libjvm.so+0xea2ae0], sa_mask[0]=11111111011111111101111111111110, sa_flags=SA_RESTART|SA_SIGINFO
SIGUSR2: [libjvm.so+0xbe9470], sa_mask[0]=00100000000000000000000000000000, sa_flags=SA_RESTART|SA_SIGINFO
SIGHUP: [libjvm.so+0xbe9c30], sa_mask[0]=11111111011111111101111111111110, sa_flags=SA_RESTART|SA_SIGINFO
SIGINT: [libjvm.so+0xbe9c30], sa_mask[0]=11111111011111111101111111111110, sa_flags=SA_RESTART|SA_SIGINFO
SIGTERM: [libjvm.so+0xbe9c30], sa_mask[0]=11111111011111111101111111111110, sa_flags=SA_RESTART|SA_SIGINFO
SIGQUIT: [libjvm.so+0xbe9c30], sa_mask[0]=11111111011111111101111111111110, sa_flags=SA_RESTART|SA_SIGINFO


---------------  S Y S T E M  ---------------

OS:DISTRIB_ID=Ubuntu
DISTRIB_RELEASE=20.04
DISTRIB_CODENAME=focal
DISTRIB_DESCRIPTION="Ubuntu 20.04.6 LTS"
uname:Linux 5.15.0-1056-aws #61~20.04.1-Ubuntu SMP Wed Mar 13 17:40:41 UTC 2024 x86_64
OS uptime: 267 days 23:08 hours
libc:glibc 2.31 NPTL 2.31 
rlimit (soft/hard): STACK 8192k/infinity , CORE 0k/infinity , NPROC 507051/507051 , NOFILE 52706963/52706963 , AS infinity/infinity , CPU infinity/infinity , DATA infinity/infinity , FSIZE infinity/infinity , MEMLOCK 65536k/65536k
load average:1.20 1.49 1.37

/proc/meminfo:
MemTotal:       129821204 kB
MemFree:         4963368 kB
MemAvailable:   71184960 kB
Buffers:          548240 kB
Cached:         63561688 kB
SwapCached:            0 kB
Active:         51818444 kB
Inactive:       67842580 kB
Active(anon):       1884 kB
Inactive(anon): 55624556 kB
Active(file):   51816560 kB
Inactive(file): 12218024 kB
Unevictable:       25652 kB
Mlocked:           18536 kB
SwapTotal:             0 kB
SwapFree:              0 kB
Dirty:             51400 kB
Writeback:            12 kB
AnonPages:      55578072 kB
Mapped:          2243528 kB
Shmem:             59704 kB
KReclaimable:    3419320 kB
Slab:            4388620 kB
SReclaimable:    3419320 kB
SUnreclaim:       969300 kB
KernelStack:       57152 kB
PageTables:       182468 kB
NFS_Unstable:          0 kB
Bounce:                0 kB
WritebackTmp:          0 kB
CommitLimit:    64910600 kB
Committed_AS:   81835752 kB
VmallocTotal:   34359738367 kB
VmallocUsed:       88844 kB
VmallocChunk:          0 kB
Percpu:            33408 kB
HardwareCorrupted:     0 kB
AnonHugePages:         0 kB
ShmemHugePages:        0 kB
ShmemPmdMapped:        0 kB
FileHugePages:         0 kB
FilePmdMapped:         0 kB
HugePages_Total:       0
HugePages_Free:        0
HugePages_Rsvd:        0
HugePages_Surp:        0
Hugepagesize:       2048 kB
Hugetlb:               0 kB
DirectMap4k:     9785252 kB
DirectMap2M:    120221696 kB
DirectMap1G:     2097152 kB

/sys/kernel/mm/transparent_hugepage/enabled:
always [madvise] never
/sys/kernel/mm/transparent_hugepage/defrag (defrag/compaction efforts parameter):
always defer defer+madvise [madvise] never

Process Memory:
Virtual Size: 8597316K (peak: 15264720K)
Resident Set Size: 2826652K (peak: 2836732K) (anon: 2636692K, file: 189960K, shmem: 0K)
Swapped out: 0K
C-Heap outstanding allocations: 0K, retained: 0K
glibc malloc tunables: (default)

/proc/sys/kernel/threads-max (system-wide limit on the number of threads):
1014103
/proc/sys/vm/max_map_count (maximum number of memory map areas a process may have):
65530
/proc/sys/kernel/pid_max (system-wide limit on number of process identifiers):
4194304

container (cgroup) information:
container_type: cgroupv1
cpu_cpuset_cpus: 0-15
cpu_memory_nodes: 0
active_processor_count: 16
cpu_quota: no quota
cpu_period: 100000
cpu_shares: no shares
memory_limit_in_bytes: unlimited
memory_and_swap_limit_in_bytes: unlimited
memory_soft_limit_in_bytes: unlimited
memory_usage_in_bytes: 13560936 k
memory_max_usage_in_bytes: 33324736 k
kernel_memory_usage_in_bytes: 457724 k
kernel_memory_max_usage_in_bytes: unlimited
kernel_memory_limit_in_bytes: 2393124 k
maximum number of tasks: unlimited
current number of tasks: 410

KVM virtualization detected
Steal ticks since vm start: 20
Steal ticks percentage since vm start:  0.000

CPU:total 16 (initial active 16) (8 cores per cpu, 2 threads per core) family 6 model 106 stepping 6 microcode 0xd0003a5, cmov, cx8, fxsr, mmx, sse, sse2, sse3, ssse3, sse4.1, sse4.2, popcnt, avx, avx2, aes, clmul, erms, 3dnowpref, lzcnt, ht, tsc, tscinvbit, bmi1, bmi2, adx, evex, sha, fma
CPU Model and flags from /proc/cpuinfo:
model name	: Intel(R) Xeon(R) Platinum 8375C CPU @ 2.90GHz
flags		: fpu vme de pse tsc msr pae mce cx8 apic sep mtrr pge mca cmov pat pse36 clflush mmx fxsr sse sse2 ss ht syscall nx pdpe1gb rdtscp lm constant_tsc rep_good nopl xtopology nonstop_tsc cpuid aperfmperf tsc_known_freq pni pclmulqdq ssse3 fma cx16 pcid sse4_1 sse4_2 x2apic movbe popcnt tsc_deadline_timer aes xsave avx f16c rdrand hypervisor lahf_lm abm 3dnowprefetch invpcid_single ssbd ibrs ibpb stibp ibrs_enhanced fsgsbase tsc_adjust bmi1 avx2 smep bmi2 erms invpcid avx512f avx512dq rdseed adx smap avx512ifma clflushopt clwb avx512cd sha_ni avx512bw avx512vl xsaveopt xsavec xgetbv1 xsaves wbnoinvd ida arat avx512vbmi pku ospke avx512_vbmi2 gfni vaes vpclmulqdq avx512_vnni avx512_bitalg tme avx512_vpopcntdq rdpid md_clear flush_l1d arch_capabilities
Online cpus:
0-15
Offline cpus:

BIOS frequency limitation:
<Not Available>
Frequency switch latency (ns):
<Not Available>
Available cpu frequencies:
<Not Available>
Current governor:
<Not Available>
Core performance/turbo boost:
<Not Available>

Memory: 4k page, physical 129821204k(4963368k free), swap 0k(0k free)

vm_info: OpenJDK 64-Bit Server VM (11.0.25+9-post-Ubuntu-1ubuntu120.04) for linux-amd64 JRE (11.0.25+9-post-Ubuntu-1ubuntu120.04), built on Oct 22 2024 14:56:54 by "unknown" with gcc 10.5.0

END.
